ShipmentNumber,ExceptionCode,ExceptionDescription,ExceptionCategory,SeverityCode,ExceptionStatus,ExceptionDateTime,ResolvedDateTime,DelayMinutesImpact,ResponsibleParty,Notes
SHP0000008,MSCN,Missed Scan,Process,Medium,Closed,2025-06-15 03:33:49,2025-06-15 14:36:43,331,Operations,Expected scan was not captured on time.
SHP0000011,ADDR,Address Issue,Address,Medium,Closed,2025-05-23 16:01:03,2025-05-24 17:19:52,1258,Customer,Delivery address requires correction or validation.
SHP0000013,MSCN,Missed Scan,Process,Medium,Closed,2025-04-20 18:59:06,2025-04-21 09:45:15,318,Operations,Expected scan was not captured on time.
SHP0000027,DAMG,Damaged Shipment,Damage,High,Closed,2025-06-18 20:20:06,2025-06-20 18:55:30,1912,Carrier,Shipment flagged for damage inspection.
SHP0000028,CAP,Capacity Constraint,Capacity,Medium,Closed,2025-08-15 12:44:41,2025-08-16 09:55:06,536,Carrier,Shipment delayed due to available trailer or dock capacity.
SHP0000033,MSCN,Missed Scan,Process,Medium,Closed,2025-04-03 04:00:48,2025-04-03 15:22:47,420,Operations,Expected scan was not captured on time.
SHP0000034,MECH,Equipment Failure,Mechanical,High,Open,2025-01-18 05:48:31,,1185,Carrier,Equipment failure caused an operational delay.
SHP0000036,WX,Weather Delay,Weather,High,Closed,2025-03-18 14:58:28,2025-03-18 23:06:43,393,Carrier,Shipment delayed because of weather conditions.
SHP0000037,WX,Weather Delay,Weather,High,Closed,2025-03-25 00:19:46,2025-03-25 18:08:21,869,Carrier,Shipment delayed because of weather conditions.
SHP0000039,WX,Weather Delay,Weather,High,Closed,2025-06-21 20:54:40,2025-06-22 18:42:59,1083,Carrier,Shipment delayed because of weather conditions.
SHP0000041,CAP,Capacity Constraint,Capacity,Medium,Closed,2025-02-12 09:42:50,2025-02-13 02:10:07,358,Carrier,Shipment delayed due to available trailer or dock capacity.
SHP0000044,ADDR,Address Issue,Address,Medium,Closed,2025-02-23 23:26:22,2025-02-24 16:20:26,662,Customer,Delivery address requires correction or validation.
SHP0000045,ADDR,Address Issue,Address,Medium,Closed,2025-04-16 05:11:08,2025-04-16 16:06:01,325,Customer,Delivery address requires correction or validation.
SHP0000046,MSCN,Missed Scan,Process,Medium,Closed,2025-08-16 00:30:33,2025-08-16 04:16:25,160,Operations,Expected scan was not captured on time.
SHP0000052,MSCN,Missed Scan,Process,Medium,Closed,2025-09-28 21:28:08,2025-09-29 12:06:40,238,Operations,Expected scan was not captured on time.
SHP0000054,MECH,Equipment Failure,Mechanical,High,Open,2025-02-23 07:31:52,,449,Carrier,Equipment failure caused an operational delay.
SHP0000057,WX,Weather Delay,Weather,High,Open,2025-02-05 04:17:59,,1211,Carrier,Shipment delayed because of weather conditions.
SHP0000058,ADDR,Address Issue,Address,Medium,Closed,2025-08-08 02:29:54,2025-08-08 23:30:15,579,Customer,Delivery address requires correction or validation.
SHP0000059,ADDR,Address Issue,Address,Medium,Closed,2025-03-09 10:16:43,2025-03-09 22:28:56,182,Customer,Delivery address requires correction or validation.
SHP0000068,WX,Weather Delay,Weather,High,Closed,2025-02-01 17:55:26,2025-02-02 21:58:47,1679,Carrier,Shipment delayed because of weather conditions.
SHP0000070,WX,Weather Delay,Weather,High,Closed,2025-08-11 18:59:56,2025-08-13 03:09:14,1200,Carrier,Shipment delayed because of weather conditions.
SHP0000072,DAMG,Damaged Shipment,Damage,High,Closed,2025-05-18 03:00:21,2025-05-18 21:16:23,765,Carrier,Shipment flagged for damage inspection.
SHP0000073,DAMG,Damaged Shipment,Damage,High,Closed,2025-09-23 14:09:11,2025-09-24 09:38:31,555,Carrier,Shipment flagged for damage inspection.
SHP0000074,CAP,Capacity Constraint,Capacity,Medium,Closed,2025-03-11 07:13:45,2025-03-12 04:22:01,617,Carrier,Shipment delayed due to available trailer or dock capacity.
SHP0000076,ADDR,Address Issue,Address,Medium,Closed,2025-07-08 06:44:07,2025-07-08 17:25:22,511,Customer,Delivery address requires correction or validation.
SHP0000077,MSCN,Missed Scan,Process,Medium,Closed,2025-07-09 15:09:08,2025-07-10 02:59:03,451,Operations,Expected scan was not captured on time.
SHP0000079,DAMG,Damaged Shipment,Damage,High,Closed,2025-05-17 00:52:58,2025-05-18 06:15:24,1647,Carrier,Shipment flagged for damage inspection.
SHP0000081,MSCN,Missed Scan,Process,Medium,Closed,2025-03-16 07:00:08,2025-03-16 23:26:00,218,Operations,Expected scan was not captured on time.
SHP0000083,CAP,Capacity Constraint,Capacity,Medium,Closed,2025-07-09 20:59:35,2025-07-10 08:24:33,341,Carrier,Shipment delayed due to available trailer or dock capacity.
SHP0000088,CAP,Capacity Constraint,Capacity,Medium,Closed,2025-01-28 13:47:24,2025-01-29 11:08:31,756,Carrier,Shipment delayed due to available trailer or dock capacity.
SHP0000091,MSCN,Missed Scan,Process,Medium,Closed,2025-06-11 09:21:03,2025-06-11 14:48:08,343,Operations,Expected scan was not captured on time.
SHP0000094,ADDR,Address Issue,Address,Medium,Closed,2025-02-20 17:17:52,2025-02-21 14:22:36,1207,Customer,Delivery address requires correction or validation.
SHP0000097,ADDR,Address Issue,Address,Medium,Closed,2025-09-19 22:50:09,2025-09-20 22:02:50,515,Customer,Delivery address requires correction or validation.
SHP0000100,DAMG,Damaged Shipment,Damage,High,Closed,2025-07-20 13:57:47,2025-07-22 14:14:14,2491,Carrier,Shipment flagged for damage inspection.
SHP0000101,MSCN,Missed Scan,Process,Medium,Open,2025-04-04 16:32:49,,388,Operations,Expected scan was not captured on time.
SHP0000104,MSCN,Missed Scan,Process,Medium,Closed,2025-03-28 02:42:17,2025-03-28 12:09:16,178,Operations,Expected scan was not captured on time.
SHP0000106,DAMG,Damaged Shipment,Damage,High,Closed,2025-06-02 09:37:13,2025-06-03 05:25:19,683,Carrier,Shipment flagged for damage inspection.
SHP0000108,CAP,Capacity Constraint,Capacity,Medium,Closed,2025-04-06 13:42:05,2025-04-07 04:50:01,540,Carrier,Shipment delayed due to available trailer or dock capacity.
SHP0000111,ADDR,Address Issue,Address,Medium,Closed,2025-01-07 07:36:31,2025-01-08 13:03:39,1217,Customer,Delivery address requires correction or validation.
SHP0000112,ADDR,Address Issue,Address,Medium,Closed,2025-05-29 10:41:55,2025-05-30 01:23:27,285,Customer,Delivery address requires correction or validation.
SHP0000124,MECH,Equipment Failure,Mechanical,High,Closed,2025-09-17 02:05:05,2025-09-17 16:59:18,679,Carrier,Equipment failure caused an operational delay.
SHP0000132,DAMG,Damaged Shipment,Damage,High,Open,2025-09-04 23:02:29,,2211,Carrier,Shipment flagged for damage inspection.
SHP0000135,ADDR,Address Issue,Address,Medium,Closed,2025-05-26 06:19:56,2025-05-26 17:41:43,314,Customer,Delivery address requires correction or validation.
SHP0000141,ADDR,Address Issue,Address,Medium,Closed,2025-04-24 09:25:00,2025-04-25 00:09:22,143,Customer,Delivery address requires correction or validation.
SHP0000142,MSCN,Missed Scan,Process,Medium,Closed,2025-07-31 14:14:04,2025-08-01 02:13:16,320,Operations,Expected scan was not captured on time.
SHP0000143,CAP,Capacity Constraint,Capacity,Medium,Closed,2025-09-18 18:04:55,2025-09-19 07:31:32,387,Carrier,Shipment delayed due to available trailer or dock capacity.
SHP0000144,ADDR,Address Issue,Address,Medium,Closed,2025-01-04 11:21:57,2025-01-05 08:49:22,1070,Customer,Delivery address requires correction or validation.
SHP0000145,MSCN,Missed Scan,Process,Medium,Closed,2025-08-28 16:09:03,2025-08-29 09:22:11,151,Operations,Expected scan was not captured on time.
SHP0000149,MSCN,Missed Scan,Process,Medium,Closed,2025-05-27 19:43:09,2025-05-28 02:06:41,499,Operations,Expected scan was not captured on time.
SHP0000152,WX,Weather Delay,Weather,High,Closed,2025-06-22 08:54:55,2025-06-23 09:53:05,747,Carrier,Shipment delayed because of weather conditions.
SHP0000156,MSCN,Missed Scan,Process,Medium,Closed,2025-05-24 09:12:32,2025-05-24 23:01:56,501,Operations,Expected scan was not captured on time.
SHP0000160,MECH,Equipment Failure,Mechanical,High,Closed,2025-06-29 10:08:39,2025-06-30 07:56:32,1163,Carrier,Equipment failure caused an operational delay.
SHP0000161,DAMG,Damaged Shipment,Damage,High,Closed,2025-06-12 22:23:47,2025-06-13 19:25:59,612,Carrier,Shipment flagged for damage inspection.
SHP0000169,ADDR,Address Issue,Address,Medium,Closed,2025-09-05 11:29:43,2025-09-05 19:26:34,138,Customer,Delivery address requires correction or validation.
SHP0000173,WX,Weather Delay,Weather,High,Closed,2025-03-09 19:05:48,2025-03-10 09:52:37,868,Carrier,Shipment delayed because of weather conditions.
SHP0000175,MSCN,Missed Scan,Process,Medium,Closed,2025-02-28 19:35:25,2025-03-01 02:27:02,249,Operations,Expected scan was not captured on time.
SHP0000176,WX,Weather Delay,Weather,High,Closed,2025-04-25 00:17:31,2025-04-25 17:11:12,333,Carrier,Shipment delayed because of weather conditions.
SHP0000178,ADDR,Address Issue,Address,Medium,Open,2025-05-19 22:16:14,,1410,Customer,Delivery address requires correction or validation.
SHP0000180,WX,Weather Delay,Weather,High,Closed,2025-08-24 02:11:11,2025-08-24 21:14:32,597,Carrier,Shipment delayed because of weather conditions.
SHP0000182,DAMG,Damaged Shipment,Damage,High,Closed,2025-08-04 15:21:00,2025-08-06 00:31:35,1828,Carrier,Shipment flagged for damage inspection.
SHP0000185,WX,Weather Delay,Weather,High,Closed,2025-02-07 19:01:30,2025-02-09 07:17:31,1477,Carrier,Shipment delayed because of weather conditions.
SHP0000187,MECH,Equipment Failure,Mechanical,High,Closed,2025-03-14 05:06:15,2025-03-14 23:37:56,570,Carrier,Equipment failure caused an operational delay.
SHP0000188,DAMG,Damaged Shipment,Damage,High,Closed,2025-03-07 15:45:01,2025-03-09 16:37:53,2819,Carrier,Shipment flagged for damage inspection.
SHP0000189,ADDR,Address Issue,Address,Medium,Closed,2025-07-07 11:12:27,2025-07-08 14:08:50,1253,Customer,Delivery address requires correction or validation.
SHP0000198,DAMG,Damaged Shipment,Damage,High,Closed,2025-05-30 03:55:09,2025-05-31 02:49:22,844,Carrier,Shipment flagged for damage inspection.
SHP0000200,WX,Weather Delay,Weather,High,Closed,2025-07-29 11:08:06,2025-07-30 12:26:39,944,Carrier,Shipment delayed because of weather conditions.
SHP0000201,MSCN,Missed Scan,Process,Medium,Closed,2025-01-28 02:15:39,2025-01-28 14:08:18,517,Operations,Expected scan was not captured on time.
SHP0000205,ADDR,Address Issue,Address,Medium,Open,2025-02-24 12:31:50,,594,Customer,Delivery address requires correction or validation.
SHP0000207,DAMG,Damaged Shipment,Damage,High,Closed,2025-01-30 04:01:12,2025-01-30 23:03:04,844,Carrier,Shipment flagged for damage inspection.
SHP0000208,CAP,Capacity Constraint,Capacity,Medium,Closed,2025-07-28 20:01:15,2025-07-29 17:13:40,673,Carrier,Shipment delayed due to available trailer or dock capacity.
SHP0000211,WX,Weather Delay,Weather,High,Closed,2025-09-29 07:30:11,2025-09-30 02:46:48,1217,Carrier,Shipment delayed because of weather conditions.
SHP0000214,MSCN,Missed Scan,Process,Medium,Closed,2025-08-08 20:53:34,2025-08-09 05:04:07,400,Operations,Expected scan was not captured on time.
SHP0000215,WX,Weather Delay,Weather,High,Closed,2025-08-08 11:22:18,2025-08-09 02:25:04,729,Carrier,Shipment delayed because of weather conditions.
SHP0000219,WX,Weather Delay,Weather,High,Closed,2025-09-26 09:53:59,2025-09-27 12:39:38,1506,Carrier,Shipment delayed because of weather conditions.
SHP0000220,MSCN,Missed Scan,Process,Medium,Closed,2025-07-06 19:01:31,2025-07-07 10:31:12,246,Operations,Expected scan was not captured on time.
SHP0000221,MSCN,Missed Scan,Process,Medium,Closed,2025-08-13 00:07:37,2025-08-13 17:18:04,343,Operations,Expected scan was not captured on time.
SHP0000224,DAMG,Damaged Shipment,Damage,High,Closed,2025-08-26 18:27:28,2025-08-28 15:54:25,2450,Carrier,Shipment flagged for damage inspection.
SHP0000225,ADDR,Address Issue,Address,Medium,Closed,2025-03-26 08:55:29,2025-03-26 21:51:17,675,Customer,Delivery address requires correction or validation.
SHP0000226,ADDR,Address Issue,Address,Medium,Closed,2025-02-05 08:33:12,2025-02-06 14:21:32,1193,Customer,Delivery address requires correction or validation.
SHP0000228,WX,Weather Delay,Weather,High,Closed,2025-02-03 13:03:44,2025-02-04 20:30:09,1311,Carrier,Shipment delayed because of weather conditions.
SHP0000233,ADDR,Address Issue,Address,Medium,Closed,2025-01-17 05:52:32,2025-01-17 14:58:26,526,Customer,Delivery address requires correction or validation.
SHP0000235,WX,Weather Delay,Weather,High,Closed,2025-06-10 12:40:08,2025-06-11 05:20:26,320,Carrier,Shipment delayed because of weather conditions.
SHP0000238,MSCN,Missed Scan,Process,Medium,Closed,2025-08-10 12:20:57,2025-08-11 04:02:35,485,Operations,Expected scan was not captured on time.
SHP0000241,DAMG,Damaged Shipment,Damage,High,Closed,2025-06-15 04:28:51,2025-06-15 18:21:20,426,Carrier,Shipment flagged for damage inspection.
SHP0000242,DAMG,Damaged Shipment,Damage,High,Closed,2025-04-08 03:49:53,2025-04-10 09:35:43,2696,Carrier,Shipment flagged for damage inspection.
SHP0000244,DAMG,Damaged Shipment,Damage,High,Closed,2025-06-13 06:29:52,2025-06-14 16:35:30,1975,Carrier,Shipment flagged for damage inspection.
SHP0000245,MSCN,Missed Scan,Process,Medium,Closed,2025-08-14 10:49:23,2025-08-14 19:41:03,380,Operations,Expected scan was not captured on time.
SHP0000249,DAMG,Damaged Shipment,Damage,High,Closed,2025-07-13 14:16:38,2025-07-14 20:07:30,1801,Carrier,Shipment flagged for damage inspection.
SHP0000255,MSCN,Missed Scan,Process,Medium,Open,2025-08-23 20:56:54,,479,Operations,Expected scan was not captured on time.
SHP0000263,MECH,Equipment Failure,Mechanical,High,Closed,2025-01-02 01:12:36,2025-01-03 01:02:14,1029,Carrier,Equipment failure caused an operational delay.
SHP0000265,ADDR,Address Issue,Address,Medium,Open,2025-09-22 12:41:35,,844,Customer,Delivery address requires correction or validation.
SHP0000268,MSCN,Missed Scan,Process,Medium,Closed,2025-01-18 17:58:47,2025-01-18 19:50:50,189,Operations,Expected scan was not captured on time.
SHP0000272,WX,Weather Delay,Weather,High,Closed,2025-03-05 06:25:53,2025-03-05 19:41:50,459,Carrier,Shipment delayed because of weather conditions.
SHP0000273,ADDR,Address Issue,Address,Medium,Closed,2025-06-09 17:45:32,2025-06-10 01:12:56,279,Customer,Delivery address requires correction or validation.
SHP0000275,WX,Weather Delay,Weather,High,Closed,2025-06-09 16:14:43,2025-06-10 14:11:34,1285,Carrier,Shipment delayed because of weather conditions.
SHP0000276,WX,Weather Delay,Weather,High,Closed,2025-05-29 13:06:29,2025-05-30 21:15:31,1377,Carrier,Shipment delayed because of weather conditions.
SHP0000281,WX,Weather Delay,Weather,High,Closed,2025-04-14 05:31:15,2025-04-15 04:57:12,1451,Carrier,Shipment delayed because of weather conditions.
SHP0000282,ADDR,Address Issue,Address,Medium,Closed,2025-03-29 10:11:39,2025-03-30 04:22:41,826,Customer,Delivery address requires correction or validation.
SHP0000284,WX,Weather Delay,Weather,High,Closed,2025-07-10 02:15:41,2025-07-10 05:04:41,257,Carrier,Shipment delayed because of weather conditions.
SHP0000285,ADDR,Address Issue,Address,Medium,Closed,2025-09-16 09:32:00,2025-09-17 09:55:56,1279,Customer,Delivery address requires correction or validation.
SHP0000286,WX,Weather Delay,Weather,High,Closed,2025-01-28 07:39:36,2025-01-29 06:35:26,782,Carrier,Shipment delayed because of weather conditions.
SHP0000287,MSCN,Missed Scan,Process,Medium,Closed,2025-01-27 13:50:05,2025-01-28 02:22:55,364,Operations,Expected scan was not captured on time.
SHP0000291,ADDR,Address Issue,Address,Medium,Closed,2025-01-08 17:22:28,2025-01-09 06:00:50,149,Customer,Delivery address requires correction or validation.
SHP0000292,MECH,Equipment Failure,Mechanical,High,Closed,2025-04-29 03:19:03,2025-04-30 03:53:39,616,Carrier,Equipment failure caused an operational delay.
SHP0000293,CAP,Capacity Constraint,Capacity,Medium,Closed,2025-02-28 01:02:55,2025-03-01 00:19:44,783,Carrier,Shipment delayed due to available trailer or dock capacity.
SHP0000294,WX,Weather Delay,Weather,High,Closed,2025-08-18 02:33:02,2025-08-18 19:38:15,480,Carrier,Shipment delayed because of weather conditions.
SHP0000295,MSCN,Missed Scan,Process,Medium,Closed,2025-09-02 17:00:51,2025-09-03 06:31:57,201,Operations,Expected scan was not captured on time.
SHP0000296,WX,Weather Delay,Weather,High,Closed,2025-09-05 07:25:26,2025-09-06 08:16:33,1084,Carrier,Shipment delayed because of weather conditions.
SHP0000297,WX,Weather Delay,Weather,High,Closed,2025-03-16 11:54:56,2025-03-17 11:01:15,1193,Carrier,Shipment delayed because of weather conditions.
SHP0000301,CAP,Capacity Constraint,Capacity,Medium,Closed,2025-03-18 14:32:45,2025-03-18 23:47:56,587,Carrier,Shipment delayed due to available trailer or dock capacity.
SHP0000305,MSCN,Missed Scan,Process,Medium,Closed,2025-05-31 14:40:52,2025-06-01 09:21:39,386,Operations,Expected scan was not captured on time.
SHP0000306,ADDR,Address Issue,Address,Medium,Closed,2025-03-01 18:06:40,2025-03-02 03:18:05,434,Customer,Delivery address requires correction or validation.
SHP0000308,MSCN,Missed Scan,Process,Medium,Closed,2025-09-24 04:07:20,2025-09-24 13:49:06,50,Operations,Expected scan was not captured on time.
SHP0000309,MSCN,Missed Scan,Process,Medium,Closed,2025-07-17 05:19:42,2025-07-17 11:44:47,129,Operations,Expected scan was not captured on time.
SHP0000310,MECH,Equipment Failure,Mechanical,High,Closed,2025-06-12 06:38:37,2025-06-13 11:57:12,1048,Carrier,Equipment failure caused an operational delay.
SHP0000311,MECH,Equipment Failure,Mechanical,High,Closed,2025-06-19 04:18:38,2025-06-20 00:30:12,772,Carrier,Equipment failure caused an operational delay.
SHP0000312,DAMG,Damaged Shipment,Damage,High,Closed,2025-06-30 07:33:58,2025-06-30 19:25:00,633,Carrier,Shipment flagged for damage inspection.
SHP0000313,ADDR,Address Issue,Address,Medium,Open,2025-09-10 22:10:43,,849,Customer,Delivery address requires correction or validation.
SHP0000314,WX,Weather Delay,Weather,High,Closed,2025-05-13 10:28:09,2025-05-14 06:17:46,816,Carrier,Shipment delayed because of weather conditions.
SHP0000316,CAP,Capacity Constraint,Capacity,Medium,Closed,2025-09-11 06:05:19,2025-09-11 15:44:32,495,Carrier,Shipment delayed due to available trailer or dock capacity.
SHP0000317,WX,Weather Delay,Weather,High,Closed,2025-03-17 14:03:41,2025-03-18 05:00:58,808,Carrier,Shipment delayed because of weather conditions.
SHP0000318,MSCN,Missed Scan,Process,Medium,Closed,2025-07-16 00:22:49,2025-07-16 17:35:00,392,Operations,Expected scan was not captured on time.
SHP0000319,MSCN,Missed Scan,Process,Medium,Closed,2025-05-13 23:33:17,2025-05-14 14:09:20,227,Operations,Expected scan was not captured on time.
SHP0000323,MECH,Equipment Failure,Mechanical,High,Closed,2025-08-30 13:08:18,2025-08-31 05:01:23,1299,Carrier,Equipment failure caused an operational delay.
SHP0000326,ADDR,Address Issue,Address,Medium,Closed,2025-02-12 06:25:26,2025-02-13 03:53:22,985,Customer,Delivery address requires correction or validation.
SHP0000331,WX,Weather Delay,Weather,High,Closed,2025-06-09 22:04:56,2025-06-10 08:58:21,769,Carrier,Shipment delayed because of weather conditions.
SHP0000332,ADDR,Address Issue,Address,Medium,Closed,2025-05-26 05:27:27,2025-05-26 20:50:23,367,Customer,Delivery address requires correction or validation.
SHP0000333,DAMG,Damaged Shipment,Damage,High,Closed,2025-03-21 16:49:05,2025-03-22 12:21:12,2774,Carrier,Shipment flagged for damage inspection.
SHP0000334,DAMG,Damaged Shipment,Damage,High,Closed,2025-01-21 23:50:58,2025-01-23 07:52:41,1846,Carrier,Shipment flagged for damage inspection.
SHP0000338,WX,Weather Delay,Weather,High,Closed,2025-01-10 17:16:23,2025-01-11 12:50:52,1187,Carrier,Shipment delayed because of weather conditions.
SHP0000342,WX,Weather Delay,Weather,High,Closed,2025-04-27 10:06:31,2025-04-27 19:03:02,501,Carrier,Shipment delayed because of weather conditions.
SHP0000343,WX,Weather Delay,Weather,High,Closed,2025-08-29 09:37:46,2025-08-29 22:40:41,313,Carrier,Shipment delayed because of weather conditions.
SHP0000346,WX,Weather Delay,Weather,High,Closed,2025-09-26 12:43:46,2025-09-27 22:16:09,1558,Carrier,Shipment delayed because of weather conditions.
SHP0000350,DAMG,Damaged Shipment,Damage,High,Closed,2025-06-18 16:29:58,2025-06-20 08:39:30,1579,Carrier,Shipment flagged for damage inspection.
SHP0000353,DAMG,Damaged Shipment,Damage,High,Open,2025-06-27 08:32:25,,1964,Carrier,Shipment flagged for damage inspection.
SHP0000354,ADDR,Address Issue,Address,Medium,Open,2025-01-08 20:07:26,,1089,Customer,Delivery address requires correction or validation.
SHP0000358,WX,Weather Delay,Weather,High,Closed,2025-02-07 23:19:40,2025-02-08 09:57:05,660,Carrier,Shipment delayed because of weather conditions.
SHP0000359,ADDR,Address Issue,Address,Medium,Closed,2025-06-23 07:37:28,2025-06-24 11:48:34,969,Customer,Delivery address requires correction or validation.
SHP0000360,DAMG,Damaged Shipment,Damage,High,Closed,2025-01-05 07:55:49,2025-01-06 07:57:10,1033,Carrier,Shipment flagged for damage inspection.
SHP0000363,ADDR,Address Issue,Address,Medium,Closed,2025-05-17 22:34:33,2025-05-18 13:35:47,375,Customer,Delivery address requires correction or validation.
SHP0000366,CAP,Capacity Constraint,Capacity,Medium,Closed,2025-06-22 08:20:50,2025-06-23 07:37:04,676,Carrier,Shipment delayed due to available trailer or dock capacity.
SHP0000367,DAMG,Damaged Shipment,Damage,High,Closed,2025-03-20 22:04:14,2025-03-21 13:08:17,543,Carrier,Shipment flagged for damage inspection.
SHP0000371,WX,Weather Delay,Weather,High,Closed,2025-03-08 02:54:58,2025-03-09 07:19:36,903,Carrier,Shipment delayed because of weather conditions.
SHP0000372,MSCN,Missed Scan,Process,Medium,Closed,2025-01-11 22:34:23,2025-01-12 12:40:25,330,Operations,Expected scan was not captured on time.
SHP0000373,CAP,Capacity Constraint,Capacity,Medium,Closed,2025-01-02 18:52:43,2025-01-03 06:24:46,60,Carrier,Shipment delayed due to available trailer or dock capacity.
SHP0000377,DAMG,Damaged Shipment,Damage,High,Closed,2025-09-20 02:36:10,2025-09-22 08:04:14,2842,Carrier,Shipment flagged for damage inspection.
SHP0000378,MSCN,Missed Scan,Process,Medium,Closed,2025-01-25 11:01:27,2025-01-26 08:39:56,430,Operations,Expected scan was not captured on time.
SHP0000380,ADDR,Address Issue,Address,Medium,Closed,2025-01-29 07:27:05,2025-01-29 21:51:03,318,Customer,Delivery address requires correction or validation.
SHP0000381,CAP,Capacity Constraint,Capacity,Medium,Closed,2025-02-15 17:41:13,2025-02-16 10:12:52,770,Carrier,Shipment delayed due to available trailer or dock capacity.
SHP0000387,WX,Weather Delay,Weather,High,Closed,2025-03-15 09:56:07,2025-03-16 14:35:41,1375,Carrier,Shipment delayed because of weather conditions.
SHP0000389,ADDR,Address Issue,Address,Medium,Closed,2025-07-15 15:25:06,2025-07-16 07:33:31,378,Customer,Delivery address requires correction or validation.
SHP0000391,MSCN,Missed Scan,Process,Medium,Closed,2025-05-18 02:44:38,2025-05-18 09:47:33,210,Operations,Expected scan was not captured on time.
SHP0000392,WX,Weather Delay,Weather,High,Open,2025-07-03 13:56:38,,482,Carrier,Shipment delayed because of weather conditions.
SHP0000401,DAMG,Damaged Shipment,Damage,High,Closed,2025-08-22 06:39:48,2025-08-23 11:17:57,1156,Carrier,Shipment flagged for damage inspection.
SHP0000404,MECH,Equipment Failure,Mechanical,High,Closed,2025-09-06 09:44:43,2025-09-06 21:46:48,523,Carrier,Equipment failure caused an operational delay.
SHP0000408,ADDR,Address Issue,Address,Medium,Closed,2025-06-12 08:01:16,2025-06-12 21:59:59,201,Customer,Delivery address requires correction or validation.
SHP0000410,MSCN,Missed Scan,Process,Medium,Closed,2025-06-06 05:29:10,2025-06-06 16:36:42,340,Operations,Expected scan was not captured on time.
SHP0000413,DAMG,Damaged Shipment,Damage,High,Closed,2025-09-16 22:20:05,2025-09-18 19:13:24,2096,Carrier,Shipment flagged for damage inspection.
SHP0000415,WX,Weather Delay,Weather,High,Closed,2025-07-29 16:53:46,2025-07-30 13:08:13,1055,Carrier,Shipment delayed because of weather conditions.
SHP0000416,ADDR,Address Issue,Address,Medium,Closed,2025-02-11 05:47:49,2025-02-11 15:55:28,512,Customer,Delivery address requires correction or validation.
SHP0000417,MSCN,Missed Scan,Process,Medium,Closed,2025-01-04 06:42:13,2025-01-04 12:28:48,33,Operations,Expected scan was not captured on time.
SHP0000421,MSCN,Missed Scan,Process,Medium,Open,2025-03-19 10:52:19,,396,Operations,Expected scan was not captured on time.
SHP0000425,ADDR,Address Issue,Address,Medium,Closed,2025-09-15 07:09:09,2025-09-15 19:58:37,580,Customer,Delivery address requires correction or validation.
SHP0000428,WX,Weather Delay,Weather,High,Closed,2025-06-09 03:55:47,2025-06-10 10:02:13,1240,Carrier,Shipment delayed because of weather conditions.
SHP0000431,MSCN,Missed Scan,Process,Medium,Closed,2025-02-14 16:32:02,2025-02-15 10:06:14,465,Operations,Expected scan was not captured on time.
SHP0000434,ADDR,Address Issue,Address,Medium,Open,2025-07-07 10:36:58,,896,Customer,Delivery address requires correction or validation.
SHP0000435,MSCN,Missed Scan,Process,Medium,Closed,2025-03-23 22:03:54,2025-03-24 05:32:44,478,Operations,Expected scan was not captured on time.
SHP0000443,DAMG,Damaged Shipment,Damage,High,Closed,2025-09-16 16:58:58,2025-09-18 07:34:55,1716,Carrier,Shipment flagged for damage inspection.
SHP0000445,WX,Weather Delay,Weather,High,Closed,2025-09-24 23:36:30,2025-09-26 01:04:35,1675,Carrier,Shipment delayed because of weather conditions.
SHP0000446,ADDR,Address Issue,Address,Medium,Closed,2025-02-04 15:55:26,2025-02-05 02:35:41,593,Customer,Delivery address requires correction or validation.
SHP0000448,WX,Weather Delay,Weather,High,Closed,2025-03-29 15:20:04,2025-03-31 02:16:34,1529,Carrier,Shipment delayed because of weather conditions.
SHP0000452,WX,Weather Delay,Weather,High,Closed,2025-01-20 20:28:41,2025-01-22 05:01:00,1568,Carrier,Shipment delayed because of weather conditions.
SHP0000457,MSCN,Missed Scan,Process,Medium,Closed,2025-04-09 08:47:17,2025-04-09 12:47:35,82,Operations,Expected scan was not captured on time.
SHP0000458,MSCN,Missed Scan,Process,Medium,Closed,2025-02-10 05:38:27,2025-02-10 16:39:25,90,Operations,Expected scan was not captured on time.
SHP0000460,ADDR,Address Issue,Address,Medium,Closed,2025-09-23 15:41:18,2025-09-24 12:30:58,842,Customer,Delivery address requires correction or validation.
SHP0000463,MSCN,Missed Scan,Process,Medium,Closed,2025-01-12 08:22:44,2025-01-13 02:37:21,446,Operations,Expected scan was not captured on time.
SHP0000466,WX,Weather Delay,Weather,High,Open,2025-05-14 05:48:44,,458,Carrier,Shipment delayed because of weather conditions.
SHP0000468,ADDR,Address Issue,Address,Medium,Closed,2025-01-15 08:56:54,2025-01-15 21:42:01,594,Customer,Delivery address requires correction or validation.
SHP0000469,WX,Weather Delay,Weather,High,Closed,2025-05-22 16:53:59,2025-05-23 21:23:49,1525,Carrier,Shipment delayed because of weather conditions.
SHP0000471,DAMG,Damaged Shipment,Damage,High,Closed,2025-07-07 13:41:59,2025-07-09 06:39:58,2203,Carrier,Shipment flagged for damage inspection.
SHP0000473,WX,Weather Delay,Weather,High,Open,2025-06-16 03:39:18,,1403,Carrier,Shipment delayed because of weather conditions.
SHP0000479,DAMG,Damaged Shipment,Damage,High,Closed,2025-06-12 14:55:16,2025-06-13 19:41:41,1272,Carrier,Shipment flagged for damage inspection.
SHP0000483,MSCN,Missed Scan,Process,Medium,Closed,2025-05-12 05:19:29,2025-05-12 09:13:39,155,Operations,Expected scan was not captured on time.
SHP0000485,CAP,Capacity Constraint,Capacity,Medium,Closed,2025-03-07 11:15:50,2025-03-08 05:23:00,415,Carrier,Shipment delayed due to available trailer or dock capacity.
SHP0000486,MSCN,Missed Scan,Process,Medium,Open,2025-03-22 10:34:44,,518,Operations,Expected scan was not captured on time.
SHP0000490,DAMG,Damaged Shipment,Damage,High,Closed,2025-03-14 21:33:30,2025-03-15 22:55:03,848,Carrier,Shipment flagged for damage inspection.
SHP0000492,CAP,Capacity Constraint,Capacity,Medium,Closed,2025-02-07 15:18:37,2025-02-08 08:34:08,942,Carrier,Shipment delayed due to available trailer or dock capacity.
SHP0000494,WX,Weather Delay,Weather,High,Closed,2025-06-29 06:02:43,2025-06-29 21:43:11,846,Carrier,Shipment delayed because of weather conditions.
SHP0000497,MSCN,Missed Scan,Process,Medium,Closed,2025-03-19 16:53:05,2025-03-20 00:26:23,219,Operations,Expected scan was not captured on time.
SHP0000500,MECH,Equipment Failure,Mechanical,High,Open,2025-01-05 02:53:43,,1147,Carrier,Equipment failure caused an operational delay.
SHP0000501,DAMG,Damaged Shipment,Damage,High,Closed,2025-04-03 19:57:30,2025-04-05 13:12:15,2481,Carrier,Shipment flagged for damage inspection.
SHP0000502,CAP,Capacity Constraint,Capacity,Medium,Open,2025-09-11 16:36:29,,714,Carrier,Shipment delayed due to available trailer or dock capacity.
SHP0000503,ADDR,Address Issue,Address,Medium,Closed,2025-07-31 20:30:59,2025-08-02 02:42:41,1280,Customer,Delivery address requires correction or validation.
SHP0000504,DAMG,Damaged Shipment,Damage,High,Closed,2025-01-17 03:55:56,2025-01-18 15:37:17,2122,Carrier,Shipment flagged for damage inspection.
SHP0000508,CAP,Capacity Constraint,Capacity,Medium,Closed,2025-07-09 06:04:41,2025-07-09 13:22:53,169,Carrier,Shipment delayed due to available trailer or dock capacity.
SHP0000509,MSCN,Missed Scan,Process,Medium,Closed,2025-04-21 12:44:28,2025-04-21 21:39:41,382,Operations,Expected scan was not captured on time.
SHP0000516,WX,Weather Delay,Weather,High,Closed,2025-08-18 18:26:34,2025-08-19 21:51:45,1075,Carrier,Shipment delayed because of weather conditions.
SHP0000517,WX,Weather Delay,Weather,High,Open,2025-01-27 15:46:34,,712,Carrier,Shipment delayed because of weather conditions.
SHP0000522,WX,Weather Delay,Weather,High,Closed,2025-01-07 07:27:37,2025-01-08 07:10:37,609,Carrier,Shipment delayed because of weather conditions.
SHP0000528,ADDR,Address Issue,Address,Medium,Closed,2025-08-28 01:16:42,2025-08-28 10:53:44,661,Customer,Delivery address requires correction or validation.
SHP0000534,ADDR,Address Issue,Address,Medium,Closed,2025-01-30 10:38:29,2025-01-31 02:45:58,590,Customer,Delivery address requires correction or validation.
SHP0000536,DAMG,Damaged Shipment,Damage,High,Closed,2025-06-04 22:15:37,2025-06-06 09:52:14,1739,Carrier,Shipment flagged for damage inspection.
SHP0000538,DAMG,Damaged Shipment,Damage,High,Closed,2025-07-12 01:06:44,2025-07-12 21:48:50,1090,Carrier,Shipment flagged for damage inspection.
SHP0000541,MSCN,Missed Scan,Process,Medium,Closed,2025-03-23 23:52:38,2025-03-24 16:35:23,406,Operations,Expected scan was not captured on time.
SHP0000542,MSCN,Missed Scan,Process,Medium,Closed,2025-08-03 08:47:06,2025-08-03 22:01:18,278,Operations,Expected scan was not captured on time.
SHP0000546,MSCN,Missed Scan,Process,Medium,Closed,2025-08-17 00:57:58,2025-08-17 05:50:57,40,Operations,Expected scan was not captured on time.
SHP0000556,MSCN,Missed Scan,Process,Medium,Closed,2025-04-23 02:51:36,2025-04-23 17:39:01,367,Operations,Expected scan was not captured on time.
SHP0000557,CAP,Capacity Constraint,Capacity,Medium,Closed,2025-03-18 23:04:18,2025-03-19 12:48:29,689,Carrier,Shipment delayed due to available trailer or dock capacity.
SHP0000558,WX,Weather Delay,Weather,High,Closed,2025-09-16 02:11:53,2025-09-17 01:57:45,1479,Carrier,Shipment delayed because of weather conditions.
SHP0000559,MSCN,Missed Scan,Process,Medium,Closed,2025-06-20 02:38:08,2025-06-20 23:16:32,540,Operations,Expected scan was not captured on time.
SHP0000561,MECH,Equipment Failure,Mechanical,High,Closed,2025-08-12 23:46:01,2025-08-13 08:42:44,349,Carrier,Equipment failure caused an operational delay.
SHP0000563,MSCN,Missed Scan,Process,Medium,Closed,2025-08-20 23:28:59,2025-08-21 11:49:16,90,Operations,Expected scan was not captured on time.
SHP0000565,DAMG,Damaged Shipment,Damage,High,Closed,2025-03-07 01:34:29,2025-03-08 15:32:18,1849,Carrier,Shipment flagged for damage inspection.
SHP0000567,MSCN,Missed Scan,Process,Medium,Closed,2025-02-09 02:10:35,2025-02-09 13:08:18,202,Operations,Expected scan was not captured on time.
SHP0000568,CAP,Capacity Constraint,Capacity,Medium,Closed,2025-08-08 13:59:26,2025-08-08 22:05:56,299,Carrier,Shipment delayed due to available trailer or dock capacity.
SHP0000572,WX,Weather Delay,Weather,High,Closed,2025-01-03 01:00:19,2025-01-03 19:44:10,1263,Carrier,Shipment delayed because of weather conditions.
SHP0000576,WX,Weather Delay,Weather,High,Closed,2025-04-18 10:02:38,2025-04-18 18:34:11,468,Carrier,Shipment delayed because of weather conditions.
SHP0000577,MSCN,Missed Scan,Process,Medium,Closed,2025-07-28 01:02:53,2025-07-28 09:57:46,400,Operations,Expected scan was not captured on time.
SHP0000588,WX,Weather Delay,Weather,High,Closed,2025-07-07 05:11:08,2025-07-07 18:22:01,777,Carrier,Shipment delayed because of weather conditions.
SHP0000590,MECH,Equipment Failure,Mechanical,High,Closed,2025-04-22 13:35:24,2025-04-23 03:41:08,443,Carrier,Equipment failure caused an operational delay.
SHP0000594,DAMG,Damaged Shipment,Damage,High,Closed,2025-09-26 07:25:45,2025-09-27 06:05:39,1210,Carrier,Shipment flagged for damage inspection.
SHP0000595,MECH,Equipment Failure,Mechanical,High,Closed,2025-07-27 23:07:36,2025-07-28 11:23:59,578,Carrier,Equipment failure caused an operational delay.
SHP0000596,ADDR,Address Issue,Address,Medium,Closed,2025-09-05 09:20:12,2025-09-05 20:43:37,493,Customer,Delivery address requires correction or validation.
SHP0000598,CAP,Capacity Constraint,Capacity,Medium,Closed,2025-06-03 04:38:56,2025-06-04 10:17:52,914,Carrier,Shipment delayed due to available trailer or dock capacity.
SHP0000601,ADDR,Address Issue,Address,Medium,Closed,2025-02-11 07:16:58,2025-02-12 10:05:29,967,Customer,Delivery address requires correction or validation.
SHP0000602,DAMG,Damaged Shipment,Damage,High,Closed,2025-05-13 08:52:01,2025-05-14 14:59:23,1292,Carrier,Shipment flagged for damage inspection.
SHP0000605,DAMG,Damaged Shipment,Damage,High,Closed,2025-04-18 20:42:27,2025-04-19 21:56:04,976,Carrier,Shipment flagged for damage inspection.
SHP0000606,DAMG,Damaged Shipment,Damage,High,Closed,2025-07-15 08:04:32,2025-07-16 01:09:23,643,Carrier,Shipment flagged for damage inspection.
SHP0000611,MECH,Equipment Failure,Mechanical,High,Closed,2025-04-08 13:30:38,2025-04-08 20:45:47,250,Carrier,Equipment failure caused an operational delay.
SHP0000613,WX,Weather Delay,Weather,High,Closed,2025-02-18 07:31:25,2025-02-19 06:27:01,1067,Carrier,Shipment delayed because of weather conditions.
SHP0000614,CAP,Capacity Constraint,Capacity,Medium,Closed,2025-08-30 10:51:36,2025-08-30 22:27:34,454,Carrier,Shipment delayed due to available trailer or dock capacity.
SHP0000615,DAMG,Damaged Shipment,Damage,High,Closed,2025-03-21 05:57:13,2025-03-23 03:09:58,2467,Carrier,Shipment flagged for damage inspection.
SHP0000617,MSCN,Missed Scan,Process,Medium,Closed,2025-03-23 22:16:25,2025-03-24 01:13:17,107,Operations,Expected scan was not captured on time.
SHP0000620,MSCN,Missed Scan,Process,Medium,Closed,2025-02-15 18:20:27,2025-02-16 10:47:11,374,Operations,Expected scan was not captured on time.
SHP0000621,MECH,Equipment Failure,Mechanical,High,Open,2025-09-20 18:45:35,,703,Carrier,Equipment failure caused an operational delay.
SHP0000622,MSCN,Missed Scan,Process,Medium,Closed,2025-04-14 00:32:39,2025-04-14 05:04:50,244,Operations,Expected scan was not captured on time.
SHP0000627,WX,Weather Delay,Weather,High,Closed,2025-06-10 07:05:34,2025-06-10 23:00:36,628,Carrier,Shipment delayed because of weather conditions.
SHP0000628,CAP,Capacity Constraint,Capacity,Medium,Closed,2025-07-14 19:42:57,2025-07-15 13:57:19,894,Carrier,Shipment delayed due to available trailer or dock capacity.
SHP0000629,CAP,Capacity Constraint,Capacity,Medium,Closed,2025-06-10 23:41:35,2025-06-12 02:26:51,938,Carrier,Shipment delayed due to available trailer or dock capacity.
SHP0000631,DAMG,Damaged Shipment,Damage,High,Closed,2025-09-14 11:55:54,2025-09-15 08:52:46,577,Carrier,Shipment flagged for damage inspection.
SHP0000636,WX,Weather Delay,Weather,High,Open,2025-01-26 21:23:37,,947,Carrier,Shipment delayed because of weather conditions.
SHP0000637,WX,Weather Delay,Weather,High,Closed,2025-09-07 13:06:05,2025-09-07 23:30:03,557,Carrier,Shipment delayed because of weather conditions.
SHP0000639,WX,Weather Delay,Weather,High,Closed,2025-04-18 09:43:07,2025-04-19 06:23:15,453,Carrier,Shipment delayed because of weather conditions.
SHP0000641,ADDR,Address Issue,Address,Medium,Open,2025-09-18 03:24:49,,151,Customer,Delivery address requires correction or validation.
SHP0000644,WX,Weather Delay,Weather,High,Closed,2025-07-15 23:57:08,2025-07-16 11:32:23,653,Carrier,Shipment delayed because of weather conditions.
SHP0000645,CAP,Capacity Constraint,Capacity,Medium,Closed,2025-06-10 14:27:45,2025-06-11 06:06:42,845,Carrier,Shipment delayed due to available trailer or dock capacity.
SHP0000647,WX,Weather Delay,Weather,High,Open,2025-03-04 13:13:42,,718,Carrier,Shipment delayed because of weather conditions.
SHP0000650,WX,Weather Delay,Weather,High,Closed,2025-04-30 16:00:26,2025-05-01 07:32:40,631,Carrier,Shipment delayed because of weather conditions.
SHP0000653,WX,Weather Delay,Weather,High,Closed,2025-04-25 18:38:05,2025-04-26 13:56:03,375,Carrier,Shipment delayed because of weather conditions.
SHP0000656,MSCN,Missed Scan,Process,Medium,Closed,2025-04-28 12:17:11,2025-04-28 21:27:57,439,Operations,Expected scan was not captured on time.
SHP0000659,MECH,Equipment Failure,Mechanical,High,Closed,2025-02-09 02:28:13,2025-02-09 16:12:43,358,Carrier,Equipment failure caused an operational delay.
SHP0000660,ADDR,Address Issue,Address,Medium,Closed,2025-01-31 05:55:44,2025-01-31 18:24:18,597,Customer,Delivery address requires correction or validation.
SHP0000661,MSCN,Missed Scan,Process,Medium,Closed,2025-01-03 17:37:29,2025-01-04 06:30:53,528,Operations,Expected scan was not captured on time.
SHP0000668,CAP,Capacity Constraint,Capacity,Medium,Closed,2025-04-30 20:32:43,2025-05-01 17:21:54,547,Carrier,Shipment delayed due to available trailer or dock capacity.
SHP0000669,MSCN,Missed Scan,Process,Medium,Closed,2025-02-05 06:05:13,2025-02-05 21:43:32,338,Operations,Expected scan was not captured on time.
SHP0000671,WX,Weather Delay,Weather,High,Closed,2025-06-05 07:03:56,2025-06-05 16:55:44,291,Carrier,Shipment delayed because of weather conditions.
SHP0000676,CAP,Capacity Constraint,Capacity,Medium,Closed,2025-01-04 13:09:26,2025-01-04 17:03:49,228,Carrier,Shipment delayed due to available trailer or dock capacity.
SHP0000679,MSCN,Missed Scan,Process,Medium,Open,2025-04-15 17:56:42,,482,Operations,Expected scan was not captured on time.
SHP0000680,WX,Weather Delay,Weather,High,Closed,2025-01-10 02:24:34,2025-01-11 00:00:41,659,Carrier,Shipment delayed because of weather conditions.
SHP0000681,ADDR,Address Issue,Address,Medium,Closed,2025-06-25 09:22:35,2025-06-26 00:46:25,181,Customer,Delivery address requires correction or validation.
SHP0000684,CAP,Capacity Constraint,Capacity,Medium,Closed,2025-07-17 12:44:09,2025-07-18 08:45:48,700,Carrier,Shipment delayed due to available trailer or dock capacity.
SHP0000687,MECH,Equipment Failure,Mechanical,High,Open,2025-03-11 14:36:34,,326,Carrier,Equipment failure caused an operational delay.
SHP0000690,DAMG,Damaged Shipment,Damage,High,Closed,2025-01-12 14:54:28,2025-01-14 14:29:37,2674,Carrier,Shipment flagged for damage inspection.
SHP0000692,MSCN,Missed Scan,Process,Medium,Closed,2025-02-18 22:28:07,2025-02-19 08:37:32,436,Operations,Expected scan was not captured on time.
SHP0000693,WX,Weather Delay,Weather,High,Closed,2025-07-05 19:19:37,2025-07-06 04:09:49,416,Carrier,Shipment delayed because of weather conditions.
SHP0000695,WX,Weather Delay,Weather,High,Closed,2025-08-20 05:21:18,2025-08-21 06:24:00,1284,Carrier,Shipment delayed because of weather conditions.
SHP0000700,MSCN,Missed Scan,Process,Medium,Closed,2025-09-08 11:42:18,2025-09-08 21:51:33,296,Operations,Expected scan was not captured on time.
SHP0000702,WX,Weather Delay,Weather,High,Closed,2025-08-06 17:37:34,2025-08-07 10:13:15,980,Carrier,Shipment delayed because of weather conditions.
SHP0000703,MSCN,Missed Scan,Process,Medium,Closed,2025-08-17 03:41:03,2025-08-17 13:33:15,322,Operations,Expected scan was not captured on time.
SHP0000704,DAMG,Damaged Shipment,Damage,High,Closed,2025-08-12 23:44:27,2025-08-14 04:36:40,1351,Carrier,Shipment flagged for damage inspection.
SHP0000706,ADDR,Address Issue,Address,Medium,Closed,2025-09-14 18:58:27,2025-09-15 14:34:34,544,Customer,Delivery address requires correction or validation.
SHP0000713,WX,Weather Delay,Weather,High,Closed,2025-06-01 00:03:57,2025-06-01 13:50:08,272,Carrier,Shipment delayed because of weather conditions.
SHP0000716,MSCN,Missed Scan,Process,Medium,Closed,2025-04-15 09:04:23,2025-04-15 22:23:31,279,Operations,Expected scan was not captured on time.
SHP0000717,WX,Weather Delay,Weather,High,Closed,2025-03-13 19:23:52,2025-03-14 14:16:57,264,Carrier,Shipment delayed because of weather conditions.
SHP0000719,MECH,Equipment Failure,Mechanical,High,Closed,2025-09-06 21:49:51,2025-09-08 01:47:28,1068,Carrier,Equipment failure caused an operational delay.
SHP0000720,ADDR,Address Issue,Address,Medium,Closed,2025-02-27 00:54:09,2025-02-27 19:06:09,978,Customer,Delivery address requires correction or validation.
SHP0000725,WX,Weather Delay,Weather,High,Closed,2025-03-19 10:56:22,2025-03-19 19:30:24,481,Carrier,Shipment delayed because of weather conditions.
SHP0000726,DAMG,Damaged Shipment,Damage,High,Open,2025-09-16 09:12:59,,1773,Carrier,Shipment flagged for damage inspection.
SHP0000728,DAMG,Damaged Shipment,Damage,High,Closed,2025-06-27 06:02:31,2025-06-28 23:17:56,2428,Carrier,Shipment flagged for damage inspection.
SHP0000730,CAP,Capacity Constraint,Capacity,Medium,Closed,2025-04-04 01:49:31,2025-04-04 18:18:02,520,Carrier,Shipment delayed due to available trailer or dock capacity.
SHP0000733,ADDR,Address Issue,Address,Medium,Closed,2025-04-09 11:00:51,2025-04-10 18:02:33,1214,Customer,Delivery address requires correction or validation.
SHP0000737,CAP,Capacity Constraint,Capacity,Medium,Closed,2025-07-16 17:06:11,2025-07-17 10:21:06,740,Carrier,Shipment delayed due to available trailer or dock capacity.
SHP0000750,WX,Weather Delay,Weather,High,Open,2025-05-04 01:43:45,,1391,Carrier,Shipment delayed because of weather conditions.
SHP0000754,ADDR,Address Issue,Address,Medium,Closed,2025-01-13 07:13:07,2025-01-13 19:08:31,733,Customer,Delivery address requires correction or validation.
SHP0000757,WX,Weather Delay,Weather,High,Closed,2025-08-26 04:41:41,2025-08-26 19:28:14,714,Carrier,Shipment delayed because of weather conditions.
SHP0000759,WX,Weather Delay,Weather,High,Closed,2025-09-09 19:54:38,2025-09-11 04:03:05,1544,Carrier,Shipment delayed because of weather conditions.
SHP0000760,MSCN,Missed Scan,Process,Medium,Closed,2025-07-04 05:42:28,2025-07-04 11:27:45,105,Operations,Expected scan was not captured on time.
SHP0000761,ADDR,Address Issue,Address,Medium,Closed,2025-01-19 10:23:54,2025-01-19 22:27:00,301,Customer,Delivery address requires correction or validation.
SHP0000762,WX,Weather Delay,Weather,High,Closed,2025-01-16 13:38:40,2025-01-17 15:27:56,1080,Carrier,Shipment delayed because of weather conditions.
SHP0000765,DAMG,Damaged Shipment,Damage,High,Closed,2025-04-25 08:52:29,2025-04-27 02:00:42,1956,Carrier,Shipment flagged for damage inspection.
SHP0000767,ADDR,Address Issue,Address,Medium,Closed,2025-09-12 15:57:02,2025-09-13 07:39:37,716,Customer,Delivery address requires correction or validation.
SHP0000769,DAMG,Damaged Shipment,Damage,High,Closed,2025-08-13 07:48:54,2025-08-14 20:56:13,2251,Carrier,Shipment flagged for damage inspection.
SHP0000772,WX,Weather Delay,Weather,High,Closed,2025-02-24 06:15:57,2025-02-25 05:43:26,762,Carrier,Shipment delayed because of weather conditions.
SHP0000774,WX,Weather Delay,Weather,High,Closed,2025-06-16 02:26:40,2025-06-16 22:46:16,687,Carrier,Shipment delayed because of weather conditions.
SHP0000775,MSCN,Missed Scan,Process,Medium,Closed,2025-04-17 16:06:10,2025-04-18 06:52:35,436,Operations,Expected scan was not captured on time.
SHP0000777,ADDR,Address Issue,Address,Medium,Closed,2025-08-17 20:11:39,2025-08-18 17:23:48,727,Customer,Delivery address requires correction or validation.
SHP0000778,WX,Weather Delay,Weather,High,Open,2025-04-24 10:15:47,,629,Carrier,Shipment delayed because of weather conditions.
SHP0000781,ADDR,Address Issue,Address,Medium,Open,2025-02-05 05:55:05,,563,Customer,Delivery address requires correction or validation.
SHP0000784,DAMG,Damaged Shipment,Damage,High,Closed,2025-08-01 13:18:23,2025-08-02 21:32:34,1506,Carrier,Shipment flagged for damage inspection.
SHP0000786,CAP,Capacity Constraint,Capacity,Medium,Closed,2025-04-26 03:13:29,2025-04-26 12:18:32,171,Carrier,Shipment delayed due to available trailer or dock capacity.
SHP0000787,WX,Weather Delay,Weather,High,Open,2025-06-21 18:51:06,,1156,Carrier,Shipment delayed because of weather conditions.
SHP0000790,WX,Weather Delay,Weather,High,Closed,2025-03-07 09:32:40,2025-03-08 07:27:09,1160,Carrier,Shipment delayed because of weather conditions.
SHP0000791,MSCN,Missed Scan,Process,Medium,Closed,2025-02-24 03:09:24,2025-02-24 14:34:29,73,Operations,Expected scan was not captured on time.
SHP0000792,MSCN,Missed Scan,Process,Medium,Closed,2025-01-28 11:52:39,2025-01-28 18:24:30,197,Operations,Expected scan was not captured on time.
SHP0000802,MECH,Equipment Failure,Mechanical,High,Closed,2025-04-30 19:06:55,2025-05-01 22:06:13,1039,Carrier,Equipment failure caused an operational delay.
SHP0000804,MECH,Equipment Failure,Mechanical,High,Closed,2025-05-09 05:47:03,2025-05-10 06:25:52,1056,Carrier,Equipment failure caused an operational delay.
SHP0000805,MECH,Equipment Failure,Mechanical,High,Closed,2025-08-20 04:20:15,2025-08-20 19:31:08,769,Carrier,Equipment failure caused an operational delay.
SHP0000806,ADDR,Address Issue,Address,Medium,Closed,2025-08-03 18:34:29,2025-08-04 02:39:42,357,Customer,Delivery address requires correction or validation.
SHP0000808,MECH,Equipment Failure,Mechanical,High,Closed,2025-04-16 14:45:14,2025-04-17 11:29:36,1292,Carrier,Equipment failure caused an operational delay.
SHP0000809,MSCN,Missed Scan,Process,Medium,Closed,2025-06-29 13:33:38,2025-06-30 00:21:46,422,Operations,Expected scan was not captured on time.
SHP0000811,MSCN,Missed Scan,Process,Medium,Closed,2025-03-20 07:26:25,2025-03-20 23:47:45,328,Operations,Expected scan was not captured on time.
SHP0000813,MECH,Equipment Failure,Mechanical,High,Closed,2025-05-25 00:13:03,2025-05-25 23:19:16,1200,Carrier,Equipment failure caused an operational delay.
SHP0000817,ADDR,Address Issue,Address,Medium,Open,2025-01-25 20:03:03,,311,Customer,Delivery address requires correction or validation.
SHP0000822,ADDR,Address Issue,Address,Medium,Closed,2025-03-21 06:21:16,2025-03-22 04:37:46,1136,Customer,Delivery address requires correction or validation.
SHP0000828,CAP,Capacity Constraint,Capacity,Medium,Closed,2025-05-02 05:06:24,2025-05-02 19:38:31,342,Carrier,Shipment delayed due to available trailer or dock capacity.
SHP0000831,ADDR,Address Issue,Address,Medium,Closed,2025-08-02 10:58:52,2025-08-03 19:17:12,1412,Customer,Delivery address requires correction or validation.
SHP0000836,CAP,Capacity Constraint,Capacity,Medium,Closed,2025-04-06 15:49:58,2025-04-07 06:07:02,424,Carrier,Shipment delayed due to available trailer or dock capacity.
SHP0000837,DAMG,Damaged Shipment,Damage,High,Closed,2025-03-08 06:48:06,2025-03-08 23:03:43,704,Carrier,Shipment flagged for damage inspection.
SHP0000838,CAP,Capacity Constraint,Capacity,Medium,Closed,2025-04-08 13:21:46,2025-04-09 00:16:29,150,Carrier,Shipment delayed due to available trailer or dock capacity.
SHP0000840,DAMG,Damaged Shipment,Damage,High,Closed,2025-07-07 02:34:45,2025-07-08 21:36:43,1940,Carrier,Shipment flagged for damage inspection.
SHP0000843,WX,Weather Delay,Weather,High,Closed,2025-02-05 04:28:41,2025-02-05 21:14:35,810,Carrier,Shipment delayed because of weather conditions.
SHP0000844,MSCN,Missed Scan,Process,Medium,Closed,2025-09-30 18:15:24,2025-10-01 04:23:19,415,Operations,Expected scan was not captured on time.
SHP0000848,DAMG,Damaged Shipment,Damage,High,Closed,2025-02-20 12:55:48,2025-02-21 18:57:07,1901,Carrier,Shipment flagged for damage inspection.
SHP0000851,DAMG,Damaged Shipment,Damage,High,Closed,2025-06-25 04:37:29,2025-06-25 22:25:31,635,Carrier,Shipment flagged for damage inspection.
SHP0000853,WX,Weather Delay,Weather,High,Closed,2025-06-05 02:35:39,2025-06-06 03:22:46,754,Carrier,Shipment delayed because of weather conditions.
SHP0000856,WX,Weather Delay,Weather,High,Closed,2025-08-24 22:44:21,2025-08-26 03:09:12,1376,Carrier,Shipment delayed because of weather conditions.
SHP0000858,WX,Weather Delay,Weather,High,Closed,2025-01-26 07:58:18,2025-01-27 14:52:45,1612,Carrier,Shipment delayed because of weather conditions.
SHP0000859,MSCN,Missed Scan,Process,Medium,Closed,2025-09-23 06:35:32,2025-09-23 23:52:38,521,Operations,Expected scan was not captured on time.
SHP0000860,DAMG,Damaged Shipment,Damage,High,Closed,2025-06-24 21:05:10,2025-06-25 14:03:43,509,Carrier,Shipment flagged for damage inspection.
SHP0000862,WX,Weather Delay,Weather,High,Closed,2025-02-13 03:33:09,2025-02-14 06:29:30,1309,Carrier,Shipment delayed because of weather conditions.
SHP0000863,WX,Weather Delay,Weather,High,Closed,2025-09-22 06:04:26,2025-09-22 23:29:55,414,Carrier,Shipment delayed because of weather conditions.
SHP0000867,MSCN,Missed Scan,Process,Medium,Closed,2025-07-24 17:35:07,2025-07-25 06:14:10,379,Operations,Expected scan was not captured on time.
SHP0000869,MSCN,Missed Scan,Process,Medium,Closed,2025-05-13 05:53:02,2025-05-13 13:52:47,178,Operations,Expected scan was not captured on time.
SHP0000870,ADDR,Address Issue,Address,Medium,Closed,2025-06-24 05:46:33,2025-06-24 22:10:02,661,Customer,Delivery address requires correction or validation.
SHP0000871,ADDR,Address Issue,Address,Medium,Closed,2025-05-15 10:44:11,2025-05-15 23:10:11,249,Customer,Delivery address requires correction or validation.
SHP0000872,MSCN,Missed Scan,Process,Medium,Closed,2025-09-21 07:32:46,2025-09-21 20:32:24,514,Operations,Expected scan was not captured on time.
SHP0000873,WX,Weather Delay,Weather,High,Closed,2025-05-09 11:55:58,2025-05-10 15:32:09,1001,Carrier,Shipment delayed because of weather conditions.
SHP0000875,MECH,Equipment Failure,Mechanical,High,Closed,2025-07-10 23:52:41,2025-07-11 18:12:29,885,Carrier,Equipment failure caused an operational delay.
SHP0000877,MSCN,Missed Scan,Process,Medium,Closed,2025-02-25 22:34:18,2025-02-26 04:46:06,49,Operations,Expected scan was not captured on time.
SHP0000884,ADDR,Address Issue,Address,Medium,Closed,2025-04-21 11:24:53,2025-04-22 13:30:26,1380,Customer,Delivery address requires correction or validation.
SHP0000886,WX,Weather Delay,Weather,High,Closed,2025-04-17 02:17:04,2025-04-17 09:32:36,245,Carrier,Shipment delayed because of weather conditions.
SHP0000889,MSCN,Missed Scan,Process,Medium,Open,2025-07-25 06:33:19,,125,Operations,Expected scan was not captured on time.
SHP0000893,CAP,Capacity Constraint,Capacity,Medium,Closed,2025-01-26 10:08:51,2025-01-26 23:38:48,551,Carrier,Shipment delayed due to available trailer or dock capacity.
SHP0000897,WX,Weather Delay,Weather,High,Open,2025-07-16 08:05:09,,1465,Carrier,Shipment delayed because of weather conditions.
SHP0000898,WX,Weather Delay,Weather,High,Closed,2025-03-02 08:22:57,2025-03-02 19:53:55,1237,Carrier,Shipment delayed because of weather conditions.
SHP0000899,ADDR,Address Issue,Address,Medium,Closed,2025-05-25 13:58:40,2025-05-26 05:58:03,641,Customer,Delivery address requires correction or validation.
SHP0000900,DAMG,Damaged Shipment,Damage,High,Closed,2025-03-03 20:26:39,2025-03-04 16:45:30,961,Carrier,Shipment flagged for damage inspection.
SHP0000902,WX,Weather Delay,Weather,High,Closed,2025-04-14 12:04:08,2025-04-15 15:55:11,1328,Carrier,Shipment delayed because of weather conditions.
SHP0000905,CAP,Capacity Constraint,Capacity,Medium,Closed,2025-05-06 02:14:52,2025-05-06 19:27:38,649,Carrier,Shipment delayed due to available trailer or dock capacity.
SHP0000910,CAP,Capacity Constraint,Capacity,Medium,Closed,2025-02-26 17:04:28,2025-02-27 03:29:18,393,Carrier,Shipment delayed due to available trailer or dock capacity.
SHP0000913,DAMG,Damaged Shipment,Damage,High,Closed,2025-08-14 02:36:07,2025-08-15 17:42:11,2300,Carrier,Shipment flagged for damage inspection.
SHP0000914,MSCN,Missed Scan,Process,Medium,Closed,2025-03-10 15:31:23,2025-03-10 21:51:55,111,Operations,Expected scan was not captured on time.
SHP0000918,WX,Weather Delay,Weather,High,Open,2025-07-24 03:52:06,,1591,Carrier,Shipment delayed because of weather conditions.
SHP0000919,CAP,Capacity Constraint,Capacity,Medium,Open,2025-03-06 09:24:43,,334,Carrier,Shipment delayed due to available trailer or dock capacity.
SHP0000930,DAMG,Damaged Shipment,Damage,High,Closed,2025-09-10 11:29:33,2025-09-12 08:11:56,2484,Carrier,Shipment flagged for damage inspection.
SHP0000931,ADDR,Address Issue,Address,Medium,Open,2025-08-11 23:25:00,,848,Customer,Delivery address requires correction or validation.
SHP0000932,ADDR,Address Issue,Address,Medium,Closed,2025-01-30 06:08:23,2025-01-31 16:00:55,1251,Customer,Delivery address requires correction or validation.
SHP0000933,WX,Weather Delay,Weather,High,Open,2025-04-01 17:44:33,,460,Carrier,Shipment delayed because of weather conditions.
SHP0000934,ADDR,Address Issue,Address,Medium,Closed,2025-08-01 13:19:46,2025-08-02 18:43:04,1117,Customer,Delivery address requires correction or validation.
SHP0000937,DAMG,Damaged Shipment,Damage,High,Closed,2025-04-26 09:53:20,2025-04-26 23:27:06,589,Carrier,Shipment flagged for damage inspection.
SHP0000938,ADDR,Address Issue,Address,Medium,Open,2025-01-07 19:40:34,,719,Customer,Delivery address requires correction or validation.
SHP0000939,DAMG,Damaged Shipment,Damage,High,Closed,2025-08-09 12:00:19,2025-08-11 04:44:11,2578,Carrier,Shipment flagged for damage inspection.
SHP0000942,DAMG,Damaged Shipment,Damage,High,Closed,2025-08-03 21:15:32,2025-08-04 23:32:44,808,Carrier,Shipment flagged for damage inspection.
SHP0000950,DAMG,Damaged Shipment,Damage,High,Closed,2025-10-01 10:52:29,2025-10-03 17:28:07,2694,Carrier,Shipment flagged for damage inspection.
SHP0000963,WX,Weather Delay,Weather,High,Closed,2025-04-18 08:29:27,2025-04-19 15:24:18,1478,Carrier,Shipment delayed because of weather conditions.
SHP0000964,WX,Weather Delay,Weather,High,Open,2025-07-19 02:03:02,,693,Carrier,Shipment delayed because of weather conditions.
SHP0000968,CAP,Capacity Constraint,Capacity,Medium,Closed,2025-01-15 22:28:04,2025-01-16 11:41:31,685,Carrier,Shipment delayed due to available trailer or dock capacity.
SHP0000969,ADDR,Address Issue,Address,Medium,Closed,2025-04-23 12:30:13,2025-04-24 16:43:32,882,Customer,Delivery address requires correction or validation.
SHP0000970,WX,Weather Delay,Weather,High,Closed,2025-08-06 14:27:42,2025-08-07 00:03:48,427,Carrier,Shipment delayed because of weather conditions.
SHP0000971,ADDR,Address Issue,Address,Medium,Closed,2025-09-18 16:43:14,2025-09-19 02:02:17,468,Customer,Delivery address requires correction or validation.
SHP0000972,WX,Weather Delay,Weather,High,Closed,2025-08-07 20:45:30,2025-08-08 19:46:39,989,Carrier,Shipment delayed because of weather conditions.
SHP0000973,MSCN,Missed Scan,Process,Medium,Open,2025-04-17 14:17:01,,303,Operations,Expected scan was not captured on time.
SHP0000974,MSCN,Missed Scan,Process,Medium,Closed,2025-03-05 20:44:17,2025-03-06 03:08:50,124,Operations,Expected scan was not captured on time.
SHP0000975,MECH,Equipment Failure,Mechanical,High,Open,2025-02-09 09:20:10,,1196,Carrier,Equipment failure caused an operational delay.
SHP0000977,ADDR,Address Issue,Address,Medium,Closed,2025-08-05 19:18:10,2025-08-06 15:34:25,918,Customer,Delivery address requires correction or validation.
SHP0000979,MSCN,Missed Scan,Process,Medium,Closed,2025-06-15 08:16:58,2025-06-15 21:21:55,183,Operations,Expected scan was not captured on time.
SHP0000981,MSCN,Missed Scan,Process,Medium,Closed,2025-09-21 01:26:18,2025-09-21 11:33:19,54,Operations,Expected scan was not captured on time.
SHP0000982,DAMG,Damaged Shipment,Damage,High,Closed,2025-01-06 09:56:24,2025-01-07 06:09:12,857,Carrier,Shipment flagged for damage inspection.
SHP0000985,DAMG,Damaged Shipment,Damage,High,Closed,2025-04-18 18:00:50,2025-04-20 03:57:50,1898,Carrier,Shipment flagged for damage inspection.
SHP0000992,CAP,Capacity Constraint,Capacity,Medium,Closed,2025-04-02 14:09:00,2025-04-03 11:14:12,417,Carrier,Shipment delayed due to available trailer or dock capacity.
SHP0000993,ADDR,Address Issue,Address,Medium,Closed,2025-09-22 12:06:29,2025-09-23 02:59:18,255,Customer,Delivery address requires correction or validation.
SHP0000997,ADDR,Address Issue,Address,Medium,Closed,2025-01-11 04:23:50,2025-01-11 15:29:09,190,Customer,Delivery address requires correction or validation.
SHP0000998,MSCN,Missed Scan,Process,Medium,Closed,2025-09-17 06:57:06,2025-09-17 21:20:59,321,Operations,Expected scan was not captured on time.
SHP0000999,CAP,Capacity Constraint,Capacity,Medium,Closed,2025-02-05 02:00:24,2025-02-05 06:41:29,336,Carrier,Shipment delayed due to available trailer or dock capacity.
SHP0001002,MECH,Equipment Failure,Mechanical,High,Closed,2025-04-25 01:15:41,2025-04-25 15:09:23,361,Carrier,Equipment failure caused an operational delay.
SHP0001003,WX,Weather Delay,Weather,High,Closed,2025-09-25 01:00:11,2025-09-25 23:09:17,1346,Carrier,Shipment delayed because of weather conditions.
SHP0001004,CAP,Capacity Constraint,Capacity,Medium,Closed,2025-06-29 14:53:04,2025-06-29 21:01:48,61,Carrier,Shipment delayed due to available trailer or dock capacity.
SHP0001009,ADDR,Address Issue,Address,Medium,Closed,2025-09-19 01:13:35,2025-09-19 10:54:24,152,Customer,Delivery address requires correction or validation.
SHP0001013,CAP,Capacity Constraint,Capacity,Medium,Closed,2025-01-06 01:24:26,2025-01-06 22:19:02,850,Carrier,Shipment delayed due to available trailer or dock capacity.
SHP0001017,WX,Weather Delay,Weather,High,Closed,2025-04-21 12:34:58,2025-04-21 20:07:31,349,Carrier,Shipment delayed because of weather conditions.
SHP0001018,DAMG,Damaged Shipment,Damage,High,Closed,2025-03-05 10:13:57,2025-03-06 08:08:28,720,Carrier,Shipment flagged for damage inspection.
SHP0001020,ADDR,Address Issue,Address,Medium,Closed,2025-05-16 10:19:17,2025-05-17 03:56:48,626,Customer,Delivery address requires correction or validation.
SHP0001024,WX,Weather Delay,Weather,High,Closed,2025-09-19 04:42:03,2025-09-20 11:13:48,1653,Carrier,Shipment delayed because of weather conditions.
SHP0001025,ADDR,Address Issue,Address,Medium,Closed,2025-06-03 08:17:47,2025-06-04 02:33:54,1240,Customer,Delivery address requires correction or validation.
SHP0001028,MECH,Equipment Failure,Mechanical,High,Open,2025-08-15 17:26:35,,1210,Carrier,Equipment failure caused an operational delay.
SHP0001033,WX,Weather Delay,Weather,High,Closed,2025-09-21 21:37:16,2025-09-22 05:48:37,272,Carrier,Shipment delayed because of weather conditions.
SHP0001035,MSCN,Missed Scan,Process,Medium,Closed,2025-07-20 14:08:20,2025-07-21 01:41:36,141,Operations,Expected scan was not captured on time.
SHP0001036,ADDR,Address Issue,Address,Medium,Closed,2025-05-03 13:48:48,2025-05-04 20:18:46,1194,Customer,Delivery address requires correction or validation.
SHP0001038,WX,Weather Delay,Weather,High,Closed,2025-05-28 03:39:12,2025-05-28 20:13:15,600,Carrier,Shipment delayed because of weather conditions.
SHP0001042,WX,Weather Delay,Weather,High,Closed,2025-07-24 20:22:16,2025-07-26 00:58:43,956,Carrier,Shipment delayed because of weather conditions.
SHP0001043,CAP,Capacity Constraint,Capacity,Medium,Closed,2025-02-14 10:39:48,2025-02-14 22:20:13,636,Carrier,Shipment delayed due to available trailer or dock capacity.
SHP0001045,DAMG,Damaged Shipment,Damage,High,Closed,2025-03-05 03:50:06,2025-03-06 10:07:07,1585,Carrier,Shipment flagged for damage inspection.
SHP0001047,WX,Weather Delay,Weather,High,Closed,2025-03-18 03:37:23,2025-03-19 00:38:09,744,Carrier,Shipment delayed because of weather conditions.
SHP0001050,WX,Weather Delay,Weather,High,Closed,2025-09-01 23:51:24,2025-09-02 21:11:11,530,Carrier,Shipment delayed because of weather conditions.
SHP0001051,WX,Weather Delay,Weather,High,Closed,2025-02-08 19:44:33,2025-02-09 12:17:51,432,Carrier,Shipment delayed because of weather conditions.
SHP0001053,WX,Weather Delay,Weather,High,Closed,2025-06-07 12:46:31,2025-06-08 08:44:21,720,Carrier,Shipment delayed because of weather conditions.
SHP0001057,ADDR,Address Issue,Address,Medium,Closed,2025-01-06 17:55:08,2025-01-07 07:04:40,201,Customer,Delivery address requires correction or validation.
SHP0001058,WX,Weather Delay,Weather,High,Closed,2025-09-27 16:14:48,2025-09-28 17:14:51,1508,Carrier,Shipment delayed because of weather conditions.
SHP0001061,ADDR,Address Issue,Address,Medium,Closed,2025-05-23 06:25:05,2025-05-24 09:32:52,1061,Customer,Delivery address requires correction or validation.
SHP0001063,WX,Weather Delay,Weather,High,Closed,2025-03-03 17:04:35,2025-03-04 20:26:16,1036,Carrier,Shipment delayed because of weather conditions.
SHP0001064,WX,Weather Delay,Weather,High,Closed,2025-03-14 18:03:35,2025-03-15 07:29:02,246,Carrier,Shipment delayed because of weather conditions.
SHP0001065,MSCN,Missed Scan,Process,Medium,Closed,2025-06-24 07:27:01,2025-06-24 17:51:43,361,Operations,Expected scan was not captured on time.
SHP0001068,WX,Weather Delay,Weather,High,Closed,2025-06-12 06:42:38,2025-06-13 06:18:40,1229,Carrier,Shipment delayed because of weather conditions.
SHP0001077,CAP,Capacity Constraint,Capacity,Medium,Closed,2025-01-26 04:08:56,2025-01-26 20:17:48,623,Carrier,Shipment delayed due to available trailer or dock capacity.
SHP0001078,CAP,Capacity Constraint,Capacity,Medium,Closed,2025-08-19 06:26:30,2025-08-19 13:14:14,761,Carrier,Shipment delayed due to available trailer or dock capacity.
SHP0001084,DAMG,Damaged Shipment,Damage,High,Open,2025-04-04 09:54:53,,887,Carrier,Shipment flagged for damage inspection.
SHP0001086,MSCN,Missed Scan,Process,Medium,Closed,2025-04-03 04:45:27,2025-04-03 20:05:57,411,Operations,Expected scan was not captured on time.
SHP0001087,WX,Weather Delay,Weather,High,Closed,2025-01-26 15:02:17,2025-01-27 13:34:34,822,Carrier,Shipment delayed because of weather conditions.
SHP0001092,DAMG,Damaged Shipment,Damage,High,Closed,2025-07-30 16:36:20,2025-08-01 16:20:09,2751,Carrier,Shipment flagged for damage inspection.
SHP0001096,DAMG,Damaged Shipment,Damage,High,Closed,2025-01-06 20:11:12,2025-01-07 02:51:07,435,Carrier,Shipment flagged for damage inspection.
SHP0001098,WX,Weather Delay,Weather,High,Closed,2025-03-17 06:33:29,2025-03-18 04:59:53,628,Carrier,Shipment delayed because of weather conditions.
SHP0001099,MECH,Equipment Failure,Mechanical,High,Closed,2025-09-06 05:16:35,2025-09-06 20:26:56,757,Carrier,Equipment failure caused an operational delay.
SHP0001101,MSCN,Missed Scan,Process,Medium,Closed,2025-09-06 03:27:35,2025-09-06 06:28:18,62,Operations,Expected scan was not captured on time.
SHP0001103,WX,Weather Delay,Weather,High,Closed,2025-05-25 18:01:22,2025-05-26 20:54:14,1327,Carrier,Shipment delayed because of weather conditions.
SHP0001104,ADDR,Address Issue,Address,Medium,Closed,2025-02-22 17:56:18,2025-02-23 19:18:25,1062,Customer,Delivery address requires correction or validation.
SHP0001112,MECH,Equipment Failure,Mechanical,High,Closed,2025-08-09 09:18:42,2025-08-10 12:37:18,1161,Carrier,Equipment failure caused an operational delay.
SHP0001114,WX,Weather Delay,Weather,High,Closed,2025-03-11 08:22:18,2025-03-12 03:47:40,848,Carrier,Shipment delayed because of weather conditions.
SHP0001117,DAMG,Damaged Shipment,Damage,High,Closed,2025-04-25 15:01:16,2025-04-26 06:17:58,513,Carrier,Shipment flagged for damage inspection.
SHP0001118,DAMG,Damaged Shipment,Damage,High,Closed,2025-06-07 18:46:33,2025-06-09 15:24:01,2442,Carrier,Shipment flagged for damage inspection.
SHP0001121,WX,Weather Delay,Weather,High,Closed,2025-02-08 04:51:42,2025-02-08 17:07:55,248,Carrier,Shipment delayed because of weather conditions.
SHP0001123,ADDR,Address Issue,Address,Medium,Closed,2025-09-22 07:50:12,2025-09-23 17:15:04,1297,Customer,Delivery address requires correction or validation.
SHP0001124,MSCN,Missed Scan,Process,Medium,Closed,2025-06-12 12:21:58,2025-06-13 00:00:15,323,Operations,Expected scan was not captured on time.
SHP0001126,WX,Weather Delay,Weather,High,Closed,2025-05-20 18:52:49,2025-05-21 16:18:09,859,Carrier,Shipment delayed because of weather conditions.
SHP0001127,WX,Weather Delay,Weather,High,Closed,2025-01-17 00:22:20,2025-01-18 12:26:37,1514,Carrier,Shipment delayed because of weather conditions.
SHP0001129,ADDR,Address Issue,Address,Medium,Closed,2025-01-17 19:07:08,2025-01-18 13:57:48,732,Customer,Delivery address requires correction or validation.
SHP0001130,MECH,Equipment Failure,Mechanical,High,Closed,2025-01-02 01:22:20,2025-01-02 09:49:14,270,Carrier,Equipment failure caused an operational delay.
SHP0001135,ADDR,Address Issue,Address,Medium,Open,2025-07-31 15:08:21,,1293,Customer,Delivery address requires correction or validation.
SHP0001136,WX,Weather Delay,Weather,High,Open,2025-01-27 23:34:47,,1314,Carrier,Shipment delayed because of weather conditions.
SHP0001137,MECH,Equipment Failure,Mechanical,High,Closed,2025-07-06 04:24:12,2025-07-06 21:02:28,610,Carrier,Equipment failure caused an operational delay.
SHP0001140,MSCN,Missed Scan,Process,Medium,Closed,2025-06-16 22:37:15,2025-06-17 08:02:55,265,Operations,Expected scan was not captured on time.
SHP0001142,DAMG,Damaged Shipment,Damage,High,Closed,2025-07-06 00:12:09,2025-07-07 21:40:25,2339,Carrier,Shipment flagged for damage inspection.
SHP0001150,CAP,Capacity Constraint,Capacity,Medium,Closed,2025-08-25 01:40:39,2025-08-25 16:03:44,485,Carrier,Shipment delayed due to available trailer or dock capacity.
SHP0001151,MSCN,Missed Scan,Process,Medium,Closed,2025-02-17 05:33:42,2025-02-17 15:49:25,50,Operations,Expected scan was not captured on time.
SHP0001152,MSCN,Missed Scan,Process,Medium,Closed,2025-08-13 19:46:37,2025-08-14 10:35:47,465,Operations,Expected scan was not captured on time.
SHP0001155,ADDR,Address Issue,Address,Medium,Closed,2025-03-30 08:48:40,2025-03-31 01:41:49,291,Customer,Delivery address requires correction or validation.
SHP0001158,MSCN,Missed Scan,Process,Medium,Closed,2025-05-29 20:14:15,2025-05-30 06:16:25,326,Operations,Expected scan was not captured on time.
SHP0001159,MECH,Equipment Failure,Mechanical,High,Closed,2025-09-10 17:26:38,2025-09-11 11:33:10,524,Carrier,Equipment failure caused an operational delay.
SHP0001160,WX,Weather Delay,Weather,High,Closed,2025-03-17 21:44:47,2025-03-18 04:48:14,316,Carrier,Shipment delayed because of weather conditions.
SHP0001161,WX,Weather Delay,Weather,High,Closed,2025-03-24 10:48:18,2025-03-25 08:00:58,1015,Carrier,Shipment delayed because of weather conditions.
SHP0001163,DAMG,Damaged Shipment,Damage,High,Closed,2025-08-16 21:04:35,2025-08-17 22:18:43,737,Carrier,Shipment flagged for damage inspection.
SHP0001170,WX,Weather Delay,Weather,High,Closed,2025-05-29 05:10:01,2025-05-30 12:06:59,1438,Carrier,Shipment delayed because of weather conditions.
SHP0001172,WX,Weather Delay,Weather,High,Closed,2025-04-11 05:15:01,2025-04-11 18:31:40,797,Carrier,Shipment delayed because of weather conditions.
SHP0001173,CAP,Capacity Constraint,Capacity,Medium,Open,2025-01-27 17:45:50,,617,Carrier,Shipment delayed due to available trailer or dock capacity.
SHP0001174,WX,Weather Delay,Weather,High,Open,2025-09-30 19:41:27,,650,Carrier,Shipment delayed because of weather conditions.
SHP0001178,WX,Weather Delay,Weather,High,Closed,2025-02-25 15:17:31,2025-02-26 21:15:18,927,Carrier,Shipment delayed because of weather conditions.
SHP0001181,WX,Weather Delay,Weather,High,Closed,2025-05-29 06:33:17,2025-05-29 17:48:14,256,Carrier,Shipment delayed because of weather conditions.
SHP0001188,MECH,Equipment Failure,Mechanical,High,Closed,2025-03-30 11:38:21,2025-03-31 09:41:33,1311,Carrier,Equipment failure caused an operational delay.
SHP0001190,MSCN,Missed Scan,Process,Medium,Open,2025-02-04 14:26:02,,312,Operations,Expected scan was not captured on time.
SHP0001191,WX,Weather Delay,Weather,High,Open,2025-09-04 04:51:23,,1289,Carrier,Shipment delayed because of weather conditions.
SHP0001192,MSCN,Missed Scan,Process,Medium,Closed,2025-07-25 23:00:23,2025-07-26 06:34:26,152,Operations,Expected scan was not captured on time.
SHP0001195,MSCN,Missed Scan,Process,Medium,Closed,2025-05-11 21:28:37,2025-05-12 07:01:35,84,Operations,Expected scan was not captured on time.
SHP0001203,ADDR,Address Issue,Address,Medium,Closed,2025-09-01 08:17:19,2025-09-02 13:14:07,924,Customer,Delivery address requires correction or validation.
SHP0001209,MECH,Equipment Failure,Mechanical,High,Closed,2025-05-25 13:56:54,2025-05-26 17:09:49,1245,Carrier,Equipment failure caused an operational delay.
SHP0001211,MSCN,Missed Scan,Process,Medium,Closed,2025-05-04 00:28:12,2025-05-04 20:40:56,498,Operations,Expected scan was not captured on time.
SHP0001213,WX,Weather Delay,Weather,High,Closed,2025-04-15 20:29:12,2025-04-16 18:33:21,953,Carrier,Shipment delayed because of weather conditions.
SHP0001216,WX,Weather Delay,Weather,High,Closed,2025-09-26 21:50:23,2025-09-27 10:38:53,325,Carrier,Shipment delayed because of weather conditions.
SHP0001217,WX,Weather Delay,Weather,High,Closed,2025-07-31 18:47:35,2025-08-01 16:28:01,1059,Carrier,Shipment delayed because of weather conditions.
SHP0001219,CAP,Capacity Constraint,Capacity,Medium,Closed,2025-03-29 12:40:46,2025-03-30 02:21:09,608,Carrier,Shipment delayed due to available trailer or dock capacity.
SHP0001221,ADDR,Address Issue,Address,Medium,Closed,2025-06-28 14:33:34,2025-06-29 16:18:50,1035,Customer,Delivery address requires correction or validation.
SHP0001223,WX,Weather Delay,Weather,High,Closed,2025-09-11 10:25:54,2025-09-12 21:23:18,1517,Carrier,Shipment delayed because of weather conditions.
SHP0001224,WX,Weather Delay,Weather,High,Closed,2025-01-17 07:03:28,2025-01-17 19:56:44,1272,Carrier,Shipment delayed because of weather conditions.
SHP0001225,WX,Weather Delay,Weather,High,Closed,2025-07-28 15:27:31,2025-07-29 20:51:44,1274,Carrier,Shipment delayed because of weather conditions.
SHP0001226,CAP,Capacity Constraint,Capacity,Medium,Closed,2025-07-09 23:43:23,2025-07-10 05:01:43,230,Carrier,Shipment delayed due to available trailer or dock capacity.
SHP0001228,WX,Weather Delay,Weather,High,Closed,2025-03-16 08:27:08,2025-03-16 14:25:18,347,Carrier,Shipment delayed because of weather conditions.
SHP0001234,ADDR,Address Issue,Address,Medium,Closed,2025-09-10 23:29:04,2025-09-11 08:17:46,295,Customer,Delivery address requires correction or validation.
SHP0001244,ADDR,Address Issue,Address,Medium,Closed,2025-01-12 21:01:48,2025-01-13 21:36:27,859,Customer,Delivery address requires correction or validation.
SHP0001245,CAP,Capacity Constraint,Capacity,Medium,Closed,2025-06-13 15:52:16,2025-06-14 01:57:20,382,Carrier,Shipment delayed due to available trailer or dock capacity.
SHP0001246,WX,Weather Delay,Weather,High,Closed,2025-05-06 07:59:07,2025-05-07 07:13:19,704,Carrier,Shipment delayed because of weather conditions.
SHP0001247,CAP,Capacity Constraint,Capacity,Medium,Closed,2025-02-11 01:38:55,2025-02-11 14:05:49,230,Carrier,Shipment delayed due to available trailer or dock capacity.
SHP0001248,ADDR,Address Issue,Address,Medium,Closed,2025-09-05 16:57:55,2025-09-06 20:47:52,1003,Customer,Delivery address requires correction or validation.
SHP0001249,MSCN,Missed Scan,Process,Medium,Closed,2025-03-10 10:28:45,2025-03-10 20:05:05,227,Operations,Expected scan was not captured on time.
SHP0001252,MSCN,Missed Scan,Process,Medium,Closed,2025-02-03 11:58:14,2025-02-04 00:34:52,154,Operations,Expected scan was not captured on time.
SHP0001253,WX,Weather Delay,Weather,High,Closed,2025-09-20 05:33:50,2025-09-20 22:26:03,414,Carrier,Shipment delayed because of weather conditions.
SHP0001255,WX,Weather Delay,Weather,High,Closed,2025-09-25 09:15:21,2025-09-26 09:28:34,1366,Carrier,Shipment delayed because of weather conditions.
SHP0001259,WX,Weather Delay,Weather,High,Closed,2025-04-13 16:27:47,2025-04-14 09:47:54,721,Carrier,Shipment delayed because of weather conditions.
SHP0001260,CAP,Capacity Constraint,Capacity,Medium,Closed,2025-03-29 13:14:43,2025-03-29 23:31:23,550,Carrier,Shipment delayed due to available trailer or dock capacity.
SHP0001264,ADDR,Address Issue,Address,Medium,Closed,2025-07-11 22:17:20,2025-07-12 11:43:11,565,Customer,Delivery address requires correction or validation.
SHP0001265,ADDR,Address Issue,Address,Medium,Closed,2025-06-17 04:34:47,2025-06-17 23:23:37,887,Customer,Delivery address requires correction or validation.
SHP0001269,WX,Weather Delay,Weather,High,Closed,2025-01-22 20:23:13,2025-01-23 12:06:09,811,Carrier,Shipment delayed because of weather conditions.
SHP0001270,MSCN,Missed Scan,Process,Medium,Closed,2025-03-30 19:01:04,2025-03-31 15:28:31,532,Operations,Expected scan was not captured on time.
SHP0001271,MSCN,Missed Scan,Process,Medium,Closed,2025-09-17 19:24:14,2025-09-18 06:45:41,515,Operations,Expected scan was not captured on time.
SHP0001272,MSCN,Missed Scan,Process,Medium,Closed,2025-03-30 15:50:29,2025-03-31 05:56:27,416,Operations,Expected scan was not captured on time.
SHP0001278,ADDR,Address Issue,Address,Medium,Closed,2025-03-05 06:40:36,2025-03-06 00:22:38,1195,Customer,Delivery address requires correction or validation.
SHP0001279,ADDR,Address Issue,Address,Medium,Closed,2025-04-20 08:14:22,2025-04-20 11:16:35,183,Customer,Delivery address requires correction or validation.
SHP0001280,MSCN,Missed Scan,Process,Medium,Closed,2025-04-11 22:23:54,2025-04-12 00:45:40,128,Operations,Expected scan was not captured on time.
SHP0001283,DAMG,Damaged Shipment,Damage,High,Closed,2025-05-19 18:52:55,2025-05-20 17:07:28,1185,Carrier,Shipment flagged for damage inspection.
SHP0001285,CAP,Capacity Constraint,Capacity,Medium,Closed,2025-07-11 07:53:16,2025-07-11 16:04:49,551,Carrier,Shipment delayed due to available trailer or dock capacity.
SHP0001287,ADDR,Address Issue,Address,Medium,Closed,2025-07-31 12:15:43,2025-08-01 07:34:53,1435,Customer,Delivery address requires correction or validation.
SHP0001294,WX,Weather Delay,Weather,High,Closed,2025-05-19 04:40:28,2025-05-20 02:10:00,548,Carrier,Shipment delayed because of weather conditions.
SHP0001295,DAMG,Damaged Shipment,Damage,High,Closed,2025-03-05 17:55:00,2025-03-07 22:56:24,2564,Carrier,Shipment flagged for damage inspection.
SHP0001298,ADDR,Address Issue,Address,Medium,Closed,2025-05-30 20:45:53,2025-05-31 09:40:33,659,Customer,Delivery address requires correction or validation.
SHP0001299,WX,Weather Delay,Weather,High,Closed,2025-09-03 04:58:45,2025-09-04 14:08:08,1408,Carrier,Shipment delayed because of weather conditions.
SHP0001302,WX,Weather Delay,Weather,High,Closed,2025-08-14 22:18:28,2025-08-15 22:28:45,609,Carrier,Shipment delayed because of weather conditions.
SHP0001303,MECH,Equipment Failure,Mechanical,High,Closed,2025-07-14 21:26:51,2025-07-15 13:01:33,616,Carrier,Equipment failure caused an operational delay.
SHP0001304,DAMG,Damaged Shipment,Damage,High,Closed,2025-09-21 06:54:48,2025-09-22 04:33:45,696,Carrier,Shipment flagged for damage inspection.
SHP0001308,WX,Weather Delay,Weather,High,Closed,2025-02-17 11:34:48,2025-02-18 14:37:59,1651,Carrier,Shipment delayed because of weather conditions.
SHP0001311,WX,Weather Delay,Weather,High,Closed,2025-05-30 02:03:13,2025-05-31 02:55:53,868,Carrier,Shipment delayed because of weather conditions.
SHP0001313,MSCN,Missed Scan,Process,Medium,Closed,2025-05-20 09:38:07,2025-05-21 01:14:40,507,Operations,Expected scan was not captured on time.
SHP0001316,MSCN,Missed Scan,Process,Medium,Closed,2025-05-27 13:06:39,2025-05-27 17:56:56,161,Operations,Expected scan was not captured on time.
SHP0001323,MSCN,Missed Scan,Process,Medium,Closed,2025-02-23 12:33:50,2025-02-24 04:14:53,489,Operations,Expected scan was not captured on time.
SHP0001327,WX,Weather Delay,Weather,High,Closed,2025-04-11 08:27:05,2025-04-12 11:53:12,923,Carrier,Shipment delayed because of weather conditions.
SHP0001330,WX,Weather Delay,Weather,High,Closed,2025-07-20 16:29:55,2025-07-21 16:29:12,1483,Carrier,Shipment delayed because of weather conditions.
SHP0001331,ADDR,Address Issue,Address,Medium,Closed,2025-01-25 08:04:21,2025-01-26 03:42:51,687,Customer,Delivery address requires correction or validation.
SHP0001332,DAMG,Damaged Shipment,Damage,High,Closed,2025-06-23 23:44:53,2025-06-24 14:06:53,510,Carrier,Shipment flagged for damage inspection.
SHP0001338,WX,Weather Delay,Weather,High,Closed,2025-02-16 02:35:47,2025-02-16 17:16:30,683,Carrier,Shipment delayed because of weather conditions.
SHP0001339,WX,Weather Delay,Weather,High,Closed,2025-01-14 08:35:13,2025-01-15 12:50:42,1352,Carrier,Shipment delayed because of weather conditions.
SHP0001341,DAMG,Damaged Shipment,Damage,High,Closed,2025-05-08 07:39:43,2025-05-08 19:32:19,553,Carrier,Shipment flagged for damage inspection.
SHP0001342,ADDR,Address Issue,Address,Medium,Closed,2025-01-24 21:26:28,2025-01-25 10:11:57,142,Customer,Delivery address requires correction or validation.
SHP0001345,MECH,Equipment Failure,Mechanical,High,Closed,2025-05-19 17:42:32,2025-05-20 05:52:57,753,Carrier,Equipment failure caused an operational delay.
SHP0001346,MECH,Equipment Failure,Mechanical,High,Closed,2025-08-26 02:51:40,2025-08-26 23:30:56,1058,Carrier,Equipment failure caused an operational delay.
SHP0001347,DAMG,Damaged Shipment,Damage,High,Open,2025-02-05 22:08:29,,1161,Carrier,Shipment flagged for damage inspection.
SHP0001354,DAMG,Damaged Shipment,Damage,High,Closed,2025-02-03 02:17:43,2025-02-04 20:12:53,2462,Carrier,Shipment flagged for damage inspection.
SHP0001355,WX,Weather Delay,Weather,High,Closed,2025-06-15 08:33:10,2025-06-16 21:30:50,1670,Carrier,Shipment delayed because of weather conditions.
SHP0001356,DAMG,Damaged Shipment,Damage,High,Closed,2025-09-01 20:20:43,2025-09-03 19:59:40,2764,Carrier,Shipment flagged for damage inspection.
SHP0001357,ADDR,Address Issue,Address,Medium,Closed,2025-07-02 21:02:39,2025-07-03 22:35:47,738,Customer,Delivery address requires correction or validation.
SHP0001360,MSCN,Missed Scan,Process,Medium,Closed,2025-05-08 20:45:38,2025-05-09 08:10:38,335,Operations,Expected scan was not captured on time.
SHP0001365,DAMG,Damaged Shipment,Damage,High,Closed,2025-07-10 10:47:18,2025-07-11 06:57:27,946,Carrier,Shipment flagged for damage inspection.
SHP0001366,MSCN,Missed Scan,Process,Medium,Closed,2025-07-19 05:16:36,2025-07-19 16:08:11,96,Operations,Expected scan was not captured on time.
SHP0001371,MSCN,Missed Scan,Process,Medium,Closed,2025-05-17 18:25:05,2025-05-17 21:42:15,233,Operations,Expected scan was not captured on time.
SHP0001375,WX,Weather Delay,Weather,High,Closed,2025-03-29 20:47:03,2025-03-30 20:00:06,1357,Carrier,Shipment delayed because of weather conditions.
SHP0001379,ADDR,Address Issue,Address,Medium,Closed,2025-02-07 08:44:26,2025-02-08 11:01:49,1062,Customer,Delivery address requires correction or validation.
SHP0001382,MSCN,Missed Scan,Process,Medium,Closed,2025-05-29 21:34:00,2025-05-30 09:29:26,280,Operations,Expected scan was not captured on time.
SHP0001386,MSCN,Missed Scan,Process,Medium,Closed,2025-05-14 20:36:10,2025-05-15 05:29:47,524,Operations,Expected scan was not captured on time.
SHP0001389,CAP,Capacity Constraint,Capacity,Medium,Closed,2025-01-28 15:18:56,2025-01-29 07:22:24,502,Carrier,Shipment delayed due to available trailer or dock capacity.
SHP0001392,DAMG,Damaged Shipment,Damage,High,Closed,2025-09-08 01:38:45,2025-09-08 20:58:25,504,Carrier,Shipment flagged for damage inspection.
SHP0001393,WX,Weather Delay,Weather,High,Closed,2025-09-02 14:09:50,2025-09-03 15:19:05,1100,Carrier,Shipment delayed because of weather conditions.
SHP0001396,MSCN,Missed Scan,Process,Medium,Closed,2025-05-07 23:28:14,2025-05-08 07:34:33,274,Operations,Expected scan was not captured on time.
SHP0001397,DAMG,Damaged Shipment,Damage,High,Closed,2025-01-22 03:45:43,2025-01-22 23:05:48,596,Carrier,Shipment flagged for damage inspection.
SHP0001399,DAMG,Damaged Shipment,Damage,High,Closed,2025-06-10 06:20:45,2025-06-11 19:19:40,1947,Carrier,Shipment flagged for damage inspection.
SHP0001403,WX,Weather Delay,Weather,High,Closed,2025-03-31 21:45:42,2025-04-01 13:15:02,390,Carrier,Shipment delayed because of weather conditions.
SHP0001405,WX,Weather Delay,Weather,High,Closed,2025-04-16 18:54:37,2025-04-17 05:03:15,382,Carrier,Shipment delayed because of weather conditions.
SHP0001406,ADDR,Address Issue,Address,Medium,Closed,2025-04-25 06:01:19,2025-04-25 20:42:53,217,Customer,Delivery address requires correction or validation.
SHP0001409,CAP,Capacity Constraint,Capacity,Medium,Closed,2025-05-26 07:29:52,2025-05-26 22:11:35,677,Carrier,Shipment delayed due to available trailer or dock capacity.
SHP0001410,WX,Weather Delay,Weather,High,Closed,2025-08-21 11:12:43,2025-08-21 21:08:37,382,Carrier,Shipment delayed because of weather conditions.
SHP0001413,WX,Weather Delay,Weather,High,Closed,2025-01-11 05:42:51,2025-01-11 18:30:37,353,Carrier,Shipment delayed because of weather conditions.
SHP0001415,ADDR,Address Issue,Address,Medium,Closed,2025-08-29 22:41:26,2025-08-30 17:07:50,614,Customer,Delivery address requires correction or validation.
SHP0001416,DAMG,Damaged Shipment,Damage,High,Closed,2025-02-13 21:15:33,2025-02-16 03:01:02,2766,Carrier,Shipment flagged for damage inspection.
SHP0001417,ADDR,Address Issue,Address,Medium,Closed,2025-03-26 23:04:49,2025-03-27 03:47:14,322,Customer,Delivery address requires correction or validation.
SHP0001421,ADDR,Address Issue,Address,Medium,Closed,2025-05-27 03:18:10,2025-05-27 20:49:37,577,Customer,Delivery address requires correction or validation.
SHP0001424,ADDR,Address Issue,Address,Medium,Closed,2025-07-05 02:48:58,2025-07-05 19:22:21,575,Customer,Delivery address requires correction or validation.
SHP0001426,MSCN,Missed Scan,Process,Medium,Closed,2025-01-09 19:13:33,2025-01-10 01:26:51,33,Operations,Expected scan was not captured on time.
SHP0001427,WX,Weather Delay,Weather,High,Closed,2025-02-24 00:01:09,2025-02-25 16:12:50,1623,Carrier,Shipment delayed because of weather conditions.
SHP0001429,ADDR,Address Issue,Address,Medium,Closed,2025-06-22 03:00:24,2025-06-22 23:17:50,590,Customer,Delivery address requires correction or validation.
SHP0001431,WX,Weather Delay,Weather,High,Closed,2025-02-12 21:43:18,2025-02-14 02:06:22,1119,Carrier,Shipment delayed because of weather conditions.
SHP0001433,MECH,Equipment Failure,Mechanical,High,Closed,2025-07-24 13:31:09,2025-07-25 03:05:01,700,Carrier,Equipment failure caused an operational delay.
SHP0001436,ADDR,Address Issue,Address,Medium,Closed,2025-04-22 05:46:42,2025-04-23 05:34:38,746,Customer,Delivery address requires correction or validation.
SHP0001437,CAP,Capacity Constraint,Capacity,Medium,Closed,2025-07-18 11:39:38,2025-07-18 18:24:05,342,Carrier,Shipment delayed due to available trailer or dock capacity.
SHP0001444,ADDR,Address Issue,Address,Medium,Closed,2025-09-24 00:35:22,2025-09-25 06:14:06,1435,Customer,Delivery address requires correction or validation.
SHP0001451,ADDR,Address Issue,Address,Medium,Closed,2025-02-11 05:49:30,2025-02-11 19:48:28,310,Customer,Delivery address requires correction or validation.
SHP0001453,ADDR,Address Issue,Address,Medium,Closed,2025-06-28 17:35:25,2025-06-29 10:29:46,595,Customer,Delivery address requires correction or validation.
SHP0001454,ADDR,Address Issue,Address,Medium,Open,2025-02-22 06:07:02,,426,Customer,Delivery address requires correction or validation.
SHP0001456,DAMG,Damaged Shipment,Damage,High,Closed,2025-05-19 15:48:06,2025-05-20 06:13:28,461,Carrier,Shipment flagged for damage inspection.
SHP0001459,WX,Weather Delay,Weather,High,Closed,2025-04-05 18:07:50,2025-04-06 20:34:55,1366,Carrier,Shipment delayed because of weather conditions.
SHP0001460,DAMG,Damaged Shipment,Damage,High,Closed,2025-07-08 13:43:53,2025-07-10 00:23:16,1993,Carrier,Shipment flagged for damage inspection.
SHP0001465,DAMG,Damaged Shipment,Damage,High,Closed,2025-09-22 16:07:37,2025-09-24 15:18:12,2299,Carrier,Shipment flagged for damage inspection.
SHP0001466,MECH,Equipment Failure,Mechanical,High,Closed,2025-05-03 10:27:06,2025-05-04 08:47:02,1104,Carrier,Equipment failure caused an operational delay.
SHP0001467,CAP,Capacity Constraint,Capacity,Medium,Closed,2025-01-16 06:26:47,2025-01-16 19:36:49,252,Carrier,Shipment delayed due to available trailer or dock capacity.
SHP0001469,DAMG,Damaged Shipment,Damage,High,Closed,2025-05-04 07:41:42,2025-05-05 18:36:12,1406,Carrier,Shipment flagged for damage inspection.
SHP0001470,MSCN,Missed Scan,Process,Medium,Closed,2025-09-14 10:22:09,2025-09-14 22:13:02,240,Operations,Expected scan was not captured on time.
SHP0001471,ADDR,Address Issue,Address,Medium,Closed,2025-08-26 18:43:16,2025-08-27 03:50:53,439,Customer,Delivery address requires correction or validation.
SHP0001475,DAMG,Damaged Shipment,Damage,High,Closed,2025-09-10 18:21:43,2025-09-12 20:25:12,2826,Carrier,Shipment flagged for damage inspection.
SHP0001477,WX,Weather Delay,Weather,High,Closed,2025-07-09 15:18:10,2025-07-10 09:07:21,507,Carrier,Shipment delayed because of weather conditions.
SHP0001478,MSCN,Missed Scan,Process,Medium,Closed,2025-01-25 06:22:24,2025-01-25 09:57:01,37,Operations,Expected scan was not captured on time.
SHP0001479,CAP,Capacity Constraint,Capacity,Medium,Closed,2025-05-10 23:01:40,2025-05-11 12:47:08,229,Carrier,Shipment delayed due to available trailer or dock capacity.
SHP0001481,ADDR,Address Issue,Address,Medium,Closed,2025-06-18 02:31:54,2025-06-18 16:01:00,154,Customer,Delivery address requires correction or validation.
SHP0001482,WX,Weather Delay,Weather,High,Closed,2025-06-18 23:54:57,2025-06-20 02:39:32,1229,Carrier,Shipment delayed because of weather conditions.
SHP0001484,CAP,Capacity Constraint,Capacity,Medium,Closed,2025-08-21 14:55:13,2025-08-22 04:50:02,518,Carrier,Shipment delayed due to available trailer or dock capacity.
SHP0001486,ADDR,Address Issue,Address,Medium,Closed,2025-04-19 10:54:19,2025-04-20 17:14:32,1142,Customer,Delivery address requires correction or validation.
SHP0001491,MECH,Equipment Failure,Mechanical,High,Closed,2025-08-16 23:07:55,2025-08-18 01:08:59,931,Carrier,Equipment failure caused an operational delay.
SHP0001492,MECH,Equipment Failure,Mechanical,High,Closed,2025-05-18 14:54:54,2025-05-18 18:23:24,262,Carrier,Equipment failure caused an operational delay.
SHP0001493,CAP,Capacity Constraint,Capacity,Medium,Closed,2025-03-30 12:36:39,2025-03-31 16:58:16,959,Carrier,Shipment delayed due to available trailer or dock capacity.
SHP0001496,WX,Weather Delay,Weather,High,Closed,2025-03-30 04:43:48,2025-03-30 20:23:02,578,Carrier,Shipment delayed because of weather conditions.
SHP0001497,WX,Weather Delay,Weather,High,Open,2025-07-31 14:06:42,,1412,Carrier,Shipment delayed because of weather conditions.
SHP0001499,ADDR,Address Issue,Address,Medium,Closed,2025-02-28 02:08:25,2025-03-01 03:29:47,1333,Customer,Delivery address requires correction or validation.
SHP0001500,WX,Weather Delay,Weather,High,Closed,2025-01-29 10:02:24,2025-01-30 03:40:04,641,Carrier,Shipment delayed because of weather conditions.
SHP0001501,DAMG,Damaged Shipment,Damage,High,Closed,2025-03-17 08:41:29,2025-03-19 19:18:09,2848,Carrier,Shipment flagged for damage inspection.
SHP0001503,MSCN,Missed Scan,Process,Medium,Closed,2025-07-12 13:55:50,2025-07-13 00:55:40,337,Operations,Expected scan was not captured on time.
SHP0001504,WX,Weather Delay,Weather,High,Closed,2025-02-12 04:04:50,2025-02-13 07:03:26,876,Carrier,Shipment delayed because of weather conditions.
SHP0001506,DAMG,Damaged Shipment,Damage,High,Open,2025-03-03 19:18:31,,1596,Carrier,Shipment flagged for damage inspection.
SHP0001507,DAMG,Damaged Shipment,Damage,High,Closed,2025-02-08 08:01:00,2025-02-08 21:52:42,725,Carrier,Shipment flagged for damage inspection.
SHP0001509,MSCN,Missed Scan,Process,Medium,Closed,2025-01-11 15:31:31,2025-01-12 03:26:02,241,Operations,Expected scan was not captured on time.
SHP0001510,ADDR,Address Issue,Address,Medium,Closed,2025-03-18 15:11:20,2025-03-18 18:55:17,233,Customer,Delivery address requires correction or validation.
SHP0001513,MSCN,Missed Scan,Process,Medium,Closed,2025-09-13 00:16:52,2025-09-13 07:55:36,525,Operations,Expected scan was not captured on time.
SHP0001515,CAP,Capacity Constraint,Capacity,Medium,Closed,2025-01-29 13:40:16,2025-01-29 23:17:15,639,Carrier,Shipment delayed due to available trailer or dock capacity.
SHP0001518,DAMG,Damaged Shipment,Damage,High,Closed,2025-06-02 02:10:36,2025-06-03 00:54:08,694,Carrier,Shipment flagged for damage inspection.
SHP0001519,CAP,Capacity Constraint,Capacity,Medium,Closed,2025-08-27 04:45:32,2025-08-27 16:47:46,745,Carrier,Shipment delayed due to available trailer or dock capacity.
SHP0001523,ADDR,Address Issue,Address,Medium,Closed,2025-07-07 17:43:55,2025-07-08 20:21:14,1011,Customer,Delivery address requires correction or validation.
SHP0001525,WX,Weather Delay,Weather,High,Closed,2025-03-08 02:22:13,2025-03-09 06:47:50,1036,Carrier,Shipment delayed because of weather conditions.
SHP0001526,MSCN,Missed Scan,Process,Medium,Closed,2025-02-02 02:12:04,2025-02-02 17:38:24,411,Operations,Expected scan was not captured on time.
SHP0001528,WX,Weather Delay,Weather,High,Closed,2025-05-04 18:19:01,2025-05-05 17:06:21,1205,Carrier,Shipment delayed because of weather conditions.
SHP0001531,DAMG,Damaged Shipment,Damage,High,Closed,2025-03-23 14:09:23,2025-03-24 13:41:23,955,Carrier,Shipment flagged for damage inspection.
SHP0001536,MECH,Equipment Failure,Mechanical,High,Closed,2025-01-23 04:35:56,2025-01-23 19:50:13,212,Carrier,Equipment failure caused an operational delay.
SHP0001543,MSCN,Missed Scan,Process,Medium,Closed,2025-02-07 17:31:48,2025-02-08 01:20:09,32,Operations,Expected scan was not captured on time.
SHP0001544,WX,Weather Delay,Weather,High,Open,2025-02-16 02:23:33,,932,Carrier,Shipment delayed because of weather conditions.
SHP0001546,MSCN,Missed Scan,Process,Medium,Closed,2025-01-13 02:52:51,2025-01-13 10:34:53,523,Operations,Expected scan was not captured on time.
SHP0001549,MECH,Equipment Failure,Mechanical,High,Open,2025-04-13 17:48:08,,723,Carrier,Equipment failure caused an operational delay.
SHP0001553,DAMG,Damaged Shipment,Damage,High,Open,2025-05-29 07:22:38,,724,Carrier,Shipment flagged for damage inspection.
SHP0001555,MSCN,Missed Scan,Process,Medium,Closed,2025-04-07 11:49:17,2025-04-07 16:16:08,309,Operations,Expected scan was not captured on time.
SHP0001559,ADDR,Address Issue,Address,Medium,Closed,2025-05-14 12:41:35,2025-05-15 04:29:57,422,Customer,Delivery address requires correction or validation.
SHP0001562,CAP,Capacity Constraint,Capacity,Medium,Closed,2025-07-17 05:45:13,2025-07-18 09:36:06,938,Carrier,Shipment delayed due to available trailer or dock capacity.
SHP0001568,CAP,Capacity Constraint,Capacity,Medium,Closed,2025-08-21 09:18:25,2025-08-22 00:12:01,424,Carrier,Shipment delayed due to available trailer or dock capacity.
SHP0001580,WX,Weather Delay,Weather,High,Closed,2025-02-09 21:24:25,2025-02-10 11:24:29,647,Carrier,Shipment delayed because of weather conditions.
SHP0001589,MECH,Equipment Failure,Mechanical,High,Closed,2025-01-21 21:11:17,2025-01-22 18:57:14,627,Carrier,Equipment failure caused an operational delay.
SHP0001593,WX,Weather Delay,Weather,High,Open,2025-05-07 08:36:06,,1197,Carrier,Shipment delayed because of weather conditions.
SHP0001597,CAP,Capacity Constraint,Capacity,Medium,Closed,2025-08-30 22:03:15,2025-08-31 15:05:11,498,Carrier,Shipment delayed due to available trailer or dock capacity.
SHP0001599,WX,Weather Delay,Weather,High,Closed,2025-03-22 16:40:25,2025-03-23 12:35:55,1058,Carrier,Shipment delayed because of weather conditions.
SHP0001601,CAP,Capacity Constraint,Capacity,Medium,Closed,2025-09-10 22:28:07,2025-09-11 09:44:58,364,Carrier,Shipment delayed due to available trailer or dock capacity.
SHP0001604,ADDR,Address Issue,Address,Medium,Closed,2025-06-16 03:45:23,2025-06-16 13:46:39,722,Customer,Delivery address requires correction or validation.
SHP0001606,MECH,Equipment Failure,Mechanical,High,Closed,2025-06-30 12:08:34,2025-06-30 20:52:58,420,Carrier,Equipment failure caused an operational delay.
SHP0001610,ADDR,Address Issue,Address,Medium,Closed,2025-06-05 11:54:21,2025-06-06 16:17:17,1110,Customer,Delivery address requires correction or validation.
SHP0001613,ADDR,Address Issue,Address,Medium,Closed,2025-05-29 10:47:18,2025-05-30 00:56:32,606,Customer,Delivery address requires correction or validation.
SHP0001619,DAMG,Damaged Shipment,Damage,High,Closed,2025-03-26 13:47:18,2025-03-27 03:16:37,623,Carrier,Shipment flagged for damage inspection.
SHP0001620,MECH,Equipment Failure,Mechanical,High,Closed,2025-08-27 05:22:50,2025-08-28 06:00:55,1208,Carrier,Equipment failure caused an operational delay.
SHP0001621,CAP,Capacity Constraint,Capacity,Medium,Closed,2025-03-24 09:29:45,2025-03-24 18:18:54,423,Carrier,Shipment delayed due to available trailer or dock capacity.
SHP0001624,MSCN,Missed Scan,Process,Medium,Closed,2025-09-28 01:35:59,2025-09-28 08:21:17,300,Operations,Expected scan was not captured on time.
SHP0001626,CAP,Capacity Constraint,Capacity,Medium,Closed,2025-05-05 06:40:39,2025-05-05 14:06:17,304,Carrier,Shipment delayed due to available trailer or dock capacity.
SHP0001629,WX,Weather Delay,Weather,High,Closed,2025-06-16 14:09:39,2025-06-17 10:51:33,624,Carrier,Shipment delayed because of weather conditions.
SHP0001633,ADDR,Address Issue,Address,Medium,Closed,2025-09-30 08:36:56,2025-10-01 19:18:01,1394,Customer,Delivery address requires correction or validation.
SHP0001635,MSCN,Missed Scan,Process,Medium,Closed,2025-06-28 08:43:29,2025-06-28 21:31:14,295,Operations,Expected scan was not captured on time.
SHP0001638,MECH,Equipment Failure,Mechanical,High,Closed,2025-01-03 09:59:52,2025-01-04 02:18:08,458,Carrier,Equipment failure caused an operational delay.
SHP0001639,DAMG,Damaged Shipment,Damage,High,Closed,2025-05-22 06:22:54,2025-05-24 11:18:00,2817,Carrier,Shipment flagged for damage inspection.
SHP0001641,WX,Weather Delay,Weather,High,Closed,2025-09-21 16:48:43,2025-09-22 12:09:58,507,Carrier,Shipment delayed because of weather conditions.
SHP0001643,WX,Weather Delay,Weather,High,Closed,2025-07-27 13:13:24,2025-07-28 05:06:42,316,Carrier,Shipment delayed because of weather conditions.
SHP0001651,CAP,Capacity Constraint,Capacity,Medium,Closed,2025-04-21 23:25:54,2025-04-22 03:59:02,63,Carrier,Shipment delayed due to available trailer or dock capacity.
SHP0001653,ADDR,Address Issue,Address,Medium,Closed,2025-05-12 05:24:36,2025-05-12 15:48:17,294,Customer,Delivery address requires correction or validation.
SHP0001654,DAMG,Damaged Shipment,Damage,High,Closed,2025-05-04 08:55:04,2025-05-04 22:32:48,410,Carrier,Shipment flagged for damage inspection.
SHP0001658,DAMG,Damaged Shipment,Damage,High,Closed,2025-05-01 00:40:47,2025-05-03 03:52:52,2722,Carrier,Shipment flagged for damage inspection.
SHP0001662,ADDR,Address Issue,Address,Medium,Closed,2025-08-08 01:08:33,2025-08-08 17:09:34,401,Customer,Delivery address requires correction or validation.
SHP0001670,MSCN,Missed Scan,Process,Medium,Closed,2025-07-28 23:40:00,2025-07-29 18:52:20,379,Operations,Expected scan was not captured on time.
SHP0001672,WX,Weather Delay,Weather,High,Closed,2025-06-03 07:10:25,2025-06-03 20:50:58,331,Carrier,Shipment delayed because of weather conditions.
SHP0001674,WX,Weather Delay,Weather,High,Closed,2025-01-18 01:07:59,2025-01-18 10:22:53,838,Carrier,Shipment delayed because of weather conditions.
SHP0001675,MSCN,Missed Scan,Process,Medium,Closed,2025-08-29 04:12:37,2025-08-29 17:22:46,421,Operations,Expected scan was not captured on time.
SHP0001676,CAP,Capacity Constraint,Capacity,Medium,Closed,2025-01-30 05:36:35,2025-01-30 14:35:36,288,Carrier,Shipment delayed due to available trailer or dock capacity.
SHP0001678,ADDR,Address Issue,Address,Medium,Open,2025-07-27 08:56:15,,407,Customer,Delivery address requires correction or validation.
SHP0001679,MSCN,Missed Scan,Process,Medium,Closed,2025-09-27 09:48:46,2025-09-28 01:55:18,366,Operations,Expected scan was not captured on time.
SHP0001683,ADDR,Address Issue,Address,Medium,Closed,2025-06-20 11:04:52,2025-06-21 06:38:06,704,Customer,Delivery address requires correction or validation.
SHP0001686,MECH,Equipment Failure,Mechanical,High,Closed,2025-04-10 12:37:52,2025-04-11 03:49:52,905,Carrier,Equipment failure caused an operational delay.
SHP0001691,WX,Weather Delay,Weather,High,Closed,2025-05-03 02:18:51,2025-05-04 07:27:22,1255,Carrier,Shipment delayed because of weather conditions.
SHP0001692,CAP,Capacity Constraint,Capacity,Medium,Closed,2025-09-14 10:07:27,2025-09-15 05:10:16,639,Carrier,Shipment delayed due to available trailer or dock capacity.
SHP0001693,MSCN,Missed Scan,Process,Medium,Closed,2025-09-03 17:39:59,2025-09-03 23:19:51,146,Operations,Expected scan was not captured on time.
SHP0001694,MECH,Equipment Failure,Mechanical,High,Closed,2025-08-09 11:45:35,2025-08-09 23:34:26,635,Carrier,Equipment failure caused an operational delay.
SHP0001695,ADDR,Address Issue,Address,Medium,Closed,2025-03-21 16:16:44,2025-03-22 17:57:35,1317,Customer,Delivery address requires correction or validation.
SHP0001698,DAMG,Damaged Shipment,Damage,High,Closed,2025-04-12 09:44:28,2025-04-12 19:58:16,690,Carrier,Shipment flagged for damage inspection.
SHP0001703,ADDR,Address Issue,Address,Medium,Closed,2025-07-08 22:35:31,2025-07-09 19:39:35,884,Customer,Delivery address requires correction or validation.
SHP0001707,MSCN,Missed Scan,Process,Medium,Open,2025-08-16 00:50:20,,203,Operations,Expected scan was not captured on time.
SHP0001709,DAMG,Damaged Shipment,Damage,High,Closed,2025-06-13 08:07:24,2025-06-14 22:38:23,2148,Carrier,Shipment flagged for damage inspection.
SHP0001715,MSCN,Missed Scan,Process,Medium,Open,2025-05-18 14:34:38,,538,Operations,Expected scan was not captured on time.
SHP0001718,MSCN,Missed Scan,Process,Medium,Open,2025-07-11 22:49:37,,42,Operations,Expected scan was not captured on time.
SHP0001719,DAMG,Damaged Shipment,Damage,High,Closed,2025-09-26 05:59:32,2025-09-28 10:27:06,2604,Carrier,Shipment flagged for damage inspection.
SHP0001723,MECH,Equipment Failure,Mechanical,High,Open,2025-09-12 01:40:22,,341,Carrier,Equipment failure caused an operational delay.
SHP0001728,CAP,Capacity Constraint,Capacity,Medium,Closed,2025-09-28 18:58:14,2025-09-29 12:28:36,525,Carrier,Shipment delayed due to available trailer or dock capacity.
SHP0001729,ADDR,Address Issue,Address,Medium,Closed,2025-01-14 16:24:30,2025-01-16 05:46:09,1352,Customer,Delivery address requires correction or validation.
SHP0001733,CAP,Capacity Constraint,Capacity,Medium,Closed,2025-07-23 19:41:14,2025-07-24 11:39:02,476,Carrier,Shipment delayed due to available trailer or dock capacity.
SHP0001735,MSCN,Missed Scan,Process,Medium,Closed,2025-08-10 02:45:07,2025-08-10 14:17:47,105,Operations,Expected scan was not captured on time.
SHP0001736,WX,Weather Delay,Weather,High,Closed,2025-09-15 11:52:09,2025-09-15 21:26:28,247,Carrier,Shipment delayed because of weather conditions.
SHP0001737,CAP,Capacity Constraint,Capacity,Medium,Closed,2025-09-16 04:03:34,2025-09-16 21:03:15,512,Carrier,Shipment delayed due to available trailer or dock capacity.
SHP0001739,DAMG,Damaged Shipment,Damage,High,Closed,2025-07-22 07:49:04,2025-07-24 05:01:25,2085,Carrier,Shipment flagged for damage inspection.
SHP0001740,CAP,Capacity Constraint,Capacity,Medium,Closed,2025-05-02 13:38:11,2025-05-03 04:28:30,129,Carrier,Shipment delayed due to available trailer or dock capacity.
SHP0001743,ADDR,Address Issue,Address,Medium,Closed,2025-02-22 13:14:07,2025-02-23 11:27:08,757,Customer,Delivery address requires correction or validation.
SHP0001747,ADDR,Address Issue,Address,Medium,Closed,2025-06-23 01:48:52,2025-06-23 15:23:46,613,Customer,Delivery address requires correction or validation.
SHP0001749,ADDR,Address Issue,Address,Medium,Open,2025-06-06 15:55:31,,679,Customer,Delivery address requires correction or validation.
SHP0001752,DAMG,Damaged Shipment,Damage,High,Closed,2025-06-05 21:07:25,2025-06-06 05:01:28,434,Carrier,Shipment flagged for damage inspection.
SHP0001753,ADDR,Address Issue,Address,Medium,Closed,2025-05-19 01:46:34,2025-05-19 17:17:59,722,Customer,Delivery address requires correction or validation.
SHP0001755,ADDR,Address Issue,Address,Medium,Closed,2025-08-23 08:24:39,2025-08-24 02:34:34,145,Customer,Delivery address requires correction or validation.
SHP0001756,CAP,Capacity Constraint,Capacity,Medium,Closed,2025-06-10 00:05:11,2025-06-10 23:54:54,822,Carrier,Shipment delayed due to available trailer or dock capacity.
SHP0001757,DAMG,Damaged Shipment,Damage,High,Closed,2025-08-07 07:14:02,2025-08-08 20:20:33,1410,Carrier,Shipment flagged for damage inspection.
SHP0001758,ADDR,Address Issue,Address,Medium,Closed,2025-03-14 13:09:59,2025-03-14 23:40:39,176,Customer,Delivery address requires correction or validation.
SHP0001761,DAMG,Damaged Shipment,Damage,High,Open,2025-08-14 19:17:32,,623,Carrier,Shipment flagged for damage inspection.
SHP0001762,CAP,Capacity Constraint,Capacity,Medium,Closed,2025-07-23 13:08:56,2025-07-24 07:16:18,864,Carrier,Shipment delayed due to available trailer or dock capacity.
SHP0001764,WX,Weather Delay,Weather,High,Closed,2025-06-21 12:42:09,2025-06-21 17:52:29,248,Carrier,Shipment delayed because of weather conditions.
SHP0001767,ADDR,Address Issue,Address,Medium,Closed,2025-09-04 16:37:57,2025-09-05 17:48:07,972,Customer,Delivery address requires correction or validation.
SHP0001768,MECH,Equipment Failure,Mechanical,High,Closed,2025-03-13 06:02:23,2025-03-13 15:14:59,368,Carrier,Equipment failure caused an operational delay.
SHP0001770,ADDR,Address Issue,Address,Medium,Closed,2025-01-31 11:02:08,2025-02-01 04:44:36,734,Customer,Delivery address requires correction or validation.
SHP0001771,WX,Weather Delay,Weather,High,Closed,2025-07-03 01:51:00,2025-07-04 14:44:49,1513,Carrier,Shipment delayed because of weather conditions.
SHP0001772,CAP,Capacity Constraint,Capacity,Medium,Closed,2025-07-27 12:21:39,2025-07-28 16:10:06,892,Carrier,Shipment delayed due to available trailer or dock capacity.
SHP0001775,CAP,Capacity Constraint,Capacity,Medium,Open,2025-02-21 08:29:18,,839,Carrier,Shipment delayed due to available trailer or dock capacity.
SHP0001777,ADDR,Address Issue,Address,Medium,Closed,2025-01-07 00:11:47,2025-01-08 02:36:40,1212,Customer,Delivery address requires correction or validation.
SHP0001778,MSCN,Missed Scan,Process,Medium,Closed,2025-07-03 20:16:23,2025-07-04 07:07:39,270,Operations,Expected scan was not captured on time.
SHP0001780,WX,Weather Delay,Weather,High,Open,2025-05-24 22:36:59,,356,Carrier,Shipment delayed because of weather conditions.
SHP0001781,WX,Weather Delay,Weather,High,Closed,2025-08-11 01:29:09,2025-08-12 02:23:44,806,Carrier,Shipment delayed because of weather conditions.
SHP0001782,WX,Weather Delay,Weather,High,Closed,2025-05-09 21:36:48,2025-05-10 20:45:26,917,Carrier,Shipment delayed because of weather conditions.
SHP0001784,ADDR,Address Issue,Address,Medium,Closed,2025-01-01 11:50:10,2025-01-02 02:09:30,383,Customer,Delivery address requires correction or validation.
SHP0001789,CAP,Capacity Constraint,Capacity,Medium,Closed,2025-04-20 11:19:29,2025-04-20 22:07:46,173,Carrier,Shipment delayed due to available trailer or dock capacity.
SHP0001791,ADDR,Address Issue,Address,Medium,Closed,2025-06-04 20:13:28,2025-06-05 02:40:02,372,Customer,Delivery address requires correction or validation.
SHP0001792,MSCN,Missed Scan,Process,Medium,Closed,2025-07-31 13:59:10,2025-08-01 01:09:45,197,Operations,Expected scan was not captured on time.
SHP0001794,MSCN,Missed Scan,Process,Medium,Closed,2025-04-20 11:50:47,2025-04-20 13:31:18,45,Operations,Expected scan was not captured on time.
SHP0001795,ADDR,Address Issue,Address,Medium,Closed,2025-06-29 01:44:17,2025-06-30 03:00:58,889,Customer,Delivery address requires correction or validation.
SHP0001798,MSCN,Missed Scan,Process,Medium,Closed,2025-05-24 16:43:50,2025-05-25 02:59:37,384,Operations,Expected scan was not captured on time.
SHP0001802,MECH,Equipment Failure,Mechanical,High,Closed,2025-05-23 22:18:41,2025-05-24 18:32:35,1050,Carrier,Equipment failure caused an operational delay.
SHP0001804,ADDR,Address Issue,Address,Medium,Closed,2025-04-23 21:20:41,2025-04-25 03:30:33,900,Customer,Delivery address requires correction or validation.
SHP0001805,WX,Weather Delay,Weather,High,Closed,2025-05-01 21:58:26,2025-05-02 11:06:53,925,Carrier,Shipment delayed because of weather conditions.
SHP0001807,ADDR,Address Issue,Address,Medium,Closed,2025-04-12 08:36:25,2025-04-13 01:32:27,525,Customer,Delivery address requires correction or validation.
SHP0001809,DAMG,Damaged Shipment,Damage,High,Closed,2025-03-05 08:29:35,2025-03-07 01:59:32,2272,Carrier,Shipment flagged for damage inspection.
SHP0001811,MSCN,Missed Scan,Process,Medium,Closed,2025-05-30 15:50:58,2025-05-31 08:53:47,462,Operations,Expected scan was not captured on time.
SHP0001813,ADDR,Address Issue,Address,Medium,Closed,2025-06-30 11:28:00,2025-06-30 22:48:12,179,Customer,Delivery address requires correction or validation.
SHP0001816,MECH,Equipment Failure,Mechanical,High,Closed,2025-05-10 10:41:40,2025-05-11 11:18:55,856,Carrier,Equipment failure caused an operational delay.
SHP0001817,ADDR,Address Issue,Address,Medium,Closed,2025-02-04 12:51:37,2025-02-04 23:11:12,146,Customer,Delivery address requires correction or validation.
SHP0001818,MSCN,Missed Scan,Process,Medium,Closed,2025-07-29 08:52:02,2025-07-29 10:45:18,83,Operations,Expected scan was not captured on time.
SHP0001820,MSCN,Missed Scan,Process,Medium,Closed,2025-01-15 03:33:49,2025-01-15 19:56:34,393,Operations,Expected scan was not captured on time.
SHP0001825,DAMG,Damaged Shipment,Damage,High,Closed,2025-04-14 17:23:46,2025-04-16 04:45:34,1626,Carrier,Shipment flagged for damage inspection.
SHP0001826,WX,Weather Delay,Weather,High,Closed,2025-07-10 11:21:18,2025-07-11 09:46:25,1126,Carrier,Shipment delayed because of weather conditions.
SHP0001827,MSCN,Missed Scan,Process,Medium,Closed,2025-07-18 15:08:28,2025-07-18 21:27:17,162,Operations,Expected scan was not captured on time.
SHP0001828,DAMG,Damaged Shipment,Damage,High,Closed,2025-04-21 07:48:40,2025-04-21 16:32:24,579,Carrier,Shipment flagged for damage inspection.
SHP0001830,MSCN,Missed Scan,Process,Medium,Closed,2025-03-19 05:31:43,2025-03-19 11:42:48,257,Operations,Expected scan was not captured on time.
SHP0001832,WX,Weather Delay,Weather,High,Closed,2025-07-13 23:11:55,2025-07-14 23:13:04,715,Carrier,Shipment delayed because of weather conditions.
SHP0001838,MECH,Equipment Failure,Mechanical,High,Closed,2025-06-02 02:23:45,2025-06-02 18:56:39,192,Carrier,Equipment failure caused an operational delay.
SHP0001847,WX,Weather Delay,Weather,High,Closed,2025-07-29 11:08:48,2025-07-30 01:21:49,754,Carrier,Shipment delayed because of weather conditions.
SHP0001850,WX,Weather Delay,Weather,High,Closed,2025-07-24 17:07:36,2025-07-26 02:42:12,1202,Carrier,Shipment delayed because of weather conditions.
SHP0001863,WX,Weather Delay,Weather,High,Closed,2025-02-24 16:40:13,2025-02-25 12:47:57,1157,Carrier,Shipment delayed because of weather conditions.
SHP0001872,WX,Weather Delay,Weather,High,Closed,2025-01-26 12:46:51,2025-01-27 14:18:27,790,Carrier,Shipment delayed because of weather conditions.
SHP0001873,MSCN,Missed Scan,Process,Medium,Closed,2025-09-04 21:35:38,2025-09-05 10:47:38,85,Operations,Expected scan was not captured on time.
SHP0001874,ADDR,Address Issue,Address,Medium,Closed,2025-02-14 06:11:05,2025-02-15 19:49:54,1351,Customer,Delivery address requires correction or validation.
SHP0001876,WX,Weather Delay,Weather,High,Closed,2025-01-25 23:37:04,2025-01-26 15:58:32,520,Carrier,Shipment delayed because of weather conditions.
SHP0001879,DAMG,Damaged Shipment,Damage,High,Closed,2025-04-17 18:57:05,2025-04-19 22:24:39,2668,Carrier,Shipment flagged for damage inspection.
SHP0001882,MSCN,Missed Scan,Process,Medium,Closed,2025-02-22 09:22:46,2025-02-22 16:06:28,72,Operations,Expected scan was not captured on time.
SHP0001884,WX,Weather Delay,Weather,High,Closed,2025-08-23 13:06:34,2025-08-24 10:50:06,728,Carrier,Shipment delayed because of weather conditions.
SHP0001885,WX,Weather Delay,Weather,High,Closed,2025-02-06 00:38:07,2025-02-06 21:54:46,752,Carrier,Shipment delayed because of weather conditions.
SHP0001886,WX,Weather Delay,Weather,High,Closed,2025-04-29 17:04:31,2025-04-30 17:33:03,977,Carrier,Shipment delayed because of weather conditions.
SHP0001887,DAMG,Damaged Shipment,Damage,High,Closed,2025-04-13 23:28:00,2025-04-16 02:16:21,2535,Carrier,Shipment flagged for damage inspection.
SHP0001892,MECH,Equipment Failure,Mechanical,High,Closed,2025-01-10 07:27:54,2025-01-11 00:36:22,1032,Carrier,Equipment failure caused an operational delay.
SHP0001909,MSCN,Missed Scan,Process,Medium,Closed,2025-06-03 17:47:32,2025-06-04 08:20:26,70,Operations,Expected scan was not captured on time.
SHP0001913,ADDR,Address Issue,Address,Medium,Closed,2025-04-21 00:26:59,2025-04-22 02:30:52,861,Customer,Delivery address requires correction or validation.
SHP0001914,MSCN,Missed Scan,Process,Medium,Closed,2025-04-12 13:15:50,2025-04-13 05:00:18,293,Operations,Expected scan was not captured on time.
SHP0001915,MSCN,Missed Scan,Process,Medium,Closed,2025-08-05 21:39:45,2025-08-06 13:48:51,193,Operations,Expected scan was not captured on time.
SHP0001917,ADDR,Address Issue,Address,Medium,Closed,2025-07-28 07:43:21,2025-07-29 18:44:35,1337,Customer,Delivery address requires correction or validation.
SHP0001919,DAMG,Damaged Shipment,Damage,High,Closed,2025-04-12 17:48:26,2025-04-14 19:53:09,2857,Carrier,Shipment flagged for damage inspection.
SHP0001920,DAMG,Damaged Shipment,Damage,High,Closed,2025-03-28 17:24:25,2025-03-30 15:37:48,2407,Carrier,Shipment flagged for damage inspection.
SHP0001921,DAMG,Damaged Shipment,Damage,High,Closed,2025-07-05 01:43:03,2025-07-05 21:50:20,1181,Carrier,Shipment flagged for damage inspection.
SHP0001927,DAMG,Damaged Shipment,Damage,High,Closed,2025-07-12 05:19:28,2025-07-12 16:27:31,1874,Carrier,Shipment flagged for damage inspection.
SHP0001932,MECH,Equipment Failure,Mechanical,High,Closed,2025-07-26 03:42:46,2025-07-27 06:39:07,1206,Carrier,Equipment failure caused an operational delay.
SHP0001934,WX,Weather Delay,Weather,High,Closed,2025-09-30 16:08:54,2025-09-30 23:34:14,362,Carrier,Shipment delayed because of weather conditions.
SHP0001938,DAMG,Damaged Shipment,Damage,High,Closed,2025-03-11 20:04:22,2025-03-13 19:28:54,2641,Carrier,Shipment flagged for damage inspection.
SHP0001939,DAMG,Damaged Shipment,Damage,High,Closed,2025-08-18 16:49:57,2025-08-20 16:45:30,2576,Carrier,Shipment flagged for damage inspection.
SHP0001940,MSCN,Missed Scan,Process,Medium,Closed,2025-07-13 16:32:51,2025-07-14 03:11:08,261,Operations,Expected scan was not captured on time.
SHP0001941,ADDR,Address Issue,Address,Medium,Closed,2025-07-16 10:38:12,2025-07-17 15:20:55,1297,Customer,Delivery address requires correction or validation.
SHP0001943,ADDR,Address Issue,Address,Medium,Closed,2025-03-18 05:59:15,2025-03-18 13:44:04,316,Customer,Delivery address requires correction or validation.
SHP0001945,WX,Weather Delay,Weather,High,Closed,2025-03-09 21:47:02,2025-03-10 09:58:10,529,Carrier,Shipment delayed because of weather conditions.
SHP0001946,WX,Weather Delay,Weather,High,Closed,2025-06-06 04:18:48,2025-06-06 23:22:51,1091,Carrier,Shipment delayed because of weather conditions.
SHP0001948,WX,Weather Delay,Weather,High,Open,2025-09-08 07:15:01,,1507,Carrier,Shipment delayed because of weather conditions.
SHP0001950,DAMG,Damaged Shipment,Damage,High,Closed,2025-09-06 01:27:44,2025-09-07 03:41:29,1379,Carrier,Shipment flagged for damage inspection.
SHP0001953,DAMG,Damaged Shipment,Damage,High,Closed,2025-03-12 13:09:29,2025-03-14 13:36:37,2082,Carrier,Shipment flagged for damage inspection.
SHP0001954,DAMG,Damaged Shipment,Damage,High,Closed,2025-03-17 21:28:44,2025-03-19 02:04:16,1288,Carrier,Shipment flagged for damage inspection.
SHP0001955,WX,Weather Delay,Weather,High,Open,2025-02-11 01:53:32,,263,Carrier,Shipment delayed because of weather conditions.
SHP0001956,WX,Weather Delay,Weather,High,Closed,2025-04-08 02:58:49,2025-04-09 01:06:58,1319,Carrier,Shipment delayed because of weather conditions.
SHP0001957,WX,Weather Delay,Weather,High,Closed,2025-07-31 18:09:40,2025-08-01 18:35:51,1255,Carrier,Shipment delayed because of weather conditions.
SHP0001958,MSCN,Missed Scan,Process,Medium,Closed,2025-02-13 03:24:34,2025-02-13 17:27:05,84,Operations,Expected scan was not captured on time.
SHP0001959,MSCN,Missed Scan,Process,Medium,Open,2025-09-28 15:22:28,,502,Operations,Expected scan was not captured on time.
SHP0001961,WX,Weather Delay,Weather,High,Closed,2025-05-11 19:25:09,2025-05-13 10:45:45,1571,Carrier,Shipment delayed because of weather conditions.
SHP0001966,WX,Weather Delay,Weather,High,Closed,2025-01-20 19:59:07,2025-01-21 07:20:39,458,Carrier,Shipment delayed because of weather conditions.
SHP0001972,WX,Weather Delay,Weather,High,Closed,2025-09-10 00:21:08,2025-09-10 19:53:27,597,Carrier,Shipment delayed because of weather conditions.
SHP0001973,ADDR,Address Issue,Address,Medium,Open,2025-06-10 21:52:00,,1052,Customer,Delivery address requires correction or validation.
SHP0001976,MECH,Equipment Failure,Mechanical,High,Closed,2025-04-16 19:46:42,2025-04-17 12:20:48,438,Carrier,Equipment failure caused an operational delay.
SHP0001987,CAP,Capacity Constraint,Capacity,Medium,Closed,2025-07-17 05:04:48,2025-07-17 09:41:34,94,Carrier,Shipment delayed due to available trailer or dock capacity.
SHP0001989,WX,Weather Delay,Weather,High,Closed,2025-05-12 12:13:51,2025-05-12 23:55:08,841,Carrier,Shipment delayed because of weather conditions.
SHP0001997,MSCN,Missed Scan,Process,Medium,Closed,2025-06-04 05:55:23,2025-06-04 23:01:51,264,Operations,Expected scan was not captured on time.
SHP0001999,MSCN,Missed Scan,Process,Medium,Closed,2025-06-01 22:37:31,2025-06-02 22:07:46,524,Operations,Expected scan was not captured on time.
SHP0002005,WX,Weather Delay,Weather,High,Closed,2025-09-08 12:29:05,2025-09-09 13:57:49,1035,Carrier,Shipment delayed because of weather conditions.
SHP0002007,CAP,Capacity Constraint,Capacity,Medium,Closed,2025-02-14 10:28:31,2025-02-14 15:26:13,100,Carrier,Shipment delayed due to available trailer or dock capacity.
SHP0002009,ADDR,Address Issue,Address,Medium,Closed,2025-04-20 21:04:58,2025-04-22 07:27:34,1410,Customer,Delivery address requires correction or validation.
SHP0002011,WX,Weather Delay,Weather,High,Closed,2025-07-12 15:31:13,2025-07-13 16:07:23,1318,Carrier,Shipment delayed because of weather conditions.
SHP0002012,DAMG,Damaged Shipment,Damage,High,Closed,2025-05-20 08:40:47,2025-05-21 01:41:38,1262,Carrier,Shipment flagged for damage inspection.
SHP0002013,MSCN,Missed Scan,Process,Medium,Closed,2025-03-08 06:30:10,2025-03-08 15:59:58,143,Operations,Expected scan was not captured on time.
SHP0002019,MECH,Equipment Failure,Mechanical,High,Closed,2025-05-09 03:48:27,2025-05-09 09:46:02,296,Carrier,Equipment failure caused an operational delay.
SHP0002021,CAP,Capacity Constraint,Capacity,Medium,Closed,2025-04-30 16:06:07,2025-04-30 20:41:21,345,Carrier,Shipment delayed due to available trailer or dock capacity.
SHP0002025,MSCN,Missed Scan,Process,Medium,Closed,2025-08-17 09:07:45,2025-08-17 17:07:36,97,Operations,Expected scan was not captured on time.
SHP0002026,CAP,Capacity Constraint,Capacity,Medium,Closed,2025-09-29 19:54:53,2025-09-30 09:13:02,534,Carrier,Shipment delayed due to available trailer or dock capacity.
SHP0002031,DAMG,Damaged Shipment,Damage,High,Closed,2025-02-13 18:57:07,2025-02-15 19:33:27,2571,Carrier,Shipment flagged for damage inspection.
SHP0002034,MSCN,Missed Scan,Process,Medium,Open,2025-05-01 05:33:07,,426,Operations,Expected scan was not captured on time.
SHP0002035,MSCN,Missed Scan,Process,Medium,Closed,2025-05-16 13:52:29,2025-05-16 18:39:52,77,Operations,Expected scan was not captured on time.
SHP0002037,WX,Weather Delay,Weather,High,Closed,2025-05-21 08:47:19,2025-05-22 10:16:30,1193,Carrier,Shipment delayed because of weather conditions.
SHP0002038,WX,Weather Delay,Weather,High,Closed,2025-02-15 22:26:57,2025-02-17 04:47:40,1561,Carrier,Shipment delayed because of weather conditions.
SHP0002039,CAP,Capacity Constraint,Capacity,Medium,Closed,2025-04-26 18:22:28,2025-04-27 06:13:47,625,Carrier,Shipment delayed due to available trailer or dock capacity.
SHP0002040,WX,Weather Delay,Weather,High,Closed,2025-03-30 00:28:16,2025-03-30 22:34:17,670,Carrier,Shipment delayed because of weather conditions.
SHP0002047,ADDR,Address Issue,Address,Medium,Closed,2025-08-20 08:35:47,2025-08-21 11:41:57,1152,Customer,Delivery address requires correction or validation.
SHP0002048,CAP,Capacity Constraint,Capacity,Medium,Closed,2025-07-11 06:09:33,2025-07-11 14:51:27,306,Carrier,Shipment delayed due to available trailer or dock capacity.
SHP0002053,WX,Weather Delay,Weather,High,Closed,2025-07-16 13:32:32,2025-07-17 19:27:50,1338,Carrier,Shipment delayed because of weather conditions.
SHP0002054,ADDR,Address Issue,Address,Medium,Closed,2025-08-23 12:32:02,2025-08-23 19:18:46,282,Customer,Delivery address requires correction or validation.
SHP0002058,CAP,Capacity Constraint,Capacity,Medium,Closed,2025-01-25 21:36:50,2025-01-26 01:58:52,60,Carrier,Shipment delayed due to available trailer or dock capacity.
SHP0002067,WX,Weather Delay,Weather,High,Closed,2025-08-21 23:59:50,2025-08-23 02:17:16,1255,Carrier,Shipment delayed because of weather conditions.
SHP0002068,WX,Weather Delay,Weather,High,Closed,2025-05-21 22:15:04,2025-05-23 12:33:02,1585,Carrier,Shipment delayed because of weather conditions.
SHP0002069,ADDR,Address Issue,Address,Medium,Closed,2025-08-09 21:49:14,2025-08-10 15:38:51,510,Customer,Delivery address requires correction or validation.
SHP0002070,MECH,Equipment Failure,Mechanical,High,Open,2025-06-15 12:18:28,,216,Carrier,Equipment failure caused an operational delay.
SHP0002073,MSCN,Missed Scan,Process,Medium,Closed,2025-08-26 21:08:12,2025-08-27 05:08:31,31,Operations,Expected scan was not captured on time.
SHP0002078,CAP,Capacity Constraint,Capacity,Medium,Open,2025-02-04 04:25:29,,847,Carrier,Shipment delayed due to available trailer or dock capacity.
SHP0002083,MECH,Equipment Failure,Mechanical,High,Closed,2025-08-13 21:57:17,2025-08-14 23:12:49,1227,Carrier,Equipment failure caused an operational delay.
SHP0002084,ADDR,Address Issue,Address,Medium,Closed,2025-03-07 10:46:42,2025-03-07 11:43:49,145,Customer,Delivery address requires correction or validation.
SHP0002085,MSCN,Missed Scan,Process,Medium,Closed,2025-02-25 23:09:55,2025-02-26 14:48:35,404,Operations,Expected scan was not captured on time.
SHP0002089,WX,Weather Delay,Weather,High,Closed,2025-07-10 12:23:12,2025-07-12 01:39:35,1548,Carrier,Shipment delayed because of weather conditions.
SHP0002092,MECH,Equipment Failure,Mechanical,High,Closed,2025-01-29 09:10:25,2025-01-30 04:40:59,1006,Carrier,Equipment failure caused an operational delay.
SHP0002095,ADDR,Address Issue,Address,Medium,Closed,2025-03-23 02:16:52,2025-03-24 00:07:59,1285,Customer,Delivery address requires correction or validation.
SHP0002097,MSCN,Missed Scan,Process,Medium,Closed,2025-06-06 18:12:33,2025-06-07 09:53:31,267,Operations,Expected scan was not captured on time.
SHP0002099,MSCN,Missed Scan,Process,Medium,Closed,2025-09-04 13:38:28,2025-09-05 01:54:52,332,Operations,Expected scan was not captured on time.
SHP0002100,ADDR,Address Issue,Address,Medium,Closed,2025-05-02 07:17:40,2025-05-03 02:11:22,916,Customer,Delivery address requires correction or validation.
SHP0002101,MSCN,Missed Scan,Process,Medium,Open,2025-02-18 20:44:11,,259,Operations,Expected scan was not captured on time.
SHP0002103,WX,Weather Delay,Weather,High,Closed,2025-08-27 04:50:43,2025-08-28 14:33:54,1430,Carrier,Shipment delayed because of weather conditions.
SHP0002104,ADDR,Address Issue,Address,Medium,Closed,2025-02-04 16:36:35,2025-02-05 02:13:09,538,Customer,Delivery address requires correction or validation.
SHP0002107,WX,Weather Delay,Weather,High,Closed,2025-02-28 22:25:08,2025-03-01 03:59:17,357,Carrier,Shipment delayed because of weather conditions.
SHP0002112,MECH,Equipment Failure,Mechanical,High,Closed,2025-07-30 16:44:28,2025-07-31 18:38:28,923,Carrier,Equipment failure caused an operational delay.
SHP0002113,ADDR,Address Issue,Address,Medium,Closed,2025-06-24 13:23:45,2025-06-25 12:50:36,979,Customer,Delivery address requires correction or validation.
SHP0002114,DAMG,Damaged Shipment,Damage,High,Closed,2025-07-21 14:10:31,2025-07-22 07:47:11,738,Carrier,Shipment flagged for damage inspection.
SHP0002116,CAP,Capacity Constraint,Capacity,Medium,Closed,2025-08-05 15:38:35,2025-08-06 01:23:17,182,Carrier,Shipment delayed due to available trailer or dock capacity.
SHP0002117,MSCN,Missed Scan,Process,Medium,Closed,2025-04-15 01:36:57,2025-04-15 15:29:58,410,Operations,Expected scan was not captured on time.
SHP0002118,WX,Weather Delay,Weather,High,Closed,2025-05-05 05:51:47,2025-05-05 17:53:34,532,Carrier,Shipment delayed because of weather conditions.
SHP0002120,ADDR,Address Issue,Address,Medium,Closed,2025-03-01 02:15:00,2025-03-01 17:18:52,728,Customer,Delivery address requires correction or validation.
SHP0002122,ADDR,Address Issue,Address,Medium,Closed,2025-03-03 00:14:23,2025-03-04 08:14:08,1371,Customer,Delivery address requires correction or validation.
SHP0002126,WX,Weather Delay,Weather,High,Closed,2025-05-05 07:13:08,2025-05-06 10:39:53,1613,Carrier,Shipment delayed because of weather conditions.
SHP0002128,ADDR,Address Issue,Address,Medium,Closed,2025-06-08 22:51:12,2025-06-10 05:23:02,1417,Customer,Delivery address requires correction or validation.
SHP0002132,DAMG,Damaged Shipment,Damage,High,Open,2025-06-01 10:30:16,,1058,Carrier,Shipment flagged for damage inspection.
SHP0002134,MSCN,Missed Scan,Process,Medium,Closed,2025-07-05 03:27:45,2025-07-05 20:20:52,295,Operations,Expected scan was not captured on time.
SHP0002136,ADDR,Address Issue,Address,Medium,Closed,2025-09-29 19:44:31,2025-09-30 20:55:48,1435,Customer,Delivery address requires correction or validation.
SHP0002137,MSCN,Missed Scan,Process,Medium,Closed,2025-09-23 16:16:21,2025-09-24 01:07:49,386,Operations,Expected scan was not captured on time.
SHP0002140,DAMG,Damaged Shipment,Damage,High,Closed,2025-07-08 10:26:03,2025-07-09 23:44:51,2087,Carrier,Shipment flagged for damage inspection.
SHP0002144,WX,Weather Delay,Weather,High,Closed,2025-03-23 06:10:44,2025-03-23 23:47:21,1000,Carrier,Shipment delayed because of weather conditions.
SHP0002155,WX,Weather Delay,Weather,High,Closed,2025-06-10 15:35:31,2025-06-11 17:38:14,1061,Carrier,Shipment delayed because of weather conditions.
SHP0002157,MSCN,Missed Scan,Process,Medium,Closed,2025-06-15 06:26:52,2025-06-15 16:00:43,201,Operations,Expected scan was not captured on time.
SHP0002161,ADDR,Address Issue,Address,Medium,Closed,2025-08-07 15:53:26,2025-08-08 09:34:17,882,Customer,Delivery address requires correction or validation.
SHP0002163,CAP,Capacity Constraint,Capacity,Medium,Closed,2025-07-25 04:05:30,2025-07-25 14:53:27,205,Carrier,Shipment delayed due to available trailer or dock capacity.
SHP0002164,WX,Weather Delay,Weather,High,Closed,2025-04-02 15:53:06,2025-04-03 04:10:38,463,Carrier,Shipment delayed because of weather conditions.
SHP0002165,ADDR,Address Issue,Address,Medium,Closed,2025-01-08 13:59:15,2025-01-09 08:10:52,937,Customer,Delivery address requires correction or validation.
SHP0002166,MSCN,Missed Scan,Process,Medium,Closed,2025-04-30 09:19:41,2025-05-01 00:15:26,243,Operations,Expected scan was not captured on time.
SHP0002172,ADDR,Address Issue,Address,Medium,Open,2025-05-09 08:56:36,,1002,Customer,Delivery address requires correction or validation.
SHP0002175,MSCN,Missed Scan,Process,Medium,Closed,2025-09-22 11:44:01,2025-09-23 02:25:47,226,Operations,Expected scan was not captured on time.
SHP0002179,MSCN,Missed Scan,Process,Medium,Closed,2025-08-03 02:59:28,2025-08-03 17:48:39,353,Operations,Expected scan was not captured on time.
SHP0002183,MSCN,Missed Scan,Process,Medium,Closed,2025-04-19 11:25:59,2025-04-19 18:35:48,138,Operations,Expected scan was not captured on time.
SHP0002184,WX,Weather Delay,Weather,High,Closed,2025-08-14 20:05:48,2025-08-15 09:58:04,569,Carrier,Shipment delayed because of weather conditions.
SHP0002185,ADDR,Address Issue,Address,Medium,Closed,2025-09-05 09:46:20,2025-09-06 13:44:29,1041,Customer,Delivery address requires correction or validation.
SHP0002187,WX,Weather Delay,Weather,High,Closed,2025-07-18 20:43:24,2025-07-19 15:27:04,1044,Carrier,Shipment delayed because of weather conditions.
SHP0002188,MECH,Equipment Failure,Mechanical,High,Closed,2025-02-22 07:48:18,2025-02-23 04:49:46,1218,Carrier,Equipment failure caused an operational delay.
SHP0002189,WX,Weather Delay,Weather,High,Closed,2025-09-10 22:09:46,2025-09-11 16:02:47,992,Carrier,Shipment delayed because of weather conditions.
SHP0002191,CAP,Capacity Constraint,Capacity,Medium,Closed,2025-05-25 04:02:17,2025-05-26 08:32:13,911,Carrier,Shipment delayed due to available trailer or dock capacity.
SHP0002196,CAP,Capacity Constraint,Capacity,Medium,Closed,2025-03-17 09:08:42,2025-03-18 02:03:56,594,Carrier,Shipment delayed due to available trailer or dock capacity.
SHP0002200,DAMG,Damaged Shipment,Damage,High,Closed,2025-03-07 05:12:17,2025-03-08 01:03:12,948,Carrier,Shipment flagged for damage inspection.
SHP0002201,ADDR,Address Issue,Address,Medium,Closed,2025-04-25 12:02:26,2025-04-25 19:04:36,363,Customer,Delivery address requires correction or validation.
SHP0002202,WX,Weather Delay,Weather,High,Closed,2025-01-07 02:23:31,2025-01-08 05:34:17,1108,Carrier,Shipment delayed because of weather conditions.
SHP0002204,MECH,Equipment Failure,Mechanical,High,Closed,2025-04-28 14:45:55,2025-04-29 02:00:50,189,Carrier,Equipment failure caused an operational delay.
SHP0002205,MSCN,Missed Scan,Process,Medium,Closed,2025-08-20 13:42:59,2025-08-21 05:42:27,229,Operations,Expected scan was not captured on time.
SHP0002208,DAMG,Damaged Shipment,Damage,High,Closed,2025-08-04 05:54:50,2025-08-04 23:10:36,643,Carrier,Shipment flagged for damage inspection.
SHP0002209,MSCN,Missed Scan,Process,Medium,Closed,2025-05-30 18:24:29,2025-05-31 00:58:56,390,Operations,Expected scan was not captured on time.
SHP0002210,MSCN,Missed Scan,Process,Medium,Closed,2025-07-11 18:51:12,2025-07-12 04:56:24,143,Operations,Expected scan was not captured on time.
SHP0002211,ADDR,Address Issue,Address,Medium,Closed,2025-04-10 20:08:07,2025-04-12 08:58:42,1368,Customer,Delivery address requires correction or validation.
SHP0002212,ADDR,Address Issue,Address,Medium,Closed,2025-03-02 03:44:17,2025-03-02 12:52:24,673,Customer,Delivery address requires correction or validation.
SHP0002213,CAP,Capacity Constraint,Capacity,Medium,Closed,2025-08-30 03:00:58,2025-08-30 18:57:59,352,Carrier,Shipment delayed due to available trailer or dock capacity.
SHP0002215,CAP,Capacity Constraint,Capacity,Medium,Closed,2025-02-20 01:57:24,2025-02-20 21:03:59,519,Carrier,Shipment delayed due to available trailer or dock capacity.
SHP0002216,MSCN,Missed Scan,Process,Medium,Closed,2025-01-21 15:00:41,2025-01-22 03:49:58,45,Operations,Expected scan was not captured on time.
SHP0002219,MECH,Equipment Failure,Mechanical,High,Closed,2025-03-06 14:03:48,2025-03-07 10:56:48,668,Carrier,Equipment failure caused an operational delay.
SHP0002220,WX,Weather Delay,Weather,High,Closed,2025-03-14 02:00:16,2025-03-14 10:10:10,374,Carrier,Shipment delayed because of weather conditions.
SHP0002226,WX,Weather Delay,Weather,High,Closed,2025-03-30 14:26:50,2025-03-31 06:18:47,775,Carrier,Shipment delayed because of weather conditions.
SHP0002228,DAMG,Damaged Shipment,Damage,High,Open,2025-06-27 07:21:19,,2060,Carrier,Shipment flagged for damage inspection.
SHP0002229,ADDR,Address Issue,Address,Medium,Closed,2025-02-04 20:10:00,2025-02-05 17:02:35,586,Customer,Delivery address requires correction or validation.
SHP0002230,MSCN,Missed Scan,Process,Medium,Closed,2025-02-22 09:29:39,2025-02-23 05:31:18,479,Operations,Expected scan was not captured on time.
SHP0002231,DAMG,Damaged Shipment,Damage,High,Closed,2025-08-10 04:02:06,2025-08-11 19:41:20,2434,Carrier,Shipment flagged for damage inspection.
SHP0002235,ADDR,Address Issue,Address,Medium,Closed,2025-06-21 19:16:00,2025-06-22 15:48:17,816,Customer,Delivery address requires correction or validation.
SHP0002237,WX,Weather Delay,Weather,High,Closed,2025-08-09 03:14:55,2025-08-09 23:47:15,365,Carrier,Shipment delayed because of weather conditions.
SHP0002238,ADDR,Address Issue,Address,Medium,Closed,2025-05-30 10:22:07,2025-05-31 16:48:42,1340,Customer,Delivery address requires correction or validation.
SHP0002239,MSCN,Missed Scan,Process,Medium,Closed,2025-06-27 11:20:21,2025-06-27 19:03:09,400,Operations,Expected scan was not captured on time.
SHP0002240,WX,Weather Delay,Weather,High,Closed,2025-02-27 16:46:11,2025-02-28 04:18:17,568,Carrier,Shipment delayed because of weather conditions.
SHP0002241,WX,Weather Delay,Weather,High,Closed,2025-01-17 15:10:59,2025-01-18 12:30:38,877,Carrier,Shipment delayed because of weather conditions.
SHP0002243,WX,Weather Delay,Weather,High,Closed,2025-01-31 07:23:05,2025-01-31 15:39:46,306,Carrier,Shipment delayed because of weather conditions.
SHP0002246,ADDR,Address Issue,Address,Medium,Closed,2025-09-30 12:53:23,2025-10-01 05:11:02,484,Customer,Delivery address requires correction or validation.
SHP0002250,CAP,Capacity Constraint,Capacity,Medium,Closed,2025-01-16 17:26:44,2025-01-17 00:35:54,356,Carrier,Shipment delayed due to available trailer or dock capacity.
SHP0002252,MECH,Equipment Failure,Mechanical,High,Closed,2025-09-03 14:46:03,2025-09-04 19:30:00,938,Carrier,Equipment failure caused an operational delay.
SHP0002259,ADDR,Address Issue,Address,Medium,Closed,2025-01-31 17:48:48,2025-02-01 09:27:54,397,Customer,Delivery address requires correction or validation.
SHP0002260,ADDR,Address Issue,Address,Medium,Closed,2025-01-21 04:34:34,2025-01-22 01:11:04,568,Customer,Delivery address requires correction or validation.
SHP0002261,WX,Weather Delay,Weather,High,Closed,2025-02-26 13:01:25,2025-02-27 16:16:33,1559,Carrier,Shipment delayed because of weather conditions.
SHP0002263,WX,Weather Delay,Weather,High,Closed,2025-09-19 08:17:49,2025-09-19 18:53:45,339,Carrier,Shipment delayed because of weather conditions.
SHP0002264,WX,Weather Delay,Weather,High,Closed,2025-04-17 04:24:18,2025-04-17 17:32:02,338,Carrier,Shipment delayed because of weather conditions.
SHP0002268,MSCN,Missed Scan,Process,Medium,Closed,2025-06-18 04:03:03,2025-06-18 17:44:15,75,Operations,Expected scan was not captured on time.
SHP0002269,MECH,Equipment Failure,Mechanical,High,Open,2025-06-28 15:28:01,,996,Carrier,Equipment failure caused an operational delay.
SHP0002270,WX,Weather Delay,Weather,High,Closed,2025-03-04 06:38:16,2025-03-05 09:08:08,937,Carrier,Shipment delayed because of weather conditions.
SHP0002272,WX,Weather Delay,Weather,High,Closed,2025-07-23 04:00:30,2025-07-23 16:59:38,699,Carrier,Shipment delayed because of weather conditions.
SHP0002273,MSCN,Missed Scan,Process,Medium,Closed,2025-02-08 21:45:54,2025-02-09 07:40:48,36,Operations,Expected scan was not captured on time.
SHP0002278,DAMG,Damaged Shipment,Damage,High,Closed,2025-07-12 12:48:51,2025-07-13 04:10:04,716,Carrier,Shipment flagged for damage inspection.
SHP0002284,MECH,Equipment Failure,Mechanical,High,Closed,2025-07-14 15:11:38,2025-07-15 07:18:21,1063,Carrier,Equipment failure caused an operational delay.
SHP0002288,MSCN,Missed Scan,Process,Medium,Closed,2025-04-06 18:41:02,2025-04-07 01:51:01,298,Operations,Expected scan was not captured on time.
SHP0002289,ADDR,Address Issue,Address,Medium,Closed,2025-02-08 08:05:33,2025-02-08 14:22:24,1219,Customer,Delivery address requires correction or validation.
SHP0002291,WX,Weather Delay,Weather,High,Closed,2025-04-25 18:23:43,2025-04-26 21:23:18,1069,Carrier,Shipment delayed because of weather conditions.
SHP0002292,MSCN,Missed Scan,Process,Medium,Closed,2025-09-10 00:26:21,2025-09-10 18:07:31,532,Operations,Expected scan was not captured on time.
SHP0002295,MSCN,Missed Scan,Process,Medium,Closed,2025-06-14 15:22:00,2025-06-15 07:22:38,339,Operations,Expected scan was not captured on time.
SHP0002296,MECH,Equipment Failure,Mechanical,High,Closed,2025-04-08 06:01:06,2025-04-08 23:30:59,575,Carrier,Equipment failure caused an operational delay.
SHP0002297,WX,Weather Delay,Weather,High,Closed,2025-02-13 11:01:00,2025-02-14 06:08:17,1084,Carrier,Shipment delayed because of weather conditions.
SHP0002300,WX,Weather Delay,Weather,High,Closed,2025-01-24 17:27:32,2025-01-25 08:38:21,875,Carrier,Shipment delayed because of weather conditions.
SHP0002304,WX,Weather Delay,Weather,High,Closed,2025-08-01 22:58:48,2025-08-03 12:57:27,1531,Carrier,Shipment delayed because of weather conditions.
SHP0002318,CAP,Capacity Constraint,Capacity,Medium,Open,2025-09-02 21:24:57,,692,Carrier,Shipment delayed due to available trailer or dock capacity.
SHP0002319,MECH,Equipment Failure,Mechanical,High,Closed,2025-05-19 21:21:44,2025-05-20 15:50:38,754,Carrier,Equipment failure caused an operational delay.
SHP0002321,WX,Weather Delay,Weather,High,Open,2025-05-28 15:40:58,,952,Carrier,Shipment delayed because of weather conditions.
SHP0002323,DAMG,Damaged Shipment,Damage,High,Open,2025-09-20 10:22:29,,1229,Carrier,Shipment flagged for damage inspection.
SHP0002324,WX,Weather Delay,Weather,High,Closed,2025-07-12 19:38:54,2025-07-13 12:41:18,997,Carrier,Shipment delayed because of weather conditions.
SHP0002330,WX,Weather Delay,Weather,High,Closed,2025-03-13 14:55:42,2025-03-14 14:21:39,959,Carrier,Shipment delayed because of weather conditions.
SHP0002332,DAMG,Damaged Shipment,Damage,High,Closed,2025-04-18 17:14:59,2025-04-19 10:30:31,612,Carrier,Shipment flagged for damage inspection.
SHP0002333,WX,Weather Delay,Weather,High,Closed,2025-05-06 05:02:43,2025-05-07 01:55:23,1006,Carrier,Shipment delayed because of weather conditions.
SHP0002334,MECH,Equipment Failure,Mechanical,High,Open,2025-01-27 17:31:28,,529,Carrier,Equipment failure caused an operational delay.
SHP0002335,MSCN,Missed Scan,Process,Medium,Closed,2025-08-04 08:27:07,2025-08-05 00:29:24,211,Operations,Expected scan was not captured on time.
SHP0002339,MSCN,Missed Scan,Process,Medium,Closed,2025-09-22 10:01:07,2025-09-22 12:31:59,130,Operations,Expected scan was not captured on time.
SHP0002340,DAMG,Damaged Shipment,Damage,High,Closed,2025-06-06 08:57:57,2025-06-08 12:41:38,2764,Carrier,Shipment flagged for damage inspection.
SHP0002343,MECH,Equipment Failure,Mechanical,High,Closed,2025-04-01 17:16:07,2025-04-02 13:13:40,979,Carrier,Equipment failure caused an operational delay.
SHP0002345,DAMG,Damaged Shipment,Damage,High,Closed,2025-02-22 21:57:36,2025-02-23 07:44:11,424,Carrier,Shipment flagged for damage inspection.
SHP0002348,DAMG,Damaged Shipment,Damage,High,Closed,2025-07-25 19:43:57,2025-07-26 22:52:17,1084,Carrier,Shipment flagged for damage inspection.
SHP0002349,DAMG,Damaged Shipment,Damage,High,Closed,2025-02-24 07:49:25,2025-02-24 23:25:29,754,Carrier,Shipment flagged for damage inspection.
SHP0002353,DAMG,Damaged Shipment,Damage,High,Closed,2025-01-24 21:42:02,2025-01-26 20:00:40,2708,Carrier,Shipment flagged for damage inspection.
SHP0002355,WX,Weather Delay,Weather,High,Closed,2025-03-27 07:15:43,2025-03-27 19:48:48,601,Carrier,Shipment delayed because of weather conditions.
SHP0002358,MSCN,Missed Scan,Process,Medium,Closed,2025-04-04 06:49:54,2025-04-04 21:22:14,185,Operations,Expected scan was not captured on time.
SHP0002360,ADDR,Address Issue,Address,Medium,Open,2025-09-11 16:29:23,,1110,Customer,Delivery address requires correction or validation.
SHP0002363,DAMG,Damaged Shipment,Damage,High,Closed,2025-04-10 11:23:34,2025-04-11 20:08:02,1737,Carrier,Shipment flagged for damage inspection.
SHP0002367,MECH,Equipment Failure,Mechanical,High,Closed,2025-08-28 21:35:59,2025-08-30 02:38:08,1125,Carrier,Equipment failure caused an operational delay.
SHP0002371,ADDR,Address Issue,Address,Medium,Closed,2025-02-25 08:15:33,2025-02-26 05:58:04,551,Customer,Delivery address requires correction or validation.
SHP0002379,MSCN,Missed Scan,Process,Medium,Closed,2025-08-23 08:31:57,2025-08-23 21:00:21,296,Operations,Expected scan was not captured on time.
SHP0002382,ADDR,Address Issue,Address,Medium,Closed,2025-06-19 22:33:38,2025-06-21 06:18:48,1045,Customer,Delivery address requires correction or validation.
SHP0002383,WX,Weather Delay,Weather,High,Closed,2025-08-22 07:12:54,2025-08-23 15:44:56,1463,Carrier,Shipment delayed because of weather conditions.
SHP0002384,DAMG,Damaged Shipment,Damage,High,Closed,2025-09-14 00:27:19,2025-09-16 00:26:14,2149,Carrier,Shipment flagged for damage inspection.
SHP0002385,CAP,Capacity Constraint,Capacity,Medium,Closed,2025-05-09 11:11:57,2025-05-10 00:43:48,393,Carrier,Shipment delayed due to available trailer or dock capacity.
SHP0002389,ADDR,Address Issue,Address,Medium,Closed,2025-05-01 20:48:34,2025-05-02 14:35:13,443,Customer,Delivery address requires correction or validation.
SHP0002392,ADDR,Address Issue,Address,Medium,Closed,2025-01-04 12:40:14,2025-01-05 09:15:07,1297,Customer,Delivery address requires correction or validation.
SHP0002393,ADDR,Address Issue,Address,Medium,Open,2025-04-29 06:00:01,,671,Customer,Delivery address requires correction or validation.
SHP0002397,MSCN,Missed Scan,Process,Medium,Closed,2025-06-02 14:47:35,2025-06-02 21:57:38,373,Operations,Expected scan was not captured on time.
SHP0002400,WX,Weather Delay,Weather,High,Open,2025-02-28 19:15:59,,1145,Carrier,Shipment delayed because of weather conditions.
SHP0002404,DAMG,Damaged Shipment,Damage,High,Closed,2025-03-23 12:59:21,2025-03-24 19:23:27,1028,Carrier,Shipment flagged for damage inspection.
SHP0002406,WX,Weather Delay,Weather,High,Closed,2025-05-02 11:58:59,2025-05-03 20:54:25,1480,Carrier,Shipment delayed because of weather conditions.
SHP0002410,DAMG,Damaged Shipment,Damage,High,Closed,2025-02-19 03:11:46,2025-02-20 03:12:34,980,Carrier,Shipment flagged for damage inspection.
SHP0002411,MSCN,Missed Scan,Process,Medium,Closed,2025-04-20 04:20:22,2025-04-21 02:55:31,512,Operations,Expected scan was not captured on time.
SHP0002413,WX,Weather Delay,Weather,High,Closed,2025-09-10 08:32:37,2025-09-10 17:04:01,444,Carrier,Shipment delayed because of weather conditions.
SHP0002414,MSCN,Missed Scan,Process,Medium,Closed,2025-04-27 19:55:17,2025-04-28 08:18:42,262,Operations,Expected scan was not captured on time.
SHP0002415,DAMG,Damaged Shipment,Damage,High,Closed,2025-01-31 09:40:39,2025-02-01 09:15:07,1267,Carrier,Shipment flagged for damage inspection.
SHP0002418,WX,Weather Delay,Weather,High,Closed,2025-01-19 03:13:22,2025-01-19 22:47:06,1136,Carrier,Shipment delayed because of weather conditions.
SHP0002422,DAMG,Damaged Shipment,Damage,High,Closed,2025-05-18 12:57:13,2025-05-20 14:22:05,2797,Carrier,Shipment flagged for damage inspection.
SHP0002424,MSCN,Missed Scan,Process,Medium,Closed,2025-06-06 05:46:54,2025-06-06 10:22:15,56,Operations,Expected scan was not captured on time.
SHP0002425,ADDR,Address Issue,Address,Medium,Closed,2025-07-26 14:45:26,2025-07-27 12:58:07,771,Customer,Delivery address requires correction or validation.
SHP0002430,MSCN,Missed Scan,Process,Medium,Closed,2025-05-09 18:32:03,2025-05-10 04:16:34,155,Operations,Expected scan was not captured on time.
SHP0002435,MECH,Equipment Failure,Mechanical,High,Closed,2025-03-22 07:17:04,2025-03-22 19:08:29,253,Carrier,Equipment failure caused an operational delay.
SHP0002436,WX,Weather Delay,Weather,High,Closed,2025-01-16 21:51:40,2025-01-18 04:16:11,1111,Carrier,Shipment delayed because of weather conditions.
SHP0002440,ADDR,Address Issue,Address,Medium,Open,2025-06-19 00:18:51,,1255,Customer,Delivery address requires correction or validation.
SHP0002444,DAMG,Damaged Shipment,Damage,High,Closed,2025-09-23 21:59:14,2025-09-25 19:47:56,1935,Carrier,Shipment flagged for damage inspection.
SHP0002445,ADDR,Address Issue,Address,Medium,Closed,2025-05-22 15:05:01,2025-05-24 00:06:03,1346,Customer,Delivery address requires correction or validation.
SHP0002447,DAMG,Damaged Shipment,Damage,High,Closed,2025-05-10 05:29:28,2025-05-12 04:54:28,2255,Carrier,Shipment flagged for damage inspection.
SHP0002449,ADDR,Address Issue,Address,Medium,Closed,2025-06-13 08:01:24,2025-06-14 01:36:21,474,Customer,Delivery address requires correction or validation.
SHP0002453,ADDR,Address Issue,Address,Medium,Closed,2025-08-26 22:15:35,2025-08-27 22:06:43,1371,Customer,Delivery address requires correction or validation.
SHP0002458,ADDR,Address Issue,Address,Medium,Closed,2025-06-26 11:06:15,2025-06-27 02:14:12,375,Customer,Delivery address requires correction or validation.
SHP0002460,CAP,Capacity Constraint,Capacity,Medium,Closed,2025-06-03 18:31:23,2025-06-04 05:12:43,149,Carrier,Shipment delayed due to available trailer or dock capacity.
SHP0002461,WX,Weather Delay,Weather,High,Closed,2025-03-27 00:13:23,2025-03-28 05:08:01,1457,Carrier,Shipment delayed because of weather conditions.
SHP0002462,ADDR,Address Issue,Address,Medium,Closed,2025-04-10 08:21:15,2025-04-11 05:43:43,810,Customer,Delivery address requires correction or validation.
SHP0002463,ADDR,Address Issue,Address,Medium,Closed,2025-04-01 04:28:24,2025-04-01 23:13:47,616,Customer,Delivery address requires correction or validation.
SHP0002464,MSCN,Missed Scan,Process,Medium,Closed,2025-01-18 11:07:45,2025-01-18 19:00:54,214,Operations,Expected scan was not captured on time.
SHP0002465,MSCN,Missed Scan,Process,Medium,Closed,2025-09-03 14:45:03,2025-09-03 20:04:52,296,Operations,Expected scan was not captured on time.
SHP0002469,MECH,Equipment Failure,Mechanical,High,Closed,2025-09-29 07:02:20,2025-09-30 06:30:15,881,Carrier,Equipment failure caused an operational delay.
SHP0002475,WX,Weather Delay,Weather,High,Closed,2025-06-11 04:39:42,2025-06-12 20:54:11,1640,Carrier,Shipment delayed because of weather conditions.
SHP0002481,DAMG,Damaged Shipment,Damage,High,Closed,2025-03-02 17:01:43,2025-03-05 00:16:12,2496,Carrier,Shipment flagged for damage inspection.
SHP0002482,WX,Weather Delay,Weather,High,Closed,2025-04-14 01:18:54,2025-04-15 03:24:58,1602,Carrier,Shipment delayed because of weather conditions.
SHP0002489,MSCN,Missed Scan,Process,Medium,Closed,2025-04-16 17:38:49,2025-04-17 07:51:26,286,Operations,Expected scan was not captured on time.
SHP0002490,WX,Weather Delay,Weather,High,Closed,2025-07-06 19:41:44,2025-07-07 16:14:13,669,Carrier,Shipment delayed because of weather conditions.
SHP0002491,WX,Weather Delay,Weather,High,Closed,2025-09-11 22:25:45,2025-09-12 19:10:36,1097,Carrier,Shipment delayed because of weather conditions.
SHP0002492,ADDR,Address Issue,Address,Medium,Closed,2025-01-03 00:34:17,2025-01-04 02:37:07,1439,Customer,Delivery address requires correction or validation.
SHP0002495,WX,Weather Delay,Weather,High,Open,2025-07-16 13:58:50,,921,Carrier,Shipment delayed because of weather conditions.
SHP0002498,MSCN,Missed Scan,Process,Medium,Closed,2025-01-14 01:10:43,2025-01-14 10:56:26,528,Operations,Expected scan was not captured on time.
SHP0002501,DAMG,Damaged Shipment,Damage,High,Closed,2025-08-24 13:03:06,2025-08-25 14:30:47,1454,Carrier,Shipment flagged for damage inspection.
SHP0002503,MECH,Equipment Failure,Mechanical,High,Closed,2025-01-05 12:21:49,2025-01-06 08:02:57,1039,Carrier,Equipment failure caused an operational delay.
SHP0002506,CAP,Capacity Constraint,Capacity,Medium,Closed,2025-02-02 13:45:37,2025-02-02 19:07:25,304,Carrier,Shipment delayed due to available trailer or dock capacity.
SHP0002507,ADDR,Address Issue,Address,Medium,Closed,2025-01-25 11:47:56,2025-01-26 11:38:47,1149,Customer,Delivery address requires correction or validation.
SHP0002511,DAMG,Damaged Shipment,Damage,High,Closed,2025-05-24 15:14:34,2025-05-25 02:24:33,802,Carrier,Shipment flagged for damage inspection.
SHP0002523,ADDR,Address Issue,Address,Medium,Closed,2025-07-11 00:50:58,2025-07-11 21:13:41,763,Customer,Delivery address requires correction or validation.
SHP0002525,MSCN,Missed Scan,Process,Medium,Open,2025-05-16 00:52:47,,33,Operations,Expected scan was not captured on time.
SHP0002528,MECH,Equipment Failure,Mechanical,High,Closed,2025-06-20 14:12:01,2025-06-21 05:44:02,281,Carrier,Equipment failure caused an operational delay.
SHP0002529,WX,Weather Delay,Weather,High,Open,2025-04-25 10:47:20,,1597,Carrier,Shipment delayed because of weather conditions.
SHP0002530,MSCN,Missed Scan,Process,Medium,Closed,2025-06-16 16:34:53,2025-06-17 12:56:29,468,Operations,Expected scan was not captured on time.
SHP0002531,WX,Weather Delay,Weather,High,Closed,2025-03-17 08:20:01,2025-03-18 13:45:12,1393,Carrier,Shipment delayed because of weather conditions.
SHP0002534,DAMG,Damaged Shipment,Damage,High,Closed,2025-04-21 03:43:10,2025-04-23 04:25:52,2336,Carrier,Shipment flagged for damage inspection.
SHP0002536,ADDR,Address Issue,Address,Medium,Closed,2025-04-16 18:28:05,2025-04-17 07:28:19,799,Customer,Delivery address requires correction or validation.
SHP0002539,DAMG,Damaged Shipment,Damage,High,Closed,2025-06-02 07:06:30,2025-06-02 22:09:09,1422,Carrier,Shipment flagged for damage inspection.
SHP0002543,ADDR,Address Issue,Address,Medium,Closed,2025-08-14 02:44:56,2025-08-14 04:20:54,145,Customer,Delivery address requires correction or validation.
SHP0002544,ADDR,Address Issue,Address,Medium,Closed,2025-05-22 21:24:25,2025-05-23 05:43:42,137,Customer,Delivery address requires correction or validation.
SHP0002550,MECH,Equipment Failure,Mechanical,High,Closed,2025-03-23 01:03:27,2025-03-23 17:24:11,800,Carrier,Equipment failure caused an operational delay.
SHP0002551,WX,Weather Delay,Weather,High,Closed,2025-06-15 15:31:43,2025-06-16 18:25:33,1409,Carrier,Shipment delayed because of weather conditions.
SHP0002556,WX,Weather Delay,Weather,High,Closed,2025-05-31 18:26:30,2025-06-02 05:44:50,1454,Carrier,Shipment delayed because of weather conditions.
SHP0002557,WX,Weather Delay,Weather,High,Closed,2025-09-15 14:24:13,2025-09-16 18:01:13,1294,Carrier,Shipment delayed because of weather conditions.
SHP0002561,MSCN,Missed Scan,Process,Medium,Closed,2025-06-25 19:24:53,2025-06-26 11:44:11,468,Operations,Expected scan was not captured on time.
SHP0002564,MECH,Equipment Failure,Mechanical,High,Closed,2025-05-20 20:50:31,2025-05-21 04:34:10,503,Carrier,Equipment failure caused an operational delay.
SHP0002571,MSCN,Missed Scan,Process,Medium,Closed,2025-03-04 18:29:57,2025-03-05 10:28:13,362,Operations,Expected scan was not captured on time.
SHP0002574,MSCN,Missed Scan,Process,Medium,Closed,2025-04-12 15:03:39,2025-04-13 07:31:55,451,Operations,Expected scan was not captured on time.
SHP0002577,ADDR,Address Issue,Address,Medium,Closed,2025-08-13 15:25:15,2025-08-14 22:06:34,1028,Customer,Delivery address requires correction or validation.
SHP0002581,WX,Weather Delay,Weather,High,Closed,2025-04-25 09:31:14,2025-04-26 09:14:50,1037,Carrier,Shipment delayed because of weather conditions.
SHP0002584,MSCN,Missed Scan,Process,Medium,Closed,2025-04-22 20:12:34,2025-04-23 09:05:14,453,Operations,Expected scan was not captured on time.
SHP0002585,ADDR,Address Issue,Address,Medium,Closed,2025-02-13 23:39:39,2025-02-14 03:09:51,156,Customer,Delivery address requires correction or validation.
SHP0002587,WX,Weather Delay,Weather,High,Closed,2025-03-12 06:39:09,2025-03-13 18:05:23,1453,Carrier,Shipment delayed because of weather conditions.
SHP0002590,WX,Weather Delay,Weather,High,Closed,2025-06-04 16:29:48,2025-06-05 19:51:48,1441,Carrier,Shipment delayed because of weather conditions.
SHP0002591,MECH,Equipment Failure,Mechanical,High,Closed,2025-09-03 23:32:22,2025-09-05 00:43:45,1286,Carrier,Equipment failure caused an operational delay.
SHP0002596,MECH,Equipment Failure,Mechanical,High,Closed,2025-06-22 22:42:24,2025-06-23 19:28:13,1205,Carrier,Equipment failure caused an operational delay.
SHP0002598,WX,Weather Delay,Weather,High,Open,2025-05-18 03:08:02,,623,Carrier,Shipment delayed because of weather conditions.
SHP0002599,CAP,Capacity Constraint,Capacity,Medium,Closed,2025-08-31 14:24:48,2025-09-01 05:31:49,345,Carrier,Shipment delayed due to available trailer or dock capacity.
SHP0002601,WX,Weather Delay,Weather,High,Closed,2025-10-01 11:00:00,2025-10-03 12:48:40,1664,Carrier,Shipment delayed because of weather conditions.
SHP0002602,ADDR,Address Issue,Address,Medium,Closed,2025-07-21 02:47:30,2025-07-22 05:07:15,680,Customer,Delivery address requires correction or validation.
SHP0002604,MECH,Equipment Failure,Mechanical,High,Closed,2025-04-29 21:10:25,2025-04-30 19:54:20,1009,Carrier,Equipment failure caused an operational delay.
SHP0002605,ADDR,Address Issue,Address,Medium,Closed,2025-08-13 20:12:36,2025-08-14 21:51:13,1000,Customer,Delivery address requires correction or validation.
SHP0002606,DAMG,Damaged Shipment,Damage,High,Closed,2025-09-08 21:27:13,2025-09-09 22:18:13,907,Carrier,Shipment flagged for damage inspection.
SHP0002607,MECH,Equipment Failure,Mechanical,High,Open,2025-03-29 05:55:14,,434,Carrier,Equipment failure caused an operational delay.
SHP0002608,WX,Weather Delay,Weather,High,Open,2025-06-27 05:04:25,,1481,Carrier,Shipment delayed because of weather conditions.
SHP0002610,CAP,Capacity Constraint,Capacity,Medium,Closed,2025-07-18 20:40:51,2025-07-19 04:14:54,88,Carrier,Shipment delayed due to available trailer or dock capacity.
SHP0002616,MSCN,Missed Scan,Process,Medium,Closed,2025-07-10 01:54:11,2025-07-10 11:02:49,91,Operations,Expected scan was not captured on time.
SHP0002617,MECH,Equipment Failure,Mechanical,High,Closed,2025-04-21 05:23:04,2025-04-22 01:55:13,1140,Carrier,Equipment failure caused an operational delay.
SHP0002618,CAP,Capacity Constraint,Capacity,Medium,Closed,2025-04-26 22:20:32,2025-04-27 17:38:17,497,Carrier,Shipment delayed due to available trailer or dock capacity.
SHP0002619,WX,Weather Delay,Weather,High,Closed,2025-05-08 15:01:08,2025-05-09 09:16:51,866,Carrier,Shipment delayed because of weather conditions.
SHP0002620,ADDR,Address Issue,Address,Medium,Closed,2025-06-30 07:16:14,2025-06-30 15:04:25,125,Customer,Delivery address requires correction or validation.
SHP0002621,MSCN,Missed Scan,Process,Medium,Closed,2025-07-06 08:37:23,2025-07-06 16:46:45,101,Operations,Expected scan was not captured on time.
SHP0002622,MECH,Equipment Failure,Mechanical,High,Closed,2025-02-13 17:09:55,2025-02-14 03:23:26,551,Carrier,Equipment failure caused an operational delay.
SHP0002624,CAP,Capacity Constraint,Capacity,Medium,Closed,2025-01-24 08:53:32,2025-01-24 15:42:29,150,Carrier,Shipment delayed due to available trailer or dock capacity.
SHP0002629,WX,Weather Delay,Weather,High,Closed,2025-09-13 00:59:19,2025-09-14 09:22:39,1224,Carrier,Shipment delayed because of weather conditions.
SHP0002630,WX,Weather Delay,Weather,High,Open,2025-05-22 14:36:30,,1349,Carrier,Shipment delayed because of weather conditions.
SHP0002631,DAMG,Damaged Shipment,Damage,High,Closed,2025-06-28 07:31:36,2025-06-29 14:13:29,1777,Carrier,Shipment flagged for damage inspection.
SHP0002632,WX,Weather Delay,Weather,High,Closed,2025-09-15 17:18:33,2025-09-16 15:38:38,1128,Carrier,Shipment delayed because of weather conditions.
SHP0002636,ADDR,Address Issue,Address,Medium,Closed,2025-02-02 02:31:51,2025-02-02 10:34:41,455,Customer,Delivery address requires correction or validation.
SHP0002637,WX,Weather Delay,Weather,High,Closed,2025-06-29 16:53:29,2025-06-30 00:34:29,349,Carrier,Shipment delayed because of weather conditions.
SHP0002638,MECH,Equipment Failure,Mechanical,High,Closed,2025-01-07 11:57:58,2025-01-08 06:02:10,525,Carrier,Equipment failure caused an operational delay.
SHP0002639,DAMG,Damaged Shipment,Damage,High,Closed,2025-07-31 17:10:20,2025-08-02 04:35:01,2196,Carrier,Shipment flagged for damage inspection.
SHP0002641,WX,Weather Delay,Weather,High,Closed,2025-07-11 16:18:52,2025-07-12 21:01:15,1202,Carrier,Shipment delayed because of weather conditions.
SHP0002645,WX,Weather Delay,Weather,High,Closed,2025-06-18 15:49:15,2025-06-19 18:40:09,920,Carrier,Shipment delayed because of weather conditions.
SHP0002648,MSCN,Missed Scan,Process,Medium,Closed,2025-08-19 11:09:13,2025-08-19 18:02:24,455,Operations,Expected scan was not captured on time.
SHP0002653,CAP,Capacity Constraint,Capacity,Medium,Closed,2025-03-08 08:50:18,2025-03-08 23:22:02,149,Carrier,Shipment delayed due to available trailer or dock capacity.
SHP0002655,ADDR,Address Issue,Address,Medium,Closed,2025-08-08 15:01:16,2025-08-09 07:12:36,538,Customer,Delivery address requires correction or validation.
SHP0002659,CAP,Capacity Constraint,Capacity,Medium,Closed,2025-02-22 03:04:27,2025-02-23 01:46:26,780,Carrier,Shipment delayed due to available trailer or dock capacity.
SHP0002662,DAMG,Damaged Shipment,Damage,High,Closed,2025-07-23 18:05:51,2025-07-24 16:19:05,786,Carrier,Shipment flagged for damage inspection.
SHP0002663,ADDR,Address Issue,Address,Medium,Closed,2025-05-07 02:38:52,2025-05-07 17:37:57,493,Customer,Delivery address requires correction or validation.
SHP0002664,WX,Weather Delay,Weather,High,Closed,2025-08-09 13:36:57,2025-08-10 16:46:27,1353,Carrier,Shipment delayed because of weather conditions.
SHP0002670,ADDR,Address Issue,Address,Medium,Closed,2025-07-26 05:17:31,2025-07-27 08:16:26,1228,Customer,Delivery address requires correction or validation.
SHP0002672,ADDR,Address Issue,Address,Medium,Closed,2025-07-29 22:47:56,2025-07-30 15:26:45,397,Customer,Delivery address requires correction or validation.
SHP0002678,MSCN,Missed Scan,Process,Medium,Closed,2025-09-01 17:23:38,2025-09-01 21:39:46,286,Operations,Expected scan was not captured on time.
SHP0002679,DAMG,Damaged Shipment,Damage,High,Closed,2025-07-15 06:27:24,2025-07-15 19:02:44,2508,Carrier,Shipment flagged for damage inspection.
SHP0002680,MSCN,Missed Scan,Process,Medium,Closed,2025-09-13 13:44:22,2025-09-14 01:59:12,324,Operations,Expected scan was not captured on time.
SHP0002684,MSCN,Missed Scan,Process,Medium,Closed,2025-06-15 01:32:32,2025-06-15 13:58:13,430,Operations,Expected scan was not captured on time.
SHP0002692,WX,Weather Delay,Weather,High,Closed,2025-03-29 00:30:43,2025-03-30 00:07:27,1442,Carrier,Shipment delayed because of weather conditions.
SHP0002694,MSCN,Missed Scan,Process,Medium,Closed,2025-09-10 09:45:28,2025-09-10 16:22:56,67,Operations,Expected scan was not captured on time.
SHP0002695,CAP,Capacity Constraint,Capacity,Medium,Closed,2025-10-01 08:57:16,2025-10-01 17:27:00,768,Carrier,Shipment delayed due to available trailer or dock capacity.
SHP0002701,ADDR,Address Issue,Address,Medium,Closed,2025-04-19 20:09:10,2025-04-20 01:44:10,254,Customer,Delivery address requires correction or validation.
SHP0002702,DAMG,Damaged Shipment,Damage,High,Closed,2025-04-13 11:29:21,2025-04-14 17:57:43,1814,Carrier,Shipment flagged for damage inspection.
SHP0002703,WX,Weather Delay,Weather,High,Closed,2025-06-24 23:53:05,2025-06-26 09:08:19,1335,Carrier,Shipment delayed because of weather conditions.
SHP0002708,DAMG,Damaged Shipment,Damage,High,Closed,2025-06-15 05:23:25,2025-06-16 10:27:04,1230,Carrier,Shipment flagged for damage inspection.
SHP0002710,ADDR,Address Issue,Address,Medium,Closed,2025-06-06 12:12:30,2025-06-07 01:23:12,947,Customer,Delivery address requires correction or validation.
SHP0002716,CAP,Capacity Constraint,Capacity,Medium,Closed,2025-03-27 12:24:11,2025-03-28 10:40:04,782,Carrier,Shipment delayed due to available trailer or dock capacity.
SHP0002719,WX,Weather Delay,Weather,High,Closed,2025-01-14 10:44:25,2025-01-15 17:49:39,1671,Carrier,Shipment delayed because of weather conditions.
SHP0002723,MSCN,Missed Scan,Process,Medium,Closed,2025-02-01 21:46:35,2025-02-02 08:51:41,186,Operations,Expected scan was not captured on time.
SHP0002728,MECH,Equipment Failure,Mechanical,High,Closed,2025-09-19 23:33:46,2025-09-21 02:35:08,780,Carrier,Equipment failure caused an operational delay.
SHP0002732,ADDR,Address Issue,Address,Medium,Closed,2025-03-12 01:30:43,2025-03-12 20:37:36,929,Customer,Delivery address requires correction or validation.
SHP0002736,ADDR,Address Issue,Address,Medium,Closed,2025-03-24 14:05:48,2025-03-25 19:23:04,1327,Customer,Delivery address requires correction or validation.
SHP0002741,CAP,Capacity Constraint,Capacity,Medium,Closed,2025-01-04 21:49:16,2025-01-05 14:51:09,511,Carrier,Shipment delayed due to available trailer or dock capacity.
SHP0002743,DAMG,Damaged Shipment,Damage,High,Closed,2025-03-14 18:35:38,2025-03-15 09:43:47,636,Carrier,Shipment flagged for damage inspection.
SHP0002745,ADDR,Address Issue,Address,Medium,Closed,2025-09-24 23:13:58,2025-09-26 00:19:40,882,Customer,Delivery address requires correction or validation.
SHP0002749,MSCN,Missed Scan,Process,Medium,Closed,2025-02-27 17:41:29,2025-02-27 21:33:57,278,Operations,Expected scan was not captured on time.
SHP0002750,MSCN,Missed Scan,Process,Medium,Closed,2025-09-11 11:36:03,2025-09-11 17:46:37,112,Operations,Expected scan was not captured on time.
SHP0002753,DAMG,Damaged Shipment,Damage,High,Closed,2025-04-30 11:41:09,2025-05-01 00:31:50,894,Carrier,Shipment flagged for damage inspection.
SHP0002756,DAMG,Damaged Shipment,Damage,High,Open,2025-07-01 03:27:51,,1696,Carrier,Shipment flagged for damage inspection.
SHP0002759,WX,Weather Delay,Weather,High,Closed,2025-09-06 09:30:57,2025-09-07 06:33:13,1116,Carrier,Shipment delayed because of weather conditions.
SHP0002761,WX,Weather Delay,Weather,High,Closed,2025-05-11 06:22:53,2025-05-12 12:08:06,1492,Carrier,Shipment delayed because of weather conditions.
SHP0002762,MSCN,Missed Scan,Process,Medium,Closed,2025-08-05 06:32:17,2025-08-05 22:00:17,183,Operations,Expected scan was not captured on time.
SHP0002763,WX,Weather Delay,Weather,High,Closed,2025-09-12 18:28:37,2025-09-13 04:09:24,374,Carrier,Shipment delayed because of weather conditions.
SHP0002767,MSCN,Missed Scan,Process,Medium,Open,2025-01-28 01:38:27,,497,Operations,Expected scan was not captured on time.
SHP0002772,CAP,Capacity Constraint,Capacity,Medium,Closed,2025-02-01 05:23:31,2025-02-01 18:28:31,437,Carrier,Shipment delayed due to available trailer or dock capacity.
SHP0002774,MECH,Equipment Failure,Mechanical,High,Closed,2025-03-16 05:54:56,2025-03-16 18:58:30,643,Carrier,Equipment failure caused an operational delay.
SHP0002775,ADDR,Address Issue,Address,Medium,Closed,2025-09-08 13:56:00,2025-09-09 09:22:26,514,Customer,Delivery address requires correction or validation.
SHP0002776,ADDR,Address Issue,Address,Medium,Closed,2025-08-08 22:40:42,2025-08-10 03:47:13,1327,Customer,Delivery address requires correction or validation.
SHP0002777,CAP,Capacity Constraint,Capacity,Medium,Closed,2025-08-31 11:46:31,2025-08-31 14:02:46,64,Carrier,Shipment delayed due to available trailer or dock capacity.
SHP0002779,WX,Weather Delay,Weather,High,Open,2025-01-22 05:36:56,,421,Carrier,Shipment delayed because of weather conditions.
SHP0002780,MSCN,Missed Scan,Process,Medium,Closed,2025-07-12 05:11:23,2025-07-12 18:48:43,493,Operations,Expected scan was not captured on time.
SHP0002783,MSCN,Missed Scan,Process,Medium,Open,2025-02-01 11:59:03,,462,Operations,Expected scan was not captured on time.
SHP0002785,CAP,Capacity Constraint,Capacity,Medium,Closed,2025-05-15 19:01:45,2025-05-16 15:24:17,655,Carrier,Shipment delayed due to available trailer or dock capacity.
SHP0002787,WX,Weather Delay,Weather,High,Closed,2025-08-03 20:11:30,2025-08-04 17:45:48,709,Carrier,Shipment delayed because of weather conditions.
SHP0002790,ADDR,Address Issue,Address,Medium,Closed,2025-04-26 20:53:27,2025-04-27 17:40:30,865,Customer,Delivery address requires correction or validation.
SHP0002791,WX,Weather Delay,Weather,High,Closed,2025-02-16 23:13:16,2025-02-18 04:17:50,1089,Carrier,Shipment delayed because of weather conditions.
SHP0002796,WX,Weather Delay,Weather,High,Closed,2025-01-03 12:42:50,2025-01-04 11:15:44,972,Carrier,Shipment delayed because of weather conditions.
SHP0002797,MECH,Equipment Failure,Mechanical,High,Closed,2025-03-12 14:28:29,2025-03-13 11:32:00,659,Carrier,Equipment failure caused an operational delay.
SHP0002800,MECH,Equipment Failure,Mechanical,High,Closed,2025-01-09 00:48:03,2025-01-09 22:01:12,888,Carrier,Equipment failure caused an operational delay.
SHP0002806,ADDR,Address Issue,Address,Medium,Closed,2025-07-07 08:00:49,2025-07-08 05:22:00,896,Customer,Delivery address requires correction or validation.
SHP0002808,MECH,Equipment Failure,Mechanical,High,Closed,2025-07-26 18:33:27,2025-07-27 07:03:42,402,Carrier,Equipment failure caused an operational delay.
SHP0002810,DAMG,Damaged Shipment,Damage,High,Closed,2025-08-24 02:19:41,2025-08-24 20:37:47,1013,Carrier,Shipment flagged for damage inspection.
SHP0002811,WX,Weather Delay,Weather,High,Closed,2025-03-15 08:12:01,2025-03-16 16:45:03,1503,Carrier,Shipment delayed because of weather conditions.
SHP0002813,DAMG,Damaged Shipment,Damage,High,Closed,2025-01-30 19:42:58,2025-01-31 07:12:36,695,Carrier,Shipment flagged for damage inspection.
SHP0002814,ADDR,Address Issue,Address,Medium,Closed,2025-02-02 10:54:50,2025-02-03 14:22:18,1312,Customer,Delivery address requires correction or validation.
SHP0002815,MSCN,Missed Scan,Process,Medium,Closed,2025-03-25 02:11:53,2025-03-25 13:04:06,253,Operations,Expected scan was not captured on time.
SHP0002823,WX,Weather Delay,Weather,High,Closed,2025-01-23 04:46:36,2025-01-24 16:26:11,1457,Carrier,Shipment delayed because of weather conditions.
SHP0002826,WX,Weather Delay,Weather,High,Closed,2025-02-25 00:49:15,2025-02-25 06:40:42,279,Carrier,Shipment delayed because of weather conditions.
SHP0002827,ADDR,Address Issue,Address,Medium,Closed,2025-04-16 22:45:48,2025-04-17 20:46:53,774,Customer,Delivery address requires correction or validation.
SHP0002832,MECH,Equipment Failure,Mechanical,High,Closed,2025-03-16 07:24:20,2025-03-17 01:31:56,780,Carrier,Equipment failure caused an operational delay.
SHP0002833,ADDR,Address Issue,Address,Medium,Open,2025-01-09 03:45:19,,1406,Customer,Delivery address requires correction or validation.
SHP0002834,WX,Weather Delay,Weather,High,Closed,2025-03-01 11:00:01,2025-03-02 11:06:05,1274,Carrier,Shipment delayed because of weather conditions.
SHP0002844,WX,Weather Delay,Weather,High,Closed,2025-09-23 04:00:23,2025-09-24 01:54:34,733,Carrier,Shipment delayed because of weather conditions.
SHP0002848,DAMG,Damaged Shipment,Damage,High,Closed,2025-05-15 21:56:23,2025-05-16 21:54:57,1133,Carrier,Shipment flagged for damage inspection.
SHP0002849,WX,Weather Delay,Weather,High,Closed,2025-08-19 11:35:01,2025-08-20 05:30:35,1356,Carrier,Shipment delayed because of weather conditions.
SHP0002850,CAP,Capacity Constraint,Capacity,Medium,Closed,2025-09-26 22:44:11,2025-09-27 14:10:09,830,Carrier,Shipment delayed due to available trailer or dock capacity.
SHP0002851,WX,Weather Delay,Weather,High,Closed,2025-04-30 22:51:16,2025-05-01 15:15:23,533,Carrier,Shipment delayed because of weather conditions.
SHP0002853,MSCN,Missed Scan,Process,Medium,Closed,2025-01-19 19:14:18,2025-01-20 09:10:04,288,Operations,Expected scan was not captured on time.
SHP0002854,MECH,Equipment Failure,Mechanical,High,Closed,2025-07-29 13:10:57,2025-07-29 23:16:50,315,Carrier,Equipment failure caused an operational delay.
SHP0002858,MECH,Equipment Failure,Mechanical,High,Closed,2025-02-06 06:35:34,2025-02-07 03:04:10,853,Carrier,Equipment failure caused an operational delay.
SHP0002859,WX,Weather Delay,Weather,High,Open,2025-08-08 23:50:45,,1059,Carrier,Shipment delayed because of weather conditions.
SHP0002860,DAMG,Damaged Shipment,Damage,High,Closed,2025-05-14 04:34:35,2025-05-14 19:53:45,790,Carrier,Shipment flagged for damage inspection.
SHP0002862,MSCN,Missed Scan,Process,Medium,Closed,2025-05-22 20:56:47,2025-05-23 05:32:39,265,Operations,Expected scan was not captured on time.
SHP0002865,WX,Weather Delay,Weather,High,Closed,2025-06-17 02:04:07,2025-06-18 14:56:54,1565,Carrier,Shipment delayed because of weather conditions.
SHP0002867,WX,Weather Delay,Weather,High,Closed,2025-03-13 16:14:23,2025-03-14 14:42:00,889,Carrier,Shipment delayed because of weather conditions.
SHP0002873,CAP,Capacity Constraint,Capacity,Medium,Closed,2025-09-01 22:36:25,2025-09-02 14:34:29,765,Carrier,Shipment delayed due to available trailer or dock capacity.
SHP0002874,DAMG,Damaged Shipment,Damage,High,Closed,2025-08-17 08:30:21,2025-08-17 19:00:08,467,Carrier,Shipment flagged for damage inspection.
SHP0002875,WX,Weather Delay,Weather,High,Closed,2025-04-29 23:07:19,2025-05-01 02:12:45,1501,Carrier,Shipment delayed because of weather conditions.
SHP0002876,ADDR,Address Issue,Address,Medium,Closed,2025-05-14 18:13:32,2025-05-15 04:14:25,163,Customer,Delivery address requires correction or validation.
SHP0002879,ADDR,Address Issue,Address,Medium,Closed,2025-07-07 18:14:03,2025-07-08 03:59:08,516,Customer,Delivery address requires correction or validation.
SHP0002885,DAMG,Damaged Shipment,Damage,High,Closed,2025-03-12 21:30:30,2025-03-13 21:12:42,865,Carrier,Shipment flagged for damage inspection.
SHP0002889,MSCN,Missed Scan,Process,Medium,Closed,2025-04-16 22:17:25,2025-04-17 13:32:25,483,Operations,Expected scan was not captured on time.
SHP0002891,WX,Weather Delay,Weather,High,Closed,2025-07-15 11:18:49,2025-07-16 10:37:51,1427,Carrier,Shipment delayed because of weather conditions.
SHP0002895,DAMG,Damaged Shipment,Damage,High,Open,2025-08-20 15:49:15,,443,Carrier,Shipment flagged for damage inspection.
SHP0002897,MECH,Equipment Failure,Mechanical,High,Closed,2025-09-29 04:21:00,2025-09-29 17:10:04,183,Carrier,Equipment failure caused an operational delay.
SHP0002898,ADDR,Address Issue,Address,Medium,Closed,2025-05-23 19:21:48,2025-05-24 15:15:49,914,Customer,Delivery address requires correction or validation.
SHP0002899,MECH,Equipment Failure,Mechanical,High,Closed,2025-06-29 06:50:27,2025-06-29 21:14:44,517,Carrier,Equipment failure caused an operational delay.
SHP0002901,MSCN,Missed Scan,Process,Medium,Closed,2025-01-19 01:00:44,2025-01-19 06:48:12,273,Operations,Expected scan was not captured on time.
SHP0002903,ADDR,Address Issue,Address,Medium,Closed,2025-06-30 11:48:24,2025-06-30 19:32:13,480,Customer,Delivery address requires correction or validation.
SHP0002908,WX,Weather Delay,Weather,High,Closed,2025-05-22 16:56:24,2025-05-24 03:26:41,1570,Carrier,Shipment delayed because of weather conditions.
SHP0002910,DAMG,Damaged Shipment,Damage,High,Open,2025-05-04 18:19:12,,2363,Carrier,Shipment flagged for damage inspection.
SHP0002912,MSCN,Missed Scan,Process,Medium,Closed,2025-05-19 09:17:08,2025-05-19 15:00:26,174,Operations,Expected scan was not captured on time.
SHP0002916,DAMG,Damaged Shipment,Damage,High,Closed,2025-01-10 03:39:46,2025-01-12 01:08:39,2269,Carrier,Shipment flagged for damage inspection.
SHP0002921,WX,Weather Delay,Weather,High,Closed,2025-06-04 15:50:20,2025-06-05 13:47:49,1121,Carrier,Shipment delayed because of weather conditions.
SHP0002924,WX,Weather Delay,Weather,High,Closed,2025-06-24 20:23:09,2025-06-25 14:04:13,355,Carrier,Shipment delayed because of weather conditions.
SHP0002926,ADDR,Address Issue,Address,Medium,Closed,2025-05-26 22:04:03,2025-05-28 07:20:06,1414,Customer,Delivery address requires correction or validation.
SHP0002932,WX,Weather Delay,Weather,High,Closed,2025-05-09 08:33:54,2025-05-10 15:45:09,1285,Carrier,Shipment delayed because of weather conditions.
SHP0002933,MECH,Equipment Failure,Mechanical,High,Closed,2025-04-08 02:50:54,2025-04-08 13:32:37,236,Carrier,Equipment failure caused an operational delay.
SHP0002937,MECH,Equipment Failure,Mechanical,High,Closed,2025-08-13 14:54:40,2025-08-14 08:00:40,322,Carrier,Equipment failure caused an operational delay.
SHP0002938,WX,Weather Delay,Weather,High,Closed,2025-04-17 15:13:23,2025-04-17 22:29:19,662,Carrier,Shipment delayed because of weather conditions.
SHP0002939,MSCN,Missed Scan,Process,Medium,Closed,2025-03-26 02:08:48,2025-03-26 12:53:20,320,Operations,Expected scan was not captured on time.
SHP0002945,CAP,Capacity Constraint,Capacity,Medium,Closed,2025-08-11 13:53:48,2025-08-12 03:41:07,491,Carrier,Shipment delayed due to available trailer or dock capacity.
SHP0002946,MSCN,Missed Scan,Process,Medium,Closed,2025-04-12 19:46:08,2025-04-13 01:41:50,122,Operations,Expected scan was not captured on time.
SHP0002948,MSCN,Missed Scan,Process,Medium,Closed,2025-03-16 14:24:02,2025-03-17 03:48:22,489,Operations,Expected scan was not captured on time.
SHP0002950,DAMG,Damaged Shipment,Damage,High,Closed,2025-02-11 12:06:13,2025-02-12 21:59:45,1815,Carrier,Shipment flagged for damage inspection.
SHP0002951,WX,Weather Delay,Weather,High,Closed,2025-07-09 11:37:14,2025-07-10 03:56:10,626,Carrier,Shipment delayed because of weather conditions.
SHP0002956,DAMG,Damaged Shipment,Damage,High,Closed,2025-06-18 15:56:08,2025-06-19 12:56:02,935,Carrier,Shipment flagged for damage inspection.
SHP0002957,MECH,Equipment Failure,Mechanical,High,Closed,2025-04-11 14:35:50,2025-04-12 12:28:28,1156,Carrier,Equipment failure caused an operational delay.
SHP0002959,WX,Weather Delay,Weather,High,Closed,2025-06-03 04:39:10,2025-06-04 10:02:45,1653,Carrier,Shipment delayed because of weather conditions.
SHP0002960,MSCN,Missed Scan,Process,Medium,Closed,2025-04-21 04:22:49,2025-04-21 10:52:22,187,Operations,Expected scan was not captured on time.
SHP0002961,WX,Weather Delay,Weather,High,Closed,2025-04-25 06:50:16,2025-04-25 22:36:44,752,Carrier,Shipment delayed because of weather conditions.
SHP0002964,WX,Weather Delay,Weather,High,Closed,2025-09-20 05:36:20,2025-09-20 16:35:57,380,Carrier,Shipment delayed because of weather conditions.
SHP0002967,DAMG,Damaged Shipment,Damage,High,Closed,2025-06-06 23:06:11,2025-06-08 13:40:00,1673,Carrier,Shipment flagged for damage inspection.
SHP0002968,DAMG,Damaged Shipment,Damage,High,Closed,2025-04-25 10:23:17,2025-04-26 01:09:15,483,Carrier,Shipment flagged for damage inspection.
SHP0002974,WX,Weather Delay,Weather,High,Closed,2025-04-02 00:56:26,2025-04-03 01:56:46,1237,Carrier,Shipment delayed because of weather conditions.
SHP0002978,DAMG,Damaged Shipment,Damage,High,Closed,2025-02-03 11:28:46,2025-02-04 18:30:51,1305,Carrier,Shipment flagged for damage inspection.
SHP0002979,MSCN,Missed Scan,Process,Medium,Open,2025-03-07 00:03:04,,435,Operations,Expected scan was not captured on time.
SHP0002983,CAP,Capacity Constraint,Capacity,Medium,Closed,2025-04-18 11:41:35,2025-04-19 05:59:10,906,Carrier,Shipment delayed due to available trailer or dock capacity.
SHP0002985,ADDR,Address Issue,Address,Medium,Closed,2025-05-01 19:20:46,2025-05-02 18:52:51,706,Customer,Delivery address requires correction or validation.
SHP0002986,DAMG,Damaged Shipment,Damage,High,Closed,2025-02-06 18:26:25,2025-02-07 20:46:03,1489,Carrier,Shipment flagged for damage inspection.
SHP0002990,ADDR,Address Issue,Address,Medium,Closed,2025-05-26 13:56:08,2025-05-27 14:11:01,1068,Customer,Delivery address requires correction or validation.
SHP0002994,WX,Weather Delay,Weather,High,Closed,2025-09-12 14:08:55,2025-09-13 03:31:32,651,Carrier,Shipment delayed because of weather conditions.
SHP0003002,MECH,Equipment Failure,Mechanical,High,Closed,2025-07-01 04:13:27,2025-07-01 21:53:32,429,Carrier,Equipment failure caused an operational delay.
SHP0003006,DAMG,Damaged Shipment,Damage,High,Closed,2025-09-20 22:48:11,2025-09-21 23:07:03,1099,Carrier,Shipment flagged for damage inspection.
SHP0003007,MSCN,Missed Scan,Process,Medium,Closed,2025-06-09 16:38:02,2025-06-09 19:08:01,231,Operations,Expected scan was not captured on time.
SHP0003009,MSCN,Missed Scan,Process,Medium,Closed,2025-06-20 00:24:56,2025-06-20 12:21:23,224,Operations,Expected scan was not captured on time.
SHP0003014,DAMG,Damaged Shipment,Damage,High,Open,2025-04-15 08:50:29,,749,Carrier,Shipment flagged for damage inspection.
SHP0003016,CAP,Capacity Constraint,Capacity,Medium,Closed,2025-08-29 08:50:56,2025-08-29 21:13:45,174,Carrier,Shipment delayed due to available trailer or dock capacity.
SHP0003020,MECH,Equipment Failure,Mechanical,High,Closed,2025-03-18 15:08:50,2025-03-19 13:47:49,922,Carrier,Equipment failure caused an operational delay.
SHP0003021,MSCN,Missed Scan,Process,Medium,Closed,2025-09-16 16:43:17,2025-09-16 23:41:43,521,Operations,Expected scan was not captured on time.
SHP0003027,MSCN,Missed Scan,Process,Medium,Closed,2025-08-17 19:37:42,2025-08-18 07:22:19,267,Operations,Expected scan was not captured on time.
SHP0003029,CAP,Capacity Constraint,Capacity,Medium,Closed,2025-03-26 13:19:55,2025-03-27 09:21:20,822,Carrier,Shipment delayed due to available trailer or dock capacity.
SHP0003030,MSCN,Missed Scan,Process,Medium,Closed,2025-03-09 23:50:11,2025-03-10 17:26:20,449,Operations,Expected scan was not captured on time.
SHP0003032,ADDR,Address Issue,Address,Medium,Closed,2025-03-14 23:16:26,2025-03-15 22:14:18,842,Customer,Delivery address requires correction or validation.
SHP0003033,WX,Weather Delay,Weather,High,Closed,2025-07-18 18:51:08,2025-07-20 02:35:27,1620,Carrier,Shipment delayed because of weather conditions.
SHP0003038,ADDR,Address Issue,Address,Medium,Closed,2025-08-19 12:03:42,2025-08-20 06:19:12,1022,Customer,Delivery address requires correction or validation.
SHP0003040,ADDR,Address Issue,Address,Medium,Closed,2025-07-03 03:23:11,2025-07-04 13:13:38,1208,Customer,Delivery address requires correction or validation.
SHP0003041,MSCN,Missed Scan,Process,Medium,Closed,2025-05-18 11:46:05,2025-05-18 12:38:35,44,Operations,Expected scan was not captured on time.
SHP0003042,DAMG,Damaged Shipment,Damage,High,Closed,2025-09-10 15:24:59,2025-09-11 23:06:38,1539,Carrier,Shipment flagged for damage inspection.
SHP0003044,ADDR,Address Issue,Address,Medium,Closed,2025-01-21 20:42:48,2025-01-23 02:51:38,1103,Customer,Delivery address requires correction or validation.
SHP0003045,MSCN,Missed Scan,Process,Medium,Closed,2025-01-23 07:00:35,2025-01-23 19:32:49,121,Operations,Expected scan was not captured on time.
SHP0003046,CAP,Capacity Constraint,Capacity,Medium,Closed,2025-03-11 20:49:38,2025-03-12 08:59:15,426,Carrier,Shipment delayed due to available trailer or dock capacity.
SHP0003048,MSCN,Missed Scan,Process,Medium,Closed,2025-08-11 00:18:57,2025-08-11 13:46:09,331,Operations,Expected scan was not captured on time.
SHP0003051,DAMG,Damaged Shipment,Damage,High,Closed,2025-08-28 14:25:10,2025-08-29 10:46:34,1303,Carrier,Shipment flagged for damage inspection.
SHP0003053,WX,Weather Delay,Weather,High,Closed,2025-06-22 09:21:36,2025-06-23 08:28:27,1151,Carrier,Shipment delayed because of weather conditions.
SHP0003055,DAMG,Damaged Shipment,Damage,High,Closed,2025-06-16 04:22:41,2025-06-18 02:55:39,2587,Carrier,Shipment flagged for damage inspection.
SHP0003057,DAMG,Damaged Shipment,Damage,High,Closed,2025-09-08 12:28:14,2025-09-10 09:28:29,2154,Carrier,Shipment flagged for damage inspection.
SHP0003058,WX,Weather Delay,Weather,High,Open,2025-03-20 19:42:50,,1173,Carrier,Shipment delayed because of weather conditions.
SHP0003059,ADDR,Address Issue,Address,Medium,Closed,2025-09-27 03:50:26,2025-09-28 04:46:42,945,Customer,Delivery address requires correction or validation.
SHP0003060,ADDR,Address Issue,Address,Medium,Closed,2025-02-05 02:31:39,2025-02-05 21:47:53,829,Customer,Delivery address requires correction or validation.
SHP0003063,WX,Weather Delay,Weather,High,Closed,2025-02-22 12:10:39,2025-02-23 16:59:01,1389,Carrier,Shipment delayed because of weather conditions.
SHP0003065,MSCN,Missed Scan,Process,Medium,Closed,2025-02-04 19:40:41,2025-02-05 05:38:40,288,Operations,Expected scan was not captured on time.
SHP0003066,MSCN,Missed Scan,Process,Medium,Closed,2025-07-22 08:27:41,2025-07-22 11:18:42,76,Operations,Expected scan was not captured on time.
SHP0003068,WX,Weather Delay,Weather,High,Closed,2025-01-26 20:00:10,2025-01-28 04:42:34,1665,Carrier,Shipment delayed because of weather conditions.
SHP0003069,WX,Weather Delay,Weather,High,Closed,2025-03-16 20:38:07,2025-03-18 02:05:33,1592,Carrier,Shipment delayed because of weather conditions.
SHP0003071,WX,Weather Delay,Weather,High,Closed,2025-09-29 05:56:30,2025-09-30 09:00:09,1366,Carrier,Shipment delayed because of weather conditions.
SHP0003073,DAMG,Damaged Shipment,Damage,High,Closed,2025-03-28 22:34:03,2025-03-30 19:41:21,2126,Carrier,Shipment flagged for damage inspection.
SHP0003082,WX,Weather Delay,Weather,High,Closed,2025-01-19 12:37:22,2025-01-20 04:20:33,600,Carrier,Shipment delayed because of weather conditions.
SHP0003084,WX,Weather Delay,Weather,High,Closed,2025-03-21 11:59:37,2025-03-22 12:15:23,1278,Carrier,Shipment delayed because of weather conditions.
SHP0003086,ADDR,Address Issue,Address,Medium,Closed,2025-09-12 00:25:03,2025-09-12 07:50:41,161,Customer,Delivery address requires correction or validation.
SHP0003087,WX,Weather Delay,Weather,High,Closed,2025-05-04 20:21:43,2025-05-05 13:21:06,305,Carrier,Shipment delayed because of weather conditions.
SHP0003088,CAP,Capacity Constraint,Capacity,Medium,Closed,2025-06-10 07:14:05,2025-06-11 03:30:55,901,Carrier,Shipment delayed due to available trailer or dock capacity.
SHP0003095,MECH,Equipment Failure,Mechanical,High,Open,2025-01-27 10:43:24,,754,Carrier,Equipment failure caused an operational delay.
SHP0003096,DAMG,Damaged Shipment,Damage,High,Closed,2025-03-07 07:28:49,2025-03-09 00:07:16,1924,Carrier,Shipment flagged for damage inspection.
SHP0003098,ADDR,Address Issue,Address,Medium,Closed,2025-02-27 18:39:12,2025-02-28 20:06:30,1290,Customer,Delivery address requires correction or validation.
SHP0003101,ADDR,Address Issue,Address,Medium,Closed,2025-07-13 14:43:04,2025-07-14 16:28:59,1333,Customer,Delivery address requires correction or validation.
SHP0003103,ADDR,Address Issue,Address,Medium,Closed,2025-02-14 04:20:50,2025-02-15 01:17:44,764,Customer,Delivery address requires correction or validation.
SHP0003104,WX,Weather Delay,Weather,High,Open,2025-02-01 19:45:48,,428,Carrier,Shipment delayed because of weather conditions.
SHP0003106,CAP,Capacity Constraint,Capacity,Medium,Closed,2025-09-10 06:53:47,2025-09-10 15:04:55,61,Carrier,Shipment delayed due to available trailer or dock capacity.
SHP0003109,DAMG,Damaged Shipment,Damage,High,Closed,2025-08-02 00:27:21,2025-08-03 11:56:34,2102,Carrier,Shipment flagged for damage inspection.
SHP0003115,WX,Weather Delay,Weather,High,Closed,2025-08-08 17:52:54,2025-08-09 17:25:56,1167,Carrier,Shipment delayed because of weather conditions.
SHP0003116,DAMG,Damaged Shipment,Damage,High,Closed,2025-08-08 12:20:24,2025-08-09 21:15:02,1673,Carrier,Shipment flagged for damage inspection.
SHP0003117,WX,Weather Delay,Weather,High,Closed,2025-05-04 21:13:58,2025-05-05 07:41:37,486,Carrier,Shipment delayed because of weather conditions.
SHP0003125,MSCN,Missed Scan,Process,Medium,Closed,2025-04-14 13:49:31,2025-04-15 06:26:35,498,Operations,Expected scan was not captured on time.
SHP0003127,MECH,Equipment Failure,Mechanical,High,Closed,2025-09-18 11:26:25,2025-09-19 03:30:02,702,Carrier,Equipment failure caused an operational delay.
SHP0003133,MECH,Equipment Failure,Mechanical,High,Closed,2025-06-17 21:55:42,2025-06-18 16:46:53,718,Carrier,Equipment failure caused an operational delay.
SHP0003134,ADDR,Address Issue,Address,Medium,Closed,2025-09-06 09:53:05,2025-09-07 10:09:34,942,Customer,Delivery address requires correction or validation.
SHP0003136,MECH,Equipment Failure,Mechanical,High,Closed,2025-09-23 11:08:56,2025-09-24 07:45:13,670,Carrier,Equipment failure caused an operational delay.
SHP0003137,CAP,Capacity Constraint,Capacity,Medium,Closed,2025-02-20 04:39:53,2025-02-20 20:35:28,438,Carrier,Shipment delayed due to available trailer or dock capacity.
SHP0003140,ADDR,Address Issue,Address,Medium,Closed,2025-05-31 10:07:24,2025-06-01 05:27:26,676,Customer,Delivery address requires correction or validation.
SHP0003146,WX,Weather Delay,Weather,High,Closed,2025-07-11 22:35:16,2025-07-12 20:49:55,682,Carrier,Shipment delayed because of weather conditions.
SHP0003147,ADDR,Address Issue,Address,Medium,Closed,2025-06-12 12:49:03,2025-06-13 04:06:17,754,Customer,Delivery address requires correction or validation.
SHP0003150,MSCN,Missed Scan,Process,Medium,Closed,2025-06-30 06:39:48,2025-06-30 09:09:26,226,Operations,Expected scan was not captured on time.
SHP0003154,ADDR,Address Issue,Address,Medium,Closed,2025-03-14 19:13:44,2025-03-15 21:40:26,1071,Customer,Delivery address requires correction or validation.
SHP0003155,MSCN,Missed Scan,Process,Medium,Closed,2025-01-18 18:20:29,2025-01-19 05:39:09,405,Operations,Expected scan was not captured on time.
SHP0003159,WX,Weather Delay,Weather,High,Closed,2025-07-06 14:34:33,2025-07-07 07:23:23,825,Carrier,Shipment delayed because of weather conditions.
SHP0003160,DAMG,Damaged Shipment,Damage,High,Closed,2025-01-15 18:12:25,2025-01-17 08:21:08,2082,Carrier,Shipment flagged for damage inspection.
SHP0003161,WX,Weather Delay,Weather,High,Closed,2025-02-18 07:34:37,2025-02-18 18:52:20,430,Carrier,Shipment delayed because of weather conditions.
SHP0003164,WX,Weather Delay,Weather,High,Closed,2025-01-24 19:53:46,2025-01-25 11:42:08,530,Carrier,Shipment delayed because of weather conditions.
SHP0003166,MSCN,Missed Scan,Process,Medium,Closed,2025-07-06 19:19:09,2025-07-07 02:14:35,231,Operations,Expected scan was not captured on time.
SHP0003170,WX,Weather Delay,Weather,High,Closed,2025-06-17 18:41:30,2025-06-18 16:03:16,1023,Carrier,Shipment delayed because of weather conditions.
SHP0003171,CAP,Capacity Constraint,Capacity,Medium,Closed,2025-05-07 03:16:14,2025-05-08 06:09:02,800,Carrier,Shipment delayed due to available trailer or dock capacity.
SHP0003175,ADDR,Address Issue,Address,Medium,Open,2025-03-01 21:20:36,,201,Customer,Delivery address requires correction or validation.
SHP0003176,ADDR,Address Issue,Address,Medium,Closed,2025-04-24 16:35:49,2025-04-25 07:28:47,360,Customer,Delivery address requires correction or validation.
SHP0003180,MECH,Equipment Failure,Mechanical,High,Closed,2025-04-25 15:36:06,2025-04-25 19:57:28,291,Carrier,Equipment failure caused an operational delay.
SHP0003181,WX,Weather Delay,Weather,High,Closed,2025-06-05 14:07:07,2025-06-06 23:16:18,1654,Carrier,Shipment delayed because of weather conditions.
SHP0003182,WX,Weather Delay,Weather,High,Closed,2025-01-30 14:03:27,2025-01-31 18:32:20,1637,Carrier,Shipment delayed because of weather conditions.
SHP0003185,WX,Weather Delay,Weather,High,Closed,2025-08-10 02:44:50,2025-08-10 22:57:00,804,Carrier,Shipment delayed because of weather conditions.
SHP0003188,MSCN,Missed Scan,Process,Medium,Closed,2025-05-02 07:15:53,2025-05-02 07:16:33,73,Operations,Expected scan was not captured on time.
SHP0003190,WX,Weather Delay,Weather,High,Closed,2025-06-06 19:44:18,2025-06-07 18:08:50,1195,Carrier,Shipment delayed because of weather conditions.
SHP0003197,WX,Weather Delay,Weather,High,Closed,2025-04-06 11:07:17,2025-04-07 02:19:17,748,Carrier,Shipment delayed because of weather conditions.
SHP0003199,MECH,Equipment Failure,Mechanical,High,Closed,2025-09-05 20:48:38,2025-09-06 21:28:23,821,Carrier,Equipment failure caused an operational delay.
SHP0003200,MECH,Equipment Failure,Mechanical,High,Open,2025-08-24 18:09:04,,611,Carrier,Equipment failure caused an operational delay.
SHP0003203,MSCN,Missed Scan,Process,Medium,Open,2025-07-09 02:00:51,,73,Operations,Expected scan was not captured on time.
SHP0003205,MECH,Equipment Failure,Mechanical,High,Closed,2025-05-30 03:28:19,2025-05-31 02:11:31,1192,Carrier,Equipment failure caused an operational delay.
SHP0003211,ADDR,Address Issue,Address,Medium,Open,2025-02-28 11:22:21,,1232,Customer,Delivery address requires correction or validation.
SHP0003216,WX,Weather Delay,Weather,High,Closed,2025-07-25 11:51:11,2025-07-26 02:53:39,817,Carrier,Shipment delayed because of weather conditions.
SHP0003218,MSCN,Missed Scan,Process,Medium,Closed,2025-03-30 13:10:28,2025-03-31 02:49:48,281,Operations,Expected scan was not captured on time.
SHP0003219,MECH,Equipment Failure,Mechanical,High,Closed,2025-06-23 04:34:52,2025-06-23 23:55:54,532,Carrier,Equipment failure caused an operational delay.
SHP0003220,ADDR,Address Issue,Address,Medium,Closed,2025-02-20 06:04:38,2025-02-20 19:38:15,844,Customer,Delivery address requires correction or validation.
SHP0003221,MSCN,Missed Scan,Process,Medium,Closed,2025-08-29 16:47:57,2025-08-30 05:32:56,145,Operations,Expected scan was not captured on time.
SHP0003222,CAP,Capacity Constraint,Capacity,Medium,Closed,2025-05-30 09:23:55,2025-05-30 23:16:56,411,Carrier,Shipment delayed due to available trailer or dock capacity.
SHP0003225,WX,Weather Delay,Weather,High,Closed,2025-05-25 10:10:17,2025-05-26 09:36:27,661,Carrier,Shipment delayed because of weather conditions.
SHP0003227,MSCN,Missed Scan,Process,Medium,Closed,2025-04-15 13:09:21,2025-04-15 22:22:49,342,Operations,Expected scan was not captured on time.
SHP0003229,WX,Weather Delay,Weather,High,Closed,2025-01-06 22:08:52,2025-01-08 12:01:02,1469,Carrier,Shipment delayed because of weather conditions.
SHP0003230,MECH,Equipment Failure,Mechanical,High,Closed,2025-09-02 15:38:28,2025-09-03 05:22:53,572,Carrier,Equipment failure caused an operational delay.
SHP0003234,WX,Weather Delay,Weather,High,Closed,2025-09-05 03:58:30,2025-09-06 11:59:09,1136,Carrier,Shipment delayed because of weather conditions.
SHP0003239,MECH,Equipment Failure,Mechanical,High,Closed,2025-03-20 08:12:31,2025-03-21 00:12:59,448,Carrier,Equipment failure caused an operational delay.
SHP0003240,WX,Weather Delay,Weather,High,Closed,2025-02-10 00:22:24,2025-02-10 23:35:50,858,Carrier,Shipment delayed because of weather conditions.
SHP0003242,DAMG,Damaged Shipment,Damage,High,Closed,2025-07-21 03:54:06,2025-07-23 04:45:06,2112,Carrier,Shipment flagged for damage inspection.
SHP0003244,ADDR,Address Issue,Address,Medium,Closed,2025-04-07 18:08:52,2025-04-08 09:16:42,585,Customer,Delivery address requires correction or validation.
SHP0003245,ADDR,Address Issue,Address,Medium,Closed,2025-01-19 07:20:28,2025-01-20 02:57:57,1069,Customer,Delivery address requires correction or validation.
SHP0003246,DAMG,Damaged Shipment,Damage,High,Closed,2025-06-07 19:47:02,2025-06-08 07:34:24,650,Carrier,Shipment flagged for damage inspection.
SHP0003247,CAP,Capacity Constraint,Capacity,Medium,Closed,2025-09-18 05:46:03,2025-09-18 13:31:36,386,Carrier,Shipment delayed due to available trailer or dock capacity.
SHP0003249,WX,Weather Delay,Weather,High,Open,2025-08-27 12:59:21,,1085,Carrier,Shipment delayed because of weather conditions.
SHP0003253,WX,Weather Delay,Weather,High,Closed,2025-04-29 16:12:24,2025-04-30 08:10:19,604,Carrier,Shipment delayed because of weather conditions.
SHP0003257,DAMG,Damaged Shipment,Damage,High,Closed,2025-05-02 21:00:41,2025-05-04 11:51:28,2088,Carrier,Shipment flagged for damage inspection.
SHP0003259,WX,Weather Delay,Weather,High,Closed,2025-06-13 08:43:26,2025-06-13 15:19:50,323,Carrier,Shipment delayed because of weather conditions.
SHP0003269,CAP,Capacity Constraint,Capacity,Medium,Closed,2025-07-21 13:35:06,2025-07-22 11:18:46,544,Carrier,Shipment delayed due to available trailer or dock capacity.
SHP0003270,MSCN,Missed Scan,Process,Medium,Closed,2025-08-29 16:29:57,2025-08-30 10:57:45,438,Operations,Expected scan was not captured on time.
SHP0003272,DAMG,Damaged Shipment,Damage,High,Closed,2025-08-04 08:09:41,2025-08-06 14:45:46,2737,Carrier,Shipment flagged for damage inspection.
SHP0003274,MSCN,Missed Scan,Process,Medium,Closed,2025-06-16 17:57:41,2025-06-16 18:29:46,124,Operations,Expected scan was not captured on time.
SHP0003275,DAMG,Damaged Shipment,Damage,High,Closed,2025-08-12 00:27:22,2025-08-12 18:51:23,650,Carrier,Shipment flagged for damage inspection.
SHP0003285,DAMG,Damaged Shipment,Damage,High,Closed,2025-09-11 19:11:57,2025-09-12 10:55:45,417,Carrier,Shipment flagged for damage inspection.
SHP0003289,MSCN,Missed Scan,Process,Medium,Closed,2025-02-10 20:36:59,2025-02-11 00:01:16,106,Operations,Expected scan was not captured on time.
SHP0003290,WX,Weather Delay,Weather,High,Closed,2025-09-26 15:06:36,2025-09-27 10:05:41,793,Carrier,Shipment delayed because of weather conditions.
SHP0003291,ADDR,Address Issue,Address,Medium,Closed,2025-09-23 18:09:40,2025-09-25 04:58:07,1273,Customer,Delivery address requires correction or validation.
SHP0003293,CAP,Capacity Constraint,Capacity,Medium,Closed,2025-06-02 07:28:13,2025-06-03 02:00:44,899,Carrier,Shipment delayed due to available trailer or dock capacity.
SHP0003294,DAMG,Damaged Shipment,Damage,High,Closed,2025-09-19 12:42:21,2025-09-20 14:31:05,1387,Carrier,Shipment flagged for damage inspection.
SHP0003295,MSCN,Missed Scan,Process,Medium,Closed,2025-01-04 00:20:15,2025-01-04 13:53:37,235,Operations,Expected scan was not captured on time.
SHP0003296,WX,Weather Delay,Weather,High,Closed,2025-01-09 01:24:39,2025-01-09 23:04:54,618,Carrier,Shipment delayed because of weather conditions.
SHP0003299,DAMG,Damaged Shipment,Damage,High,Closed,2025-07-23 00:51:01,2025-07-23 21:55:30,612,Carrier,Shipment flagged for damage inspection.
SHP0003300,MECH,Equipment Failure,Mechanical,High,Closed,2025-08-06 11:23:45,2025-08-07 06:09:43,379,Carrier,Equipment failure caused an operational delay.
SHP0003303,WX,Weather Delay,Weather,High,Closed,2025-01-13 00:45:18,2025-01-13 10:58:39,370,Carrier,Shipment delayed because of weather conditions.
SHP0003305,ADDR,Address Issue,Address,Medium,Closed,2025-05-19 05:18:48,2025-05-19 19:29:57,429,Customer,Delivery address requires correction or validation.
SHP0003307,WX,Weather Delay,Weather,High,Closed,2025-07-24 01:59:38,2025-07-25 07:45:21,1332,Carrier,Shipment delayed because of weather conditions.
SHP0003312,WX,Weather Delay,Weather,High,Closed,2025-08-15 12:10:29,2025-08-15 20:47:39,502,Carrier,Shipment delayed because of weather conditions.
SHP0003318,ADDR,Address Issue,Address,Medium,Open,2025-05-04 22:08:41,,195,Customer,Delivery address requires correction or validation.
SHP0003319,ADDR,Address Issue,Address,Medium,Closed,2025-02-28 00:12:05,2025-03-01 04:46:18,1308,Customer,Delivery address requires correction or validation.
SHP0003322,WX,Weather Delay,Weather,High,Closed,2025-01-22 05:34:52,2025-01-23 03:45:13,754,Carrier,Shipment delayed because of weather conditions.
SHP0003323,MSCN,Missed Scan,Process,Medium,Closed,2025-09-18 21:29:25,2025-09-19 09:46:48,176,Operations,Expected scan was not captured on time.
SHP0003324,MSCN,Missed Scan,Process,Medium,Closed,2025-03-25 07:08:22,2025-03-25 10:09:49,68,Operations,Expected scan was not captured on time.
SHP0003326,ADDR,Address Issue,Address,Medium,Closed,2025-06-05 16:12:39,2025-06-06 05:26:52,504,Customer,Delivery address requires correction or validation.
SHP0003327,DAMG,Damaged Shipment,Damage,High,Closed,2025-04-15 23:12:51,2025-04-17 18:54:11,2421,Carrier,Shipment flagged for damage inspection.
SHP0003333,MSCN,Missed Scan,Process,Medium,Closed,2025-09-06 17:17:17,2025-09-06 22:47:26,216,Operations,Expected scan was not captured on time.
SHP0003334,MSCN,Missed Scan,Process,Medium,Closed,2025-05-14 21:28:57,2025-05-15 07:51:42,377,Operations,Expected scan was not captured on time.
SHP0003337,MSCN,Missed Scan,Process,Medium,Closed,2025-05-16 11:20:33,2025-05-16 15:15:13,272,Operations,Expected scan was not captured on time.
SHP0003344,CAP,Capacity Constraint,Capacity,Medium,Closed,2025-04-28 20:22:55,2025-04-29 02:55:36,126,Carrier,Shipment delayed due to available trailer or dock capacity.
SHP0003348,MSCN,Missed Scan,Process,Medium,Closed,2025-02-13 10:54:32,2025-02-14 02:39:07,343,Operations,Expected scan was not captured on time.
SHP0003351,CAP,Capacity Constraint,Capacity,Medium,Closed,2025-04-25 07:20:30,2025-04-25 19:33:35,446,Carrier,Shipment delayed due to available trailer or dock capacity.
SHP0003355,CAP,Capacity Constraint,Capacity,Medium,Open,2025-04-23 21:40:44,,946,Carrier,Shipment delayed due to available trailer or dock capacity.
SHP0003356,MSCN,Missed Scan,Process,Medium,Closed,2025-07-29 22:19:36,2025-07-30 01:48:36,140,Operations,Expected scan was not captured on time.
SHP0003366,WX,Weather Delay,Weather,High,Closed,2025-05-11 22:09:38,2025-05-12 23:51:31,1600,Carrier,Shipment delayed because of weather conditions.
SHP0003367,DAMG,Damaged Shipment,Damage,High,Closed,2025-08-15 02:10:58,2025-08-17 08:55:54,2629,Carrier,Shipment flagged for damage inspection.
SHP0003371,CAP,Capacity Constraint,Capacity,Medium,Closed,2025-08-30 06:04:04,2025-08-30 07:16:42,225,Carrier,Shipment delayed due to available trailer or dock capacity.
SHP0003373,DAMG,Damaged Shipment,Damage,High,Closed,2025-07-17 16:15:33,2025-07-19 04:45:53,1466,Carrier,Shipment flagged for damage inspection.
SHP0003376,ADDR,Address Issue,Address,Medium,Closed,2025-05-29 05:33:26,2025-05-29 19:07:35,283,Customer,Delivery address requires correction or validation.
SHP0003382,ADDR,Address Issue,Address,Medium,Open,2025-04-22 06:21:17,,1393,Customer,Delivery address requires correction or validation.
SHP0003385,MSCN,Missed Scan,Process,Medium,Closed,2025-02-17 00:16:47,2025-02-17 05:53:58,253,Operations,Expected scan was not captured on time.
SHP0003390,MSCN,Missed Scan,Process,Medium,Closed,2025-05-23 14:55:15,2025-05-24 04:47:50,394,Operations,Expected scan was not captured on time.
SHP0003391,WX,Weather Delay,Weather,High,Closed,2025-05-10 17:42:30,2025-05-11 15:33:20,945,Carrier,Shipment delayed because of weather conditions.
SHP0003395,CAP,Capacity Constraint,Capacity,Medium,Closed,2025-09-28 17:33:13,2025-09-29 13:32:43,836,Carrier,Shipment delayed due to available trailer or dock capacity.
SHP0003397,ADDR,Address Issue,Address,Medium,Closed,2025-08-06 03:16:27,2025-08-06 23:07:45,995,Customer,Delivery address requires correction or validation.
SHP0003400,CAP,Capacity Constraint,Capacity,Medium,Closed,2025-07-15 15:10:32,2025-07-15 21:58:43,726,Carrier,Shipment delayed due to available trailer or dock capacity.
SHP0003407,ADDR,Address Issue,Address,Medium,Closed,2025-07-23 11:39:05,2025-07-24 04:37:12,1069,Customer,Delivery address requires correction or validation.
SHP0003408,MSCN,Missed Scan,Process,Medium,Closed,2025-01-28 06:17:20,2025-01-28 12:19:14,227,Operations,Expected scan was not captured on time.
SHP0003409,MSCN,Missed Scan,Process,Medium,Closed,2025-06-24 19:02:33,2025-06-25 05:32:27,68,Operations,Expected scan was not captured on time.
SHP0003410,MECH,Equipment Failure,Mechanical,High,Closed,2025-03-31 16:24:09,2025-04-01 04:14:41,797,Carrier,Equipment failure caused an operational delay.
SHP0003413,WX,Weather Delay,Weather,High,Closed,2025-01-14 04:55:14,2025-01-15 15:25:15,1621,Carrier,Shipment delayed because of weather conditions.
SHP0003415,WX,Weather Delay,Weather,High,Open,2025-05-07 08:33:20,,787,Carrier,Shipment delayed because of weather conditions.
SHP0003417,DAMG,Damaged Shipment,Damage,High,Open,2025-04-22 19:11:27,,2495,Carrier,Shipment flagged for damage inspection.
SHP0003418,MSCN,Missed Scan,Process,Medium,Closed,2025-04-29 11:40:04,2025-04-29 13:55:23,207,Operations,Expected scan was not captured on time.
SHP0003422,DAMG,Damaged Shipment,Damage,High,Closed,2025-01-07 09:29:09,2025-01-09 17:21:20,2758,Carrier,Shipment flagged for damage inspection.
SHP0003424,WX,Weather Delay,Weather,High,Closed,2025-01-25 16:15:57,2025-01-26 12:05:12,719,Carrier,Shipment delayed because of weather conditions.
SHP0003428,WX,Weather Delay,Weather,High,Closed,2025-08-18 06:36:04,2025-08-19 10:48:54,1249,Carrier,Shipment delayed because of weather conditions.
SHP0003436,ADDR,Address Issue,Address,Medium,Closed,2025-07-13 21:50:34,2025-07-14 08:05:34,198,Customer,Delivery address requires correction or validation.
SHP0003438,ADDR,Address Issue,Address,Medium,Closed,2025-07-16 02:56:29,2025-07-17 05:46:28,923,Customer,Delivery address requires correction or validation.
SHP0003441,MSCN,Missed Scan,Process,Medium,Open,2025-05-13 01:16:46,,251,Operations,Expected scan was not captured on time.
SHP0003444,MSCN,Missed Scan,Process,Medium,Closed,2025-03-11 07:34:38,2025-03-11 12:45:56,233,Operations,Expected scan was not captured on time.
SHP0003447,MSCN,Missed Scan,Process,Medium,Closed,2025-09-19 22:23:24,2025-09-20 11:07:16,471,Operations,Expected scan was not captured on time.
SHP0003450,MSCN,Missed Scan,Process,Medium,Closed,2025-05-28 03:26:16,2025-05-28 22:45:56,357,Operations,Expected scan was not captured on time.
SHP0003452,ADDR,Address Issue,Address,Medium,Closed,2025-08-29 13:04:14,2025-08-30 14:09:19,960,Customer,Delivery address requires correction or validation.
SHP0003455,MSCN,Missed Scan,Process,Medium,Closed,2025-03-20 16:30:54,2025-03-21 00:51:51,354,Operations,Expected scan was not captured on time.
SHP0003457,MSCN,Missed Scan,Process,Medium,Closed,2025-04-02 04:22:26,2025-04-02 15:10:33,465,Operations,Expected scan was not captured on time.
SHP0003459,MSCN,Missed Scan,Process,Medium,Closed,2025-08-01 15:13:48,2025-08-01 17:55:19,189,Operations,Expected scan was not captured on time.
SHP0003460,DAMG,Damaged Shipment,Damage,High,Closed,2025-02-22 07:13:42,2025-02-23 03:46:28,651,Carrier,Shipment flagged for damage inspection.
SHP0003463,MECH,Equipment Failure,Mechanical,High,Open,2025-08-15 15:22:06,,1244,Carrier,Equipment failure caused an operational delay.
SHP0003468,WX,Weather Delay,Weather,High,Closed,2025-04-16 12:44:31,2025-04-17 06:22:13,1063,Carrier,Shipment delayed because of weather conditions.
SHP0003479,WX,Weather Delay,Weather,High,Closed,2025-09-06 09:38:51,2025-09-07 05:00:04,450,Carrier,Shipment delayed because of weather conditions.
SHP0003481,CAP,Capacity Constraint,Capacity,Medium,Closed,2025-09-01 19:58:38,2025-09-02 02:59:15,471,Carrier,Shipment delayed due to available trailer or dock capacity.
SHP0003485,WX,Weather Delay,Weather,High,Closed,2025-07-05 14:40:01,2025-07-06 10:26:06,347,Carrier,Shipment delayed because of weather conditions.
SHP0003487,DAMG,Damaged Shipment,Damage,High,Closed,2025-08-29 05:07:37,2025-08-29 21:27:55,659,Carrier,Shipment flagged for damage inspection.
SHP0003489,MSCN,Missed Scan,Process,Medium,Closed,2025-03-30 20:18:54,2025-03-31 02:37:21,429,Operations,Expected scan was not captured on time.
SHP0003490,WX,Weather Delay,Weather,High,Closed,2025-05-17 18:50:35,2025-05-18 23:47:57,1592,Carrier,Shipment delayed because of weather conditions.
SHP0003492,WX,Weather Delay,Weather,High,Closed,2025-06-28 14:03:20,2025-06-29 10:03:20,725,Carrier,Shipment delayed because of weather conditions.
SHP0003495,MECH,Equipment Failure,Mechanical,High,Closed,2025-03-04 08:44:53,2025-03-04 20:40:16,532,Carrier,Equipment failure caused an operational delay.
SHP0003499,ADDR,Address Issue,Address,Medium,Closed,2025-07-05 02:24:12,2025-07-05 20:00:54,807,Customer,Delivery address requires correction or validation.
SHP0003503,WX,Weather Delay,Weather,High,Closed,2025-04-13 12:31:11,2025-04-14 11:17:31,1264,Carrier,Shipment delayed because of weather conditions.
SHP0003513,DAMG,Damaged Shipment,Damage,High,Open,2025-04-12 02:13:32,,2871,Carrier,Shipment flagged for damage inspection.
SHP0003514,DAMG,Damaged Shipment,Damage,High,Open,2025-09-04 06:56:47,,1971,Carrier,Shipment flagged for damage inspection.
SHP0003517,CAP,Capacity Constraint,Capacity,Medium,Closed,2025-04-24 17:31:19,2025-04-25 07:33:33,541,Carrier,Shipment delayed due to available trailer or dock capacity.
SHP0003519,MSCN,Missed Scan,Process,Medium,Closed,2025-05-28 16:19:25,2025-05-29 07:32:53,234,Operations,Expected scan was not captured on time.
SHP0003522,WX,Weather Delay,Weather,High,Closed,2025-03-18 16:23:06,2025-03-19 04:55:35,245,Carrier,Shipment delayed because of weather conditions.
SHP0003523,MSCN,Missed Scan,Process,Medium,Open,2025-03-30 20:33:07,,57,Operations,Expected scan was not captured on time.
SHP0003525,MSCN,Missed Scan,Process,Medium,Closed,2025-07-22 01:02:52,2025-07-22 14:26:40,196,Operations,Expected scan was not captured on time.
SHP0003527,MSCN,Missed Scan,Process,Medium,Closed,2025-05-24 11:00:11,2025-05-25 02:55:20,306,Operations,Expected scan was not captured on time.
SHP0003528,MSCN,Missed Scan,Process,Medium,Open,2025-09-20 23:32:51,,31,Operations,Expected scan was not captured on time.
SHP0003530,MECH,Equipment Failure,Mechanical,High,Closed,2025-05-22 15:00:46,2025-05-22 21:48:52,486,Carrier,Equipment failure caused an operational delay.
SHP0003534,DAMG,Damaged Shipment,Damage,High,Closed,2025-03-20 06:20:06,2025-03-22 00:35:30,2498,Carrier,Shipment flagged for damage inspection.
SHP0003535,ADDR,Address Issue,Address,Medium,Closed,2025-05-18 14:04:01,2025-05-19 02:31:03,606,Customer,Delivery address requires correction or validation.
SHP0003537,WX,Weather Delay,Weather,High,Closed,2025-06-30 07:06:12,2025-07-01 06:33:37,821,Carrier,Shipment delayed because of weather conditions.
SHP0003538,WX,Weather Delay,Weather,High,Closed,2025-06-15 17:22:02,2025-06-16 09:13:01,988,Carrier,Shipment delayed because of weather conditions.
SHP0003542,CAP,Capacity Constraint,Capacity,Medium,Closed,2025-01-08 03:27:30,2025-01-09 01:21:49,830,Carrier,Shipment delayed due to available trailer or dock capacity.
SHP0003543,CAP,Capacity Constraint,Capacity,Medium,Closed,2025-09-25 18:32:26,2025-09-26 05:08:09,147,Carrier,Shipment delayed due to available trailer or dock capacity.
SHP0003544,WX,Weather Delay,Weather,High,Closed,2025-07-17 15:31:06,2025-07-18 07:12:19,330,Carrier,Shipment delayed because of weather conditions.
SHP0003545,ADDR,Address Issue,Address,Medium,Closed,2025-02-19 10:26:04,2025-02-20 16:47:30,1376,Customer,Delivery address requires correction or validation.
SHP0003547,DAMG,Damaged Shipment,Damage,High,Closed,2025-02-01 16:14:39,2025-02-02 06:42:54,390,Carrier,Shipment flagged for damage inspection.
SHP0003549,ADDR,Address Issue,Address,Medium,Closed,2025-06-26 20:44:00,2025-06-27 07:30:36,151,Customer,Delivery address requires correction or validation.
SHP0003551,MECH,Equipment Failure,Mechanical,High,Closed,2025-06-20 10:20:37,2025-06-20 23:35:31,580,Carrier,Equipment failure caused an operational delay.
SHP0003553,DAMG,Damaged Shipment,Damage,High,Closed,2025-06-21 15:29:51,2025-06-22 12:20:22,1124,Carrier,Shipment flagged for damage inspection.
SHP0003555,MSCN,Missed Scan,Process,Medium,Closed,2025-05-11 14:55:09,2025-05-11 22:16:15,75,Operations,Expected scan was not captured on time.
SHP0003559,CAP,Capacity Constraint,Capacity,Medium,Closed,2025-02-10 12:42:31,2025-02-11 02:49:24,924,Carrier,Shipment delayed due to available trailer or dock capacity.
SHP0003569,DAMG,Damaged Shipment,Damage,High,Closed,2025-05-28 13:31:34,2025-05-30 10:47:03,2610,Carrier,Shipment flagged for damage inspection.
SHP0003572,DAMG,Damaged Shipment,Damage,High,Open,2025-10-01 11:00:00,,1902,Carrier,Shipment flagged for damage inspection.
SHP0003574,ADDR,Address Issue,Address,Medium,Closed,2025-08-20 03:48:16,2025-08-21 02:08:21,889,Customer,Delivery address requires correction or validation.
SHP0003576,WX,Weather Delay,Weather,High,Closed,2025-07-24 01:51:42,2025-07-25 03:41:51,830,Carrier,Shipment delayed because of weather conditions.
SHP0003577,WX,Weather Delay,Weather,High,Closed,2025-02-13 04:31:09,2025-02-14 14:11:54,1379,Carrier,Shipment delayed because of weather conditions.
SHP0003580,ADDR,Address Issue,Address,Medium,Closed,2025-02-04 05:31:35,2025-02-05 06:30:23,1357,Customer,Delivery address requires correction or validation.
SHP0003588,WX,Weather Delay,Weather,High,Closed,2025-02-03 04:28:49,2025-02-03 15:02:01,486,Carrier,Shipment delayed because of weather conditions.
SHP0003589,WX,Weather Delay,Weather,High,Open,2025-02-10 05:15:47,,1041,Carrier,Shipment delayed because of weather conditions.
SHP0003590,MSCN,Missed Scan,Process,Medium,Closed,2025-02-19 00:00:08,2025-02-19 08:40:43,250,Operations,Expected scan was not captured on time.
SHP0003591,WX,Weather Delay,Weather,High,Closed,2025-04-29 09:56:42,2025-04-30 11:02:36,1075,Carrier,Shipment delayed because of weather conditions.
SHP0003592,CAP,Capacity Constraint,Capacity,Medium,Closed,2025-05-31 20:54:13,2025-06-01 10:09:15,141,Carrier,Shipment delayed due to available trailer or dock capacity.
SHP0003597,MSCN,Missed Scan,Process,Medium,Closed,2025-04-06 06:41:23,2025-04-06 18:09:26,508,Operations,Expected scan was not captured on time.
SHP0003598,MSCN,Missed Scan,Process,Medium,Closed,2025-06-28 10:06:17,2025-06-29 00:09:20,125,Operations,Expected scan was not captured on time.
SHP0003601,MECH,Equipment Failure,Mechanical,High,Closed,2025-01-28 14:38:42,2025-01-29 13:26:41,635,Carrier,Equipment failure caused an operational delay.
SHP0003602,MSCN,Missed Scan,Process,Medium,Closed,2025-06-06 22:18:32,2025-06-07 08:01:51,411,Operations,Expected scan was not captured on time.
SHP0003604,MSCN,Missed Scan,Process,Medium,Closed,2025-09-29 19:20:57,2025-09-30 14:01:57,534,Operations,Expected scan was not captured on time.
SHP0003611,WX,Weather Delay,Weather,High,Closed,2025-09-30 13:45:52,2025-10-01 07:07:29,1000,Carrier,Shipment delayed because of weather conditions.
SHP0003612,MSCN,Missed Scan,Process,Medium,Closed,2025-07-11 11:53:29,2025-07-12 00:20:46,477,Operations,Expected scan was not captured on time.
SHP0003613,ADDR,Address Issue,Address,Medium,Closed,2025-01-14 19:44:49,2025-01-16 01:11:55,1207,Customer,Delivery address requires correction or validation.
SHP0003615,ADDR,Address Issue,Address,Medium,Open,2025-08-04 05:19:05,,201,Customer,Delivery address requires correction or validation.
SHP0003619,MECH,Equipment Failure,Mechanical,High,Closed,2025-04-01 18:57:58,2025-04-02 10:54:05,357,Carrier,Equipment failure caused an operational delay.
SHP0003621,ADDR,Address Issue,Address,Medium,Closed,2025-03-04 00:07:38,2025-03-04 22:04:04,1220,Customer,Delivery address requires correction or validation.
SHP0003623,ADDR,Address Issue,Address,Medium,Closed,2025-03-04 19:56:22,2025-03-06 04:03:48,1429,Customer,Delivery address requires correction or validation.
SHP0003626,WX,Weather Delay,Weather,High,Closed,2025-07-08 01:07:21,2025-07-08 22:56:45,1049,Carrier,Shipment delayed because of weather conditions.
SHP0003627,WX,Weather Delay,Weather,High,Closed,2025-02-18 05:02:56,2025-02-18 22:56:55,609,Carrier,Shipment delayed because of weather conditions.
SHP0003628,MECH,Equipment Failure,Mechanical,High,Closed,2025-08-16 09:40:11,2025-08-17 07:59:06,736,Carrier,Equipment failure caused an operational delay.
SHP0003629,MECH,Equipment Failure,Mechanical,High,Closed,2025-08-10 08:05:41,2025-08-10 17:29:14,429,Carrier,Equipment failure caused an operational delay.
SHP0003633,MECH,Equipment Failure,Mechanical,High,Closed,2025-08-02 06:23:36,2025-08-02 13:33:51,227,Carrier,Equipment failure caused an operational delay.
SHP0003635,ADDR,Address Issue,Address,Medium,Closed,2025-07-09 06:48:57,2025-07-10 00:12:33,480,Customer,Delivery address requires correction or validation.
SHP0003638,WX,Weather Delay,Weather,High,Closed,2025-01-25 01:11:07,2025-01-25 20:58:31,488,Carrier,Shipment delayed because of weather conditions.
SHP0003639,MSCN,Missed Scan,Process,Medium,Closed,2025-05-25 23:18:00,2025-05-26 11:07:24,103,Operations,Expected scan was not captured on time.
SHP0003644,WX,Weather Delay,Weather,High,Closed,2025-01-20 10:20:44,2025-01-21 04:27:25,413,Carrier,Shipment delayed because of weather conditions.
SHP0003647,DAMG,Damaged Shipment,Damage,High,Closed,2025-09-24 01:03:45,2025-09-26 10:27:29,2674,Carrier,Shipment flagged for damage inspection.
SHP0003652,DAMG,Damaged Shipment,Damage,High,Closed,2025-04-16 05:17:52,2025-04-17 20:13:46,1769,Carrier,Shipment flagged for damage inspection.
SHP0003656,CAP,Capacity Constraint,Capacity,Medium,Open,2025-01-05 17:41:32,,756,Carrier,Shipment delayed due to available trailer or dock capacity.
SHP0003657,MECH,Equipment Failure,Mechanical,High,Open,2025-01-26 02:18:56,,1175,Carrier,Equipment failure caused an operational delay.
SHP0003660,CAP,Capacity Constraint,Capacity,Medium,Closed,2025-06-13 15:13:54,2025-06-13 23:12:08,132,Carrier,Shipment delayed due to available trailer or dock capacity.
SHP0003665,WX,Weather Delay,Weather,High,Closed,2025-08-24 22:35:49,2025-08-25 17:20:50,310,Carrier,Shipment delayed because of weather conditions.
SHP0003666,CAP,Capacity Constraint,Capacity,Medium,Closed,2025-04-22 05:12:54,2025-04-22 15:09:13,554,Carrier,Shipment delayed due to available trailer or dock capacity.
SHP0003667,DAMG,Damaged Shipment,Damage,High,Closed,2025-03-22 02:37:16,2025-03-23 03:46:19,1403,Carrier,Shipment flagged for damage inspection.
SHP0003671,MSCN,Missed Scan,Process,Medium,Closed,2025-03-30 09:02:50,2025-03-31 01:06:06,282,Operations,Expected scan was not captured on time.
SHP0003672,MSCN,Missed Scan,Process,Medium,Closed,2025-02-05 15:07:15,2025-02-06 00:15:16,431,Operations,Expected scan was not captured on time.
SHP0003674,MSCN,Missed Scan,Process,Medium,Closed,2025-06-18 09:08:48,2025-06-18 19:58:29,220,Operations,Expected scan was not captured on time.
SHP0003676,WX,Weather Delay,Weather,High,Closed,2025-08-25 12:02:39,2025-08-26 06:26:54,706,Carrier,Shipment delayed because of weather conditions.
SHP0003677,ADDR,Address Issue,Address,Medium,Closed,2025-08-20 19:00:36,2025-08-21 05:55:13,139,Customer,Delivery address requires correction or validation.
SHP0003679,MECH,Equipment Failure,Mechanical,High,Closed,2025-05-17 13:42:45,2025-05-18 05:58:37,733,Carrier,Equipment failure caused an operational delay.
SHP0003680,DAMG,Damaged Shipment,Damage,High,Closed,2025-06-25 23:48:40,2025-06-27 01:05:59,1441,Carrier,Shipment flagged for damage inspection.
SHP0003681,MECH,Equipment Failure,Mechanical,High,Closed,2025-01-28 06:49:01,2025-01-28 21:51:34,681,Carrier,Equipment failure caused an operational delay.
SHP0003684,MSCN,Missed Scan,Process,Medium,Closed,2025-05-25 01:16:52,2025-05-25 16:18:34,110,Operations,Expected scan was not captured on time.
SHP0003690,DAMG,Damaged Shipment,Damage,High,Closed,2025-02-15 04:30:24,2025-02-16 01:51:34,644,Carrier,Shipment flagged for damage inspection.
SHP0003691,CAP,Capacity Constraint,Capacity,Medium,Closed,2025-05-13 20:37:12,2025-05-14 11:41:33,668,Carrier,Shipment delayed due to available trailer or dock capacity.
SHP0003693,MECH,Equipment Failure,Mechanical,High,Closed,2025-06-15 06:43:30,2025-06-15 19:13:59,273,Carrier,Equipment failure caused an operational delay.
SHP0003694,ADDR,Address Issue,Address,Medium,Closed,2025-01-24 21:44:28,2025-01-25 11:04:44,194,Customer,Delivery address requires correction or validation.
SHP0003695,DAMG,Damaged Shipment,Damage,High,Closed,2025-03-13 01:03:28,2025-03-14 03:15:48,1376,Carrier,Shipment flagged for damage inspection.
SHP0003697,MSCN,Missed Scan,Process,Medium,Closed,2025-01-23 16:46:00,2025-01-24 04:24:11,107,Operations,Expected scan was not captured on time.
SHP0003705,MECH,Equipment Failure,Mechanical,High,Closed,2025-02-22 05:49:09,2025-02-23 01:44:36,1052,Carrier,Equipment failure caused an operational delay.
SHP0003707,WX,Weather Delay,Weather,High,Closed,2025-03-04 14:08:32,2025-03-05 02:37:28,308,Carrier,Shipment delayed because of weather conditions.
SHP0003708,DAMG,Damaged Shipment,Damage,High,Open,2025-01-18 16:00:11,,1306,Carrier,Shipment flagged for damage inspection.
SHP0003711,ADDR,Address Issue,Address,Medium,Closed,2025-06-19 16:48:53,2025-06-20 16:29:33,1247,Customer,Delivery address requires correction or validation.
SHP0003712,MECH,Equipment Failure,Mechanical,High,Closed,2025-07-04 06:43:58,2025-07-05 01:30:33,523,Carrier,Equipment failure caused an operational delay.
SHP0003713,MSCN,Missed Scan,Process,Medium,Closed,2025-07-17 06:31:11,2025-07-17 16:42:39,177,Operations,Expected scan was not captured on time.
SHP0003715,WX,Weather Delay,Weather,High,Closed,2025-08-19 07:23:19,2025-08-20 01:43:37,1165,Carrier,Shipment delayed because of weather conditions.
SHP0003716,WX,Weather Delay,Weather,High,Closed,2025-09-16 21:08:54,2025-09-17 20:07:42,685,Carrier,Shipment delayed because of weather conditions.
SHP0003718,WX,Weather Delay,Weather,High,Closed,2025-07-29 03:39:28,2025-07-30 15:07:58,1510,Carrier,Shipment delayed because of weather conditions.
SHP0003719,DAMG,Damaged Shipment,Damage,High,Closed,2025-04-10 11:29:59,2025-04-12 08:45:50,2384,Carrier,Shipment flagged for damage inspection.
SHP0003721,WX,Weather Delay,Weather,High,Closed,2025-07-03 06:11:30,2025-07-04 11:39:12,1406,Carrier,Shipment delayed because of weather conditions.
SHP0003725,MSCN,Missed Scan,Process,Medium,Closed,2025-06-07 05:14:07,2025-06-07 23:23:06,498,Operations,Expected scan was not captured on time.
SHP0003729,CAP,Capacity Constraint,Capacity,Medium,Open,2025-05-12 01:01:05,,752,Carrier,Shipment delayed due to available trailer or dock capacity.
SHP0003730,CAP,Capacity Constraint,Capacity,Medium,Closed,2025-04-23 04:10:00,2025-04-23 17:08:52,569,Carrier,Shipment delayed due to available trailer or dock capacity.
SHP0003732,CAP,Capacity Constraint,Capacity,Medium,Closed,2025-09-21 13:25:05,2025-09-22 03:02:01,760,Carrier,Shipment delayed due to available trailer or dock capacity.
SHP0003737,ADDR,Address Issue,Address,Medium,Closed,2025-02-13 10:19:49,2025-02-14 20:17:50,1217,Customer,Delivery address requires correction or validation.
SHP0003747,MECH,Equipment Failure,Mechanical,High,Open,2025-03-09 21:17:07,,265,Carrier,Equipment failure caused an operational delay.
SHP0003749,WX,Weather Delay,Weather,High,Closed,2025-05-29 17:24:59,2025-05-30 09:26:34,980,Carrier,Shipment delayed because of weather conditions.
SHP0003750,ADDR,Address Issue,Address,Medium,Closed,2025-09-21 04:33:01,2025-09-22 03:26:47,642,Customer,Delivery address requires correction or validation.
SHP0003755,WX,Weather Delay,Weather,High,Open,2025-02-12 00:15:11,,1082,Carrier,Shipment delayed because of weather conditions.
SHP0003757,MECH,Equipment Failure,Mechanical,High,Closed,2025-09-28 19:04:47,2025-09-29 19:22:12,1228,Carrier,Equipment failure caused an operational delay.
SHP0003758,CAP,Capacity Constraint,Capacity,Medium,Closed,2025-07-23 15:03:16,2025-07-24 08:19:11,503,Carrier,Shipment delayed due to available trailer or dock capacity.
SHP0003761,CAP,Capacity Constraint,Capacity,Medium,Closed,2025-01-27 19:07:17,2025-01-28 20:21:39,845,Carrier,Shipment delayed due to available trailer or dock capacity.
SHP0003762,ADDR,Address Issue,Address,Medium,Closed,2025-01-23 03:12:22,2025-01-24 06:56:01,1165,Customer,Delivery address requires correction or validation.
SHP0003765,WX,Weather Delay,Weather,High,Open,2025-07-18 20:26:34,,834,Carrier,Shipment delayed because of weather conditions.
SHP0003766,DAMG,Damaged Shipment,Damage,High,Closed,2025-01-19 22:40:40,2025-01-21 02:14:11,1076,Carrier,Shipment flagged for damage inspection.
SHP0003768,MSCN,Missed Scan,Process,Medium,Closed,2025-06-08 17:43:42,2025-06-09 02:10:41,362,Operations,Expected scan was not captured on time.
SHP0003771,DAMG,Damaged Shipment,Damage,High,Closed,2025-07-22 10:57:23,2025-07-23 16:13:43,1426,Carrier,Shipment flagged for damage inspection.
SHP0003773,MSCN,Missed Scan,Process,Medium,Closed,2025-04-20 08:09:54,2025-04-20 21:06:54,282,Operations,Expected scan was not captured on time.
SHP0003774,MSCN,Missed Scan,Process,Medium,Closed,2025-02-27 07:19:02,2025-02-27 18:59:34,233,Operations,Expected scan was not captured on time.
SHP0003776,DAMG,Damaged Shipment,Damage,High,Closed,2025-05-14 05:10:49,2025-05-15 23:47:11,2466,Carrier,Shipment flagged for damage inspection.
SHP0003778,DAMG,Damaged Shipment,Damage,High,Closed,2025-09-08 02:42:03,2025-09-10 09:37:56,2560,Carrier,Shipment flagged for damage inspection.
SHP0003779,ADDR,Address Issue,Address,Medium,Closed,2025-06-08 04:13:45,2025-06-09 03:28:21,1087,Customer,Delivery address requires correction or validation.
SHP0003782,MSCN,Missed Scan,Process,Medium,Closed,2025-03-26 04:34:53,2025-03-26 12:55:36,283,Operations,Expected scan was not captured on time.
SHP0003783,ADDR,Address Issue,Address,Medium,Closed,2025-05-31 17:38:16,2025-06-01 13:52:22,553,Customer,Delivery address requires correction or validation.
SHP0003784,DAMG,Damaged Shipment,Damage,High,Closed,2025-01-06 19:01:31,2025-01-07 18:50:34,981,Carrier,Shipment flagged for damage inspection.
SHP0003786,MSCN,Missed Scan,Process,Medium,Closed,2025-01-08 22:12:01,2025-01-09 14:48:30,276,Operations,Expected scan was not captured on time.
SHP0003787,WX,Weather Delay,Weather,High,Closed,2025-04-23 19:48:19,2025-04-24 09:25:50,635,Carrier,Shipment delayed because of weather conditions.
SHP0003789,MECH,Equipment Failure,Mechanical,High,Closed,2025-07-07 19:08:39,2025-07-08 12:08:10,814,Carrier,Equipment failure caused an operational delay.
SHP0003790,ADDR,Address Issue,Address,Medium,Closed,2025-07-03 21:02:07,2025-07-05 03:13:21,1434,Customer,Delivery address requires correction or validation.
SHP0003791,WX,Weather Delay,Weather,High,Closed,2025-09-26 07:13:26,2025-09-27 12:38:13,1261,Carrier,Shipment delayed because of weather conditions.
SHP0003792,WX,Weather Delay,Weather,High,Closed,2025-09-19 15:14:22,2025-09-20 13:20:40,777,Carrier,Shipment delayed because of weather conditions.
SHP0003793,ADDR,Address Issue,Address,Medium,Closed,2025-04-20 15:58:38,2025-04-20 20:38:46,356,Customer,Delivery address requires correction or validation.
SHP0003794,CAP,Capacity Constraint,Capacity,Medium,Closed,2025-08-24 14:07:49,2025-08-25 07:55:17,959,Carrier,Shipment delayed due to available trailer or dock capacity.
SHP0003797,ADDR,Address Issue,Address,Medium,Closed,2025-02-02 16:33:05,2025-02-03 09:13:22,157,Customer,Delivery address requires correction or validation.
SHP0003800,DAMG,Damaged Shipment,Damage,High,Closed,2025-08-30 07:58:36,2025-08-31 02:27:23,805,Carrier,Shipment flagged for damage inspection.
SHP0003802,WX,Weather Delay,Weather,High,Closed,2025-07-26 11:33:09,2025-07-27 23:41:00,1445,Carrier,Shipment delayed because of weather conditions.
SHP0003808,DAMG,Damaged Shipment,Damage,High,Closed,2025-01-26 16:10:31,2025-01-27 14:59:57,919,Carrier,Shipment flagged for damage inspection.
SHP0003810,MSCN,Missed Scan,Process,Medium,Closed,2025-07-16 06:52:46,2025-07-16 18:10:32,340,Operations,Expected scan was not captured on time.
SHP0003816,WX,Weather Delay,Weather,High,Closed,2025-03-21 22:24:38,2025-03-22 13:41:16,1026,Carrier,Shipment delayed because of weather conditions.
SHP0003818,DAMG,Damaged Shipment,Damage,High,Open,2025-03-23 10:02:05,,828,Carrier,Shipment flagged for damage inspection.
SHP0003820,WX,Weather Delay,Weather,High,Closed,2025-03-04 20:50:34,2025-03-05 16:07:23,455,Carrier,Shipment delayed because of weather conditions.
SHP0003822,CAP,Capacity Constraint,Capacity,Medium,Closed,2025-07-19 10:47:33,2025-07-19 19:05:48,297,Carrier,Shipment delayed due to available trailer or dock capacity.
SHP0003827,DAMG,Damaged Shipment,Damage,High,Closed,2025-04-26 10:10:56,2025-04-28 07:13:45,2459,Carrier,Shipment flagged for damage inspection.
SHP0003828,DAMG,Damaged Shipment,Damage,High,Closed,2025-03-05 16:17:51,2025-03-07 17:21:02,2804,Carrier,Shipment flagged for damage inspection.
SHP0003830,MECH,Equipment Failure,Mechanical,High,Open,2025-01-16 16:20:07,,758,Carrier,Equipment failure caused an operational delay.
SHP0003833,DAMG,Damaged Shipment,Damage,High,Closed,2025-05-31 11:24:15,2025-06-01 05:34:05,513,Carrier,Shipment flagged for damage inspection.
SHP0003834,CAP,Capacity Constraint,Capacity,Medium,Closed,2025-07-31 01:49:44,2025-07-31 10:38:41,375,Carrier,Shipment delayed due to available trailer or dock capacity.
SHP0003843,MSCN,Missed Scan,Process,Medium,Closed,2025-09-16 23:42:52,2025-09-17 15:49:28,478,Operations,Expected scan was not captured on time.
SHP0003844,WX,Weather Delay,Weather,High,Closed,2025-08-29 06:08:11,2025-08-30 02:26:14,753,Carrier,Shipment delayed because of weather conditions.
SHP0003845,WX,Weather Delay,Weather,High,Closed,2025-04-10 11:53:11,2025-04-11 14:02:19,1386,Carrier,Shipment delayed because of weather conditions.
SHP0003852,ADDR,Address Issue,Address,Medium,Closed,2025-05-13 13:44:57,2025-05-14 19:14:19,1410,Customer,Delivery address requires correction or validation.
SHP0003853,MSCN,Missed Scan,Process,Medium,Closed,2025-08-24 13:53:45,2025-08-24 22:38:08,212,Operations,Expected scan was not captured on time.
SHP0003856,MSCN,Missed Scan,Process,Medium,Closed,2025-06-23 12:04:45,2025-06-23 18:59:49,342,Operations,Expected scan was not captured on time.
SHP0003857,ADDR,Address Issue,Address,Medium,Closed,2025-01-27 00:47:41,2025-01-27 14:27:17,435,Customer,Delivery address requires correction or validation.
SHP0003860,MSCN,Missed Scan,Process,Medium,Closed,2025-06-07 14:53:28,2025-06-08 01:13:22,491,Operations,Expected scan was not captured on time.
SHP0003863,MSCN,Missed Scan,Process,Medium,Closed,2025-08-10 23:58:14,2025-08-11 15:36:18,479,Operations,Expected scan was not captured on time.
SHP0003864,ADDR,Address Issue,Address,Medium,Closed,2025-09-19 01:07:02,2025-09-20 10:46:51,1361,Customer,Delivery address requires correction or validation.
SHP0003865,ADDR,Address Issue,Address,Medium,Closed,2025-07-06 20:59:44,2025-07-07 11:18:13,465,Customer,Delivery address requires correction or validation.
SHP0003867,WX,Weather Delay,Weather,High,Closed,2025-07-20 00:17:02,2025-07-20 21:24:34,831,Carrier,Shipment delayed because of weather conditions.
SHP0003870,MSCN,Missed Scan,Process,Medium,Closed,2025-02-24 00:41:10,2025-02-24 16:27:30,421,Operations,Expected scan was not captured on time.
SHP0003871,CAP,Capacity Constraint,Capacity,Medium,Closed,2025-06-05 15:20:57,2025-06-06 07:10:51,303,Carrier,Shipment delayed due to available trailer or dock capacity.
SHP0003881,DAMG,Damaged Shipment,Damage,High,Closed,2025-03-06 08:57:37,2025-03-06 20:32:23,463,Carrier,Shipment flagged for damage inspection.
SHP0003884,MSCN,Missed Scan,Process,Medium,Closed,2025-02-12 19:49:34,2025-02-13 04:08:42,209,Operations,Expected scan was not captured on time.
SHP0003892,MSCN,Missed Scan,Process,Medium,Open,2025-04-01 04:51:10,,442,Operations,Expected scan was not captured on time.
SHP0003893,ADDR,Address Issue,Address,Medium,Closed,2025-01-18 08:54:07,2025-01-18 12:15:24,122,Customer,Delivery address requires correction or validation.
SHP0003898,WX,Weather Delay,Weather,High,Closed,2025-06-16 04:28:26,2025-06-17 09:13:38,1522,Carrier,Shipment delayed because of weather conditions.
SHP0003899,MSCN,Missed Scan,Process,Medium,Closed,2025-08-04 03:16:13,2025-08-04 05:03:31,125,Operations,Expected scan was not captured on time.
SHP0003901,DAMG,Damaged Shipment,Damage,High,Closed,2025-02-07 14:14:26,2025-02-09 14:34:54,2664,Carrier,Shipment flagged for damage inspection.
SHP0003903,ADDR,Address Issue,Address,Medium,Open,2025-08-10 05:57:25,,446,Customer,Delivery address requires correction or validation.
SHP0003905,ADDR,Address Issue,Address,Medium,Closed,2025-06-25 05:25:20,2025-06-26 01:04:30,487,Customer,Delivery address requires correction or validation.
SHP0003908,ADDR,Address Issue,Address,Medium,Closed,2025-06-14 06:26:52,2025-06-14 06:29:42,165,Customer,Delivery address requires correction or validation.
SHP0003909,CAP,Capacity Constraint,Capacity,Medium,Closed,2025-03-03 13:52:03,2025-03-04 10:56:39,880,Carrier,Shipment delayed due to available trailer or dock capacity.
SHP0003910,MECH,Equipment Failure,Mechanical,High,Open,2025-02-02 00:48:48,,816,Carrier,Equipment failure caused an operational delay.
SHP0003915,MSCN,Missed Scan,Process,Medium,Closed,2025-03-09 09:38:23,2025-03-09 21:35:06,299,Operations,Expected scan was not captured on time.
SHP0003918,WX,Weather Delay,Weather,High,Closed,2025-05-17 15:55:05,2025-05-18 11:52:18,1613,Carrier,Shipment delayed because of weather conditions.
SHP0003922,MSCN,Missed Scan,Process,Medium,Closed,2025-08-04 00:41:14,2025-08-04 05:48:25,129,Operations,Expected scan was not captured on time.
SHP0003924,WX,Weather Delay,Weather,High,Open,2025-08-05 00:01:08,,1182,Carrier,Shipment delayed because of weather conditions.
SHP0003925,ADDR,Address Issue,Address,Medium,Closed,2025-01-17 05:16:35,2025-01-17 22:09:21,674,Customer,Delivery address requires correction or validation.
SHP0003926,WX,Weather Delay,Weather,High,Closed,2025-09-07 08:08:24,2025-09-08 13:35:23,1250,Carrier,Shipment delayed because of weather conditions.
SHP0003929,MSCN,Missed Scan,Process,Medium,Closed,2025-08-18 11:37:17,2025-08-19 03:01:30,314,Operations,Expected scan was not captured on time.
SHP0003930,WX,Weather Delay,Weather,High,Closed,2025-08-25 01:21:39,2025-08-25 13:10:29,548,Carrier,Shipment delayed because of weather conditions.
SHP0003935,ADDR,Address Issue,Address,Medium,Closed,2025-02-06 04:26:38,2025-02-06 16:32:12,214,Customer,Delivery address requires correction or validation.
SHP0003939,WX,Weather Delay,Weather,High,Closed,2025-09-24 01:54:47,2025-09-25 09:14:12,1267,Carrier,Shipment delayed because of weather conditions.
SHP0003945,CAP,Capacity Constraint,Capacity,Medium,Closed,2025-02-05 02:15:53,2025-02-05 18:57:09,772,Carrier,Shipment delayed due to available trailer or dock capacity.
SHP0003952,ADDR,Address Issue,Address,Medium,Closed,2025-08-02 08:56:33,2025-08-03 18:03:44,1217,Customer,Delivery address requires correction or validation.
SHP0003954,WX,Weather Delay,Weather,High,Closed,2025-03-05 11:28:45,2025-03-06 04:54:15,866,Carrier,Shipment delayed because of weather conditions.
SHP0003960,DAMG,Damaged Shipment,Damage,High,Closed,2025-05-18 02:38:24,2025-05-19 13:35:26,1891,Carrier,Shipment flagged for damage inspection.
SHP0003973,DAMG,Damaged Shipment,Damage,High,Closed,2025-01-07 20:46:03,2025-01-09 10:58:03,2075,Carrier,Shipment flagged for damage inspection.
SHP0003976,MSCN,Missed Scan,Process,Medium,Closed,2025-05-16 02:07:36,2025-05-16 11:28:02,377,Operations,Expected scan was not captured on time.
SHP0003977,WX,Weather Delay,Weather,High,Closed,2025-02-18 18:42:02,2025-02-19 08:17:11,531,Carrier,Shipment delayed because of weather conditions.
SHP0003979,DAMG,Damaged Shipment,Damage,High,Closed,2025-07-12 11:10:18,2025-07-13 14:45:20,988,Carrier,Shipment flagged for damage inspection.
SHP0003981,ADDR,Address Issue,Address,Medium,Closed,2025-07-10 14:23:06,2025-07-11 17:19:09,1254,Customer,Delivery address requires correction or validation.
SHP0003984,DAMG,Damaged Shipment,Damage,High,Closed,2025-06-17 13:32:01,2025-06-19 00:03:52,1713,Carrier,Shipment flagged for damage inspection.
SHP0003991,DAMG,Damaged Shipment,Damage,High,Closed,2025-06-06 17:56:22,2025-06-08 23:00:12,2845,Carrier,Shipment flagged for damage inspection.
SHP0003997,WX,Weather Delay,Weather,High,Closed,2025-08-02 14:49:04,2025-08-02 22:42:48,363,Carrier,Shipment delayed because of weather conditions.
SHP0004001,ADDR,Address Issue,Address,Medium,Closed,2025-07-27 23:57:31,2025-07-28 13:49:44,242,Customer,Delivery address requires correction or validation.
SHP0004002,DAMG,Damaged Shipment,Damage,High,Closed,2025-04-23 05:45:48,2025-04-23 14:30:34,661,Carrier,Shipment flagged for damage inspection.
SHP0004003,CAP,Capacity Constraint,Capacity,Medium,Closed,2025-09-15 11:03:53,2025-09-16 07:39:52,578,Carrier,Shipment delayed due to available trailer or dock capacity.
SHP0004008,ADDR,Address Issue,Address,Medium,Closed,2025-08-03 06:11:56,2025-08-03 15:14:39,246,Customer,Delivery address requires correction or validation.
SHP0004011,CAP,Capacity Constraint,Capacity,Medium,Closed,2025-04-13 02:10:47,2025-04-13 11:12:17,418,Carrier,Shipment delayed due to available trailer or dock capacity.
SHP0004013,WX,Weather Delay,Weather,High,Closed,2025-02-18 18:12:36,2025-02-19 18:44:03,1030,Carrier,Shipment delayed because of weather conditions.
SHP0004015,ADDR,Address Issue,Address,Medium,Closed,2025-02-15 04:17:05,2025-02-15 18:07:26,281,Customer,Delivery address requires correction or validation.
SHP0004026,CAP,Capacity Constraint,Capacity,Medium,Closed,2025-06-21 17:45:21,2025-06-22 09:26:27,562,Carrier,Shipment delayed due to available trailer or dock capacity.
SHP0004032,WX,Weather Delay,Weather,High,Closed,2025-03-06 00:17:54,2025-03-07 02:19:28,1622,Carrier,Shipment delayed because of weather conditions.
SHP0004033,MSCN,Missed Scan,Process,Medium,Closed,2025-05-23 18:41:16,2025-05-24 02:30:18,263,Operations,Expected scan was not captured on time.
SHP0004034,WX,Weather Delay,Weather,High,Closed,2025-01-24 12:34:19,2025-01-25 06:29:19,682,Carrier,Shipment delayed because of weather conditions.
SHP0004037,MSCN,Missed Scan,Process,Medium,Open,2025-06-01 06:08:05,,204,Operations,Expected scan was not captured on time.
SHP0004039,CAP,Capacity Constraint,Capacity,Medium,Closed,2025-01-30 11:35:05,2025-01-31 04:37:40,790,Carrier,Shipment delayed due to available trailer or dock capacity.
SHP0004045,MSCN,Missed Scan,Process,Medium,Closed,2025-09-17 14:18:10,2025-09-17 16:23:41,63,Operations,Expected scan was not captured on time.
SHP0004052,WX,Weather Delay,Weather,High,Closed,2025-05-09 06:19:51,2025-05-10 07:52:50,1112,Carrier,Shipment delayed because of weather conditions.
SHP0004055,WX,Weather Delay,Weather,High,Closed,2025-05-05 22:54:43,2025-05-06 15:37:15,780,Carrier,Shipment delayed because of weather conditions.
SHP0004060,ADDR,Address Issue,Address,Medium,Open,2025-06-30 14:01:05,,249,Customer,Delivery address requires correction or validation.
SHP0004065,ADDR,Address Issue,Address,Medium,Closed,2025-03-19 18:25:25,2025-03-21 03:45:06,1237,Customer,Delivery address requires correction or validation.
SHP0004069,DAMG,Damaged Shipment,Damage,High,Closed,2025-01-05 05:44:00,2025-01-06 04:52:42,1297,Carrier,Shipment flagged for damage inspection.
SHP0004076,MECH,Equipment Failure,Mechanical,High,Closed,2025-02-22 02:24:54,2025-02-23 06:48:08,1205,Carrier,Equipment failure caused an operational delay.
SHP0004077,ADDR,Address Issue,Address,Medium,Closed,2025-07-15 13:18:03,2025-07-16 14:57:24,806,Customer,Delivery address requires correction or validation.
SHP0004079,MSCN,Missed Scan,Process,Medium,Open,2025-08-08 14:15:49,,427,Operations,Expected scan was not captured on time.
SHP0004087,ADDR,Address Issue,Address,Medium,Closed,2025-02-03 22:05:27,2025-02-04 22:43:29,1397,Customer,Delivery address requires correction or validation.
SHP0004089,MSCN,Missed Scan,Process,Medium,Closed,2025-03-26 10:15:41,2025-03-26 11:36:27,159,Operations,Expected scan was not captured on time.
SHP0004090,MSCN,Missed Scan,Process,Medium,Closed,2025-09-11 06:41:55,2025-09-11 21:22:00,288,Operations,Expected scan was not captured on time.
SHP0004092,MECH,Equipment Failure,Mechanical,High,Closed,2025-01-12 02:56:20,2025-01-12 14:24:22,517,Carrier,Equipment failure caused an operational delay.
SHP0004094,ADDR,Address Issue,Address,Medium,Closed,2025-09-23 04:19:39,2025-09-23 10:50:58,212,Customer,Delivery address requires correction or validation.
SHP0004097,DAMG,Damaged Shipment,Damage,High,Closed,2025-08-10 08:53:15,2025-08-11 16:11:37,1447,Carrier,Shipment flagged for damage inspection.
SHP0004100,MECH,Equipment Failure,Mechanical,High,Closed,2025-07-02 06:45:29,2025-07-02 14:44:21,610,Carrier,Equipment failure caused an operational delay.
SHP0004101,WX,Weather Delay,Weather,High,Closed,2025-05-11 12:03:27,2025-05-12 23:29:28,1622,Carrier,Shipment delayed because of weather conditions.
SHP0004103,MSCN,Missed Scan,Process,Medium,Closed,2025-06-21 17:10:03,2025-06-22 06:12:37,505,Operations,Expected scan was not captured on time.
SHP0004104,DAMG,Damaged Shipment,Damage,High,Closed,2025-05-13 02:36:14,2025-05-14 11:29:57,1313,Carrier,Shipment flagged for damage inspection.
SHP0004109,MECH,Equipment Failure,Mechanical,High,Closed,2025-02-02 13:00:13,2025-02-03 03:11:04,518,Carrier,Equipment failure caused an operational delay.
SHP0004110,MSCN,Missed Scan,Process,Medium,Closed,2025-02-05 15:43:55,2025-02-06 10:21:48,410,Operations,Expected scan was not captured on time.
SHP0004112,DAMG,Damaged Shipment,Damage,High,Closed,2025-05-05 09:45:33,2025-05-07 01:36:45,2020,Carrier,Shipment flagged for damage inspection.
SHP0004113,DAMG,Damaged Shipment,Damage,High,Closed,2025-08-18 10:50:05,2025-08-19 23:34:20,2235,Carrier,Shipment flagged for damage inspection.
SHP0004114,MSCN,Missed Scan,Process,Medium,Closed,2025-03-30 01:20:44,2025-03-30 21:01:42,506,Operations,Expected scan was not captured on time.
SHP0004120,MSCN,Missed Scan,Process,Medium,Closed,2025-07-13 19:26:45,2025-07-14 06:13:25,394,Operations,Expected scan was not captured on time.
SHP0004121,WX,Weather Delay,Weather,High,Closed,2025-03-16 06:52:12,2025-03-17 00:19:02,1064,Carrier,Shipment delayed because of weather conditions.
SHP0004123,MSCN,Missed Scan,Process,Medium,Closed,2025-09-07 17:33:11,2025-09-08 11:12:27,427,Operations,Expected scan was not captured on time.
SHP0004125,ADDR,Address Issue,Address,Medium,Closed,2025-01-19 00:13:47,2025-01-20 00:27:37,1065,Customer,Delivery address requires correction or validation.
SHP0004126,CAP,Capacity Constraint,Capacity,Medium,Closed,2025-04-30 21:37:41,2025-05-01 09:32:42,448,Carrier,Shipment delayed due to available trailer or dock capacity.
SHP0004127,MSCN,Missed Scan,Process,Medium,Closed,2025-07-30 18:18:40,2025-07-31 07:53:18,121,Operations,Expected scan was not captured on time.
SHP0004129,WX,Weather Delay,Weather,High,Open,2025-01-01 17:42:25,,422,Carrier,Shipment delayed because of weather conditions.
SHP0004130,MECH,Equipment Failure,Mechanical,High,Closed,2025-09-09 15:59:33,2025-09-10 18:43:18,890,Carrier,Equipment failure caused an operational delay.
SHP0004134,MSCN,Missed Scan,Process,Medium,Closed,2025-08-08 08:43:30,2025-08-08 19:57:07,52,Operations,Expected scan was not captured on time.
SHP0004135,MECH,Equipment Failure,Mechanical,High,Closed,2025-02-16 03:39:41,2025-02-16 17:31:10,595,Carrier,Equipment failure caused an operational delay.
SHP0004136,ADDR,Address Issue,Address,Medium,Closed,2025-04-04 14:39:12,2025-04-05 06:57:36,521,Customer,Delivery address requires correction or validation.
SHP0004137,WX,Weather Delay,Weather,High,Closed,2025-07-10 03:11:14,2025-07-10 18:22:25,735,Carrier,Shipment delayed because of weather conditions.
SHP0004138,MECH,Equipment Failure,Mechanical,High,Closed,2025-02-17 23:43:14,2025-02-18 12:22:16,353,Carrier,Equipment failure caused an operational delay.
SHP0004139,MECH,Equipment Failure,Mechanical,High,Closed,2025-07-20 16:21:50,2025-07-21 06:39:40,845,Carrier,Equipment failure caused an operational delay.
SHP0004145,WX,Weather Delay,Weather,High,Closed,2025-05-08 07:20:04,2025-05-09 20:01:39,1639,Carrier,Shipment delayed because of weather conditions.
SHP0004149,DAMG,Damaged Shipment,Damage,High,Closed,2025-08-08 11:32:19,2025-08-09 08:33:28,1053,Carrier,Shipment flagged for damage inspection.
SHP0004150,ADDR,Address Issue,Address,Medium,Closed,2025-01-16 13:23:39,2025-01-17 18:11:50,1242,Customer,Delivery address requires correction or validation.
SHP0004151,MECH,Equipment Failure,Mechanical,High,Closed,2025-04-21 08:21:08,2025-04-22 06:31:31,1089,Carrier,Equipment failure caused an operational delay.
SHP0004155,DAMG,Damaged Shipment,Damage,High,Closed,2025-02-03 09:17:26,2025-02-04 17:19:00,1587,Carrier,Shipment flagged for damage inspection.
SHP0004158,MECH,Equipment Failure,Mechanical,High,Closed,2025-07-02 17:06:48,2025-07-03 17:19:15,1097,Carrier,Equipment failure caused an operational delay.
SHP0004159,DAMG,Damaged Shipment,Damage,High,Closed,2025-08-18 17:04:15,2025-08-19 23:05:20,1129,Carrier,Shipment flagged for damage inspection.
SHP0004160,CAP,Capacity Constraint,Capacity,Medium,Closed,2025-08-10 02:08:47,2025-08-10 02:37:43,121,Carrier,Shipment delayed due to available trailer or dock capacity.
SHP0004165,DAMG,Damaged Shipment,Damage,High,Closed,2025-06-30 00:18:50,2025-07-02 04:37:42,2872,Carrier,Shipment flagged for damage inspection.
SHP0004167,MSCN,Missed Scan,Process,Medium,Closed,2025-08-22 09:45:23,2025-08-22 19:44:01,56,Operations,Expected scan was not captured on time.
SHP0004169,DAMG,Damaged Shipment,Damage,High,Closed,2025-09-20 02:52:15,2025-09-21 19:49:17,1940,Carrier,Shipment flagged for damage inspection.
SHP0004170,WX,Weather Delay,Weather,High,Closed,2025-07-11 12:36:33,2025-07-12 20:46:08,1679,Carrier,Shipment delayed because of weather conditions.
SHP0004171,MSCN,Missed Scan,Process,Medium,Closed,2025-02-09 13:27:41,2025-02-10 01:17:13,304,Operations,Expected scan was not captured on time.
SHP0004172,WX,Weather Delay,Weather,High,Closed,2025-04-04 18:50:06,2025-04-05 22:53:40,1402,Carrier,Shipment delayed because of weather conditions.
SHP0004174,ADDR,Address Issue,Address,Medium,Closed,2025-07-19 23:54:25,2025-07-20 10:01:07,168,Customer,Delivery address requires correction or validation.
SHP0004175,WX,Weather Delay,Weather,High,Closed,2025-09-10 15:12:00,2025-09-11 14:40:33,1286,Carrier,Shipment delayed because of weather conditions.
SHP0004178,WX,Weather Delay,Weather,High,Open,2025-07-18 11:39:41,,584,Carrier,Shipment delayed because of weather conditions.
SHP0004179,CAP,Capacity Constraint,Capacity,Medium,Closed,2025-04-29 17:01:32,2025-04-30 07:56:45,588,Carrier,Shipment delayed due to available trailer or dock capacity.
SHP0004183,ADDR,Address Issue,Address,Medium,Closed,2025-04-20 02:23:19,2025-04-20 20:49:21,664,Customer,Delivery address requires correction or validation.
SHP0004184,CAP,Capacity Constraint,Capacity,Medium,Closed,2025-08-18 06:12:36,2025-08-19 02:41:18,740,Carrier,Shipment delayed due to available trailer or dock capacity.
SHP0004185,ADDR,Address Issue,Address,Medium,Closed,2025-01-16 08:52:08,2025-01-17 06:39:14,933,Customer,Delivery address requires correction or validation.
SHP0004189,MSCN,Missed Scan,Process,Medium,Closed,2025-07-22 16:57:03,2025-07-23 04:29:58,340,Operations,Expected scan was not captured on time.
SHP0004191,MECH,Equipment Failure,Mechanical,High,Closed,2025-01-14 10:20:01,2025-01-15 08:11:52,1091,Carrier,Equipment failure caused an operational delay.
SHP0004193,ADDR,Address Issue,Address,Medium,Closed,2025-06-11 12:39:28,2025-06-11 23:39:42,1421,Customer,Delivery address requires correction or validation.
SHP0004197,CAP,Capacity Constraint,Capacity,Medium,Open,2025-06-15 13:38:29,,591,Carrier,Shipment delayed due to available trailer or dock capacity.
SHP0004198,CAP,Capacity Constraint,Capacity,Medium,Open,2025-02-25 17:30:07,,777,Carrier,Shipment delayed due to available trailer or dock capacity.
SHP0004199,MECH,Equipment Failure,Mechanical,High,Closed,2025-07-10 20:56:55,2025-07-11 13:57:42,391,Carrier,Equipment failure caused an operational delay.
SHP0004201,CAP,Capacity Constraint,Capacity,Medium,Closed,2025-09-25 08:53:27,2025-09-26 04:38:59,935,Carrier,Shipment delayed due to available trailer or dock capacity.
SHP0004203,WX,Weather Delay,Weather,High,Closed,2025-03-12 00:56:33,2025-03-12 21:47:14,846,Carrier,Shipment delayed because of weather conditions.
SHP0004207,CAP,Capacity Constraint,Capacity,Medium,Closed,2025-02-10 20:36:24,2025-02-11 12:49:10,413,Carrier,Shipment delayed due to available trailer or dock capacity.
SHP0004208,WX,Weather Delay,Weather,High,Closed,2025-05-31 12:57:37,2025-05-31 23:09:23,1311,Carrier,Shipment delayed because of weather conditions.
SHP0004211,MSCN,Missed Scan,Process,Medium,Closed,2025-05-19 09:08:21,2025-05-19 18:17:10,362,Operations,Expected scan was not captured on time.
SHP0004214,ADDR,Address Issue,Address,Medium,Closed,2025-08-02 12:53:46,2025-08-03 07:39:54,538,Customer,Delivery address requires correction or validation.
SHP0004215,DAMG,Damaged Shipment,Damage,High,Closed,2025-04-23 00:33:04,2025-04-24 20:29:02,1835,Carrier,Shipment flagged for damage inspection.
SHP0004220,WX,Weather Delay,Weather,High,Closed,2025-04-08 17:33:10,2025-04-09 12:15:26,409,Carrier,Shipment delayed because of weather conditions.
SHP0004221,MSCN,Missed Scan,Process,Medium,Closed,2025-03-19 11:05:51,2025-03-20 07:36:42,320,Operations,Expected scan was not captured on time.
SHP0004223,ADDR,Address Issue,Address,Medium,Closed,2025-07-20 21:29:15,2025-07-21 16:41:14,774,Customer,Delivery address requires correction or validation.
SHP0004225,CAP,Capacity Constraint,Capacity,Medium,Closed,2025-07-29 04:04:50,2025-07-29 14:48:04,72,Carrier,Shipment delayed due to available trailer or dock capacity.
SHP0004228,DAMG,Damaged Shipment,Damage,High,Open,2025-04-19 05:09:06,,2209,Carrier,Shipment flagged for damage inspection.
SHP0004230,CAP,Capacity Constraint,Capacity,Medium,Closed,2025-07-01 08:33:34,2025-07-01 16:55:51,331,Carrier,Shipment delayed due to available trailer or dock capacity.
SHP0004233,WX,Weather Delay,Weather,High,Closed,2025-08-30 22:15:30,2025-09-01 03:20:04,1020,Carrier,Shipment delayed because of weather conditions.
SHP0004235,WX,Weather Delay,Weather,High,Closed,2025-08-06 20:52:13,2025-08-07 10:11:38,1608,Carrier,Shipment delayed because of weather conditions.
SHP0004236,MSCN,Missed Scan,Process,Medium,Closed,2025-07-04 13:39:57,2025-07-05 07:34:55,430,Operations,Expected scan was not captured on time.
SHP0004237,DAMG,Damaged Shipment,Damage,High,Closed,2025-03-07 20:02:03,2025-03-08 22:12:19,1184,Carrier,Shipment flagged for damage inspection.
SHP0004241,MECH,Equipment Failure,Mechanical,High,Closed,2025-03-31 11:25:47,2025-03-31 17:32:50,190,Carrier,Equipment failure caused an operational delay.
SHP0004243,WX,Weather Delay,Weather,High,Closed,2025-06-18 08:55:44,2025-06-19 06:00:06,784,Carrier,Shipment delayed because of weather conditions.
SHP0004244,WX,Weather Delay,Weather,High,Closed,2025-04-07 02:26:50,2025-04-08 11:28:14,1250,Carrier,Shipment delayed because of weather conditions.
SHP0004246,DAMG,Damaged Shipment,Damage,High,Closed,2025-04-15 09:40:18,2025-04-16 04:45:00,2495,Carrier,Shipment flagged for damage inspection.
SHP0004250,DAMG,Damaged Shipment,Damage,High,Closed,2025-05-23 02:16:50,2025-05-24 21:23:51,2093,Carrier,Shipment flagged for damage inspection.
SHP0004254,DAMG,Damaged Shipment,Damage,High,Closed,2025-01-25 10:59:32,2025-01-27 03:19:18,1716,Carrier,Shipment flagged for damage inspection.
SHP0004256,WX,Weather Delay,Weather,High,Closed,2025-04-29 14:07:23,2025-04-30 13:51:07,771,Carrier,Shipment delayed because of weather conditions.
SHP0004257,CAP,Capacity Constraint,Capacity,Medium,Closed,2025-07-04 11:50:53,2025-07-04 23:51:49,136,Carrier,Shipment delayed due to available trailer or dock capacity.
SHP0004260,WX,Weather Delay,Weather,High,Closed,2025-05-15 12:28:19,2025-05-16 01:39:02,812,Carrier,Shipment delayed because of weather conditions.
SHP0004261,CAP,Capacity Constraint,Capacity,Medium,Closed,2025-04-01 11:52:30,2025-04-02 14:29:21,868,Carrier,Shipment delayed due to available trailer or dock capacity.
SHP0004266,CAP,Capacity Constraint,Capacity,Medium,Closed,2025-05-22 10:28:04,2025-05-22 15:08:09,146,Carrier,Shipment delayed due to available trailer or dock capacity.
SHP0004267,CAP,Capacity Constraint,Capacity,Medium,Closed,2025-08-25 23:56:10,2025-08-26 10:22:20,192,Carrier,Shipment delayed due to available trailer or dock capacity.
SHP0004268,DAMG,Damaged Shipment,Damage,High,Closed,2025-09-29 14:28:17,2025-09-30 23:43:26,1843,Carrier,Shipment flagged for damage inspection.
SHP0004271,WX,Weather Delay,Weather,High,Closed,2025-02-07 01:57:51,2025-02-08 02:39:14,1091,Carrier,Shipment delayed because of weather conditions.
SHP0004272,MSCN,Missed Scan,Process,Medium,Closed,2025-05-23 04:49:35,2025-05-23 11:41:04,356,Operations,Expected scan was not captured on time.
SHP0004274,WX,Weather Delay,Weather,High,Closed,2025-07-03 07:11:44,2025-07-03 15:56:55,1103,Carrier,Shipment delayed because of weather conditions.
SHP0004284,MSCN,Missed Scan,Process,Medium,Closed,2025-06-01 22:55:23,2025-06-02 15:40:35,471,Operations,Expected scan was not captured on time.
SHP0004287,MSCN,Missed Scan,Process,Medium,Closed,2025-07-22 19:54:59,2025-07-23 06:14:59,151,Operations,Expected scan was not captured on time.
SHP0004292,MECH,Equipment Failure,Mechanical,High,Open,2025-03-05 00:43:07,,1013,Carrier,Equipment failure caused an operational delay.
SHP0004293,DAMG,Damaged Shipment,Damage,High,Closed,2025-09-05 23:21:22,2025-09-07 08:27:12,1773,Carrier,Shipment flagged for damage inspection.
SHP0004294,WX,Weather Delay,Weather,High,Closed,2025-08-08 01:16:09,2025-08-09 05:46:39,861,Carrier,Shipment delayed because of weather conditions.
SHP0004297,MSCN,Missed Scan,Process,Medium,Closed,2025-05-02 22:23:00,2025-05-03 03:18:19,326,Operations,Expected scan was not captured on time.
SHP0004299,DAMG,Damaged Shipment,Damage,High,Closed,2025-02-12 17:19:06,2025-02-14 08:43:54,1974,Carrier,Shipment flagged for damage inspection.
SHP0004300,CAP,Capacity Constraint,Capacity,Medium,Open,2025-08-09 00:13:15,,302,Carrier,Shipment delayed due to available trailer or dock capacity.
SHP0004308,ADDR,Address Issue,Address,Medium,Closed,2025-09-13 18:58:06,2025-09-14 21:48:42,1269,Customer,Delivery address requires correction or validation.
SHP0004309,ADDR,Address Issue,Address,Medium,Closed,2025-04-11 09:02:35,2025-04-11 16:52:27,330,Customer,Delivery address requires correction or validation.
SHP0004310,MECH,Equipment Failure,Mechanical,High,Closed,2025-06-11 09:22:36,2025-06-12 02:34:25,716,Carrier,Equipment failure caused an operational delay.
SHP0004313,CAP,Capacity Constraint,Capacity,Medium,Closed,2025-05-12 13:48:21,2025-05-13 03:31:55,704,Carrier,Shipment delayed due to available trailer or dock capacity.
SHP0004314,WX,Weather Delay,Weather,High,Closed,2025-07-24 07:45:34,2025-07-24 17:40:44,263,Carrier,Shipment delayed because of weather conditions.
SHP0004315,WX,Weather Delay,Weather,High,Closed,2025-09-28 01:06:06,2025-09-28 13:02:04,680,Carrier,Shipment delayed because of weather conditions.
SHP0004316,ADDR,Address Issue,Address,Medium,Closed,2025-01-28 08:14:08,2025-01-29 05:44:10,1258,Customer,Delivery address requires correction or validation.
SHP0004319,DAMG,Damaged Shipment,Damage,High,Closed,2025-06-12 17:09:43,2025-06-14 08:01:06,2388,Carrier,Shipment flagged for damage inspection.
SHP0004321,ADDR,Address Issue,Address,Medium,Closed,2025-07-23 14:02:23,2025-07-24 03:08:30,272,Customer,Delivery address requires correction or validation.
SHP0004322,DAMG,Damaged Shipment,Damage,High,Closed,2025-04-20 20:45:46,2025-04-22 07:09:29,1160,Carrier,Shipment flagged for damage inspection.
SHP0004330,ADDR,Address Issue,Address,Medium,Open,2025-06-08 07:08:23,,860,Customer,Delivery address requires correction or validation.
SHP0004331,DAMG,Damaged Shipment,Damage,High,Open,2025-02-25 19:45:38,,1600,Carrier,Shipment flagged for damage inspection.
SHP0004338,MSCN,Missed Scan,Process,Medium,Closed,2025-08-16 21:32:04,2025-08-17 05:23:29,251,Operations,Expected scan was not captured on time.
SHP0004339,ADDR,Address Issue,Address,Medium,Closed,2025-04-19 06:37:01,2025-04-19 12:40:07,303,Customer,Delivery address requires correction or validation.
SHP0004340,DAMG,Damaged Shipment,Damage,High,Closed,2025-05-02 05:56:54,2025-05-02 23:24:18,477,Carrier,Shipment flagged for damage inspection.
SHP0004347,ADDR,Address Issue,Address,Medium,Closed,2025-05-08 08:48:23,2025-05-09 03:07:57,773,Customer,Delivery address requires correction or validation.
SHP0004351,WX,Weather Delay,Weather,High,Closed,2025-08-30 02:53:24,2025-08-31 06:43:16,986,Carrier,Shipment delayed because of weather conditions.
SHP0004352,WX,Weather Delay,Weather,High,Closed,2025-01-20 13:59:30,2025-01-21 18:19:54,1289,Carrier,Shipment delayed because of weather conditions.
SHP0004358,DAMG,Damaged Shipment,Damage,High,Closed,2025-02-27 02:47:32,2025-02-28 07:33:29,1267,Carrier,Shipment flagged for damage inspection.
SHP0004359,CAP,Capacity Constraint,Capacity,Medium,Closed,2025-03-03 13:08:46,2025-03-04 09:18:06,540,Carrier,Shipment delayed due to available trailer or dock capacity.
SHP0004360,DAMG,Damaged Shipment,Damage,High,Open,2025-06-15 02:41:09,,1857,Carrier,Shipment flagged for damage inspection.
SHP0004361,MSCN,Missed Scan,Process,Medium,Closed,2025-05-25 04:07:00,2025-05-25 17:47:59,250,Operations,Expected scan was not captured on time.
SHP0004363,ADDR,Address Issue,Address,Medium,Closed,2025-07-21 00:07:15,2025-07-22 00:11:48,715,Customer,Delivery address requires correction or validation.
SHP0004367,DAMG,Damaged Shipment,Damage,High,Closed,2025-01-31 16:38:45,2025-02-01 05:13:16,1072,Carrier,Shipment flagged for damage inspection.
SHP0004369,MSCN,Missed Scan,Process,Medium,Closed,2025-06-20 17:44:42,2025-06-21 12:13:57,429,Operations,Expected scan was not captured on time.
SHP0004370,CAP,Capacity Constraint,Capacity,Medium,Closed,2025-04-04 01:14:36,2025-04-04 12:14:46,360,Carrier,Shipment delayed due to available trailer or dock capacity.
SHP0004373,DAMG,Damaged Shipment,Damage,High,Closed,2025-04-10 00:09:06,2025-04-11 22:48:36,2235,Carrier,Shipment flagged for damage inspection.
SHP0004377,WX,Weather Delay,Weather,High,Closed,2025-08-02 20:58:01,2025-08-03 06:50:11,303,Carrier,Shipment delayed because of weather conditions.
SHP0004379,WX,Weather Delay,Weather,High,Closed,2025-04-30 13:56:59,2025-05-01 17:29:26,1530,Carrier,Shipment delayed because of weather conditions.
SHP0004383,CAP,Capacity Constraint,Capacity,Medium,Closed,2025-04-08 05:32:04,2025-04-08 21:17:14,572,Carrier,Shipment delayed due to available trailer or dock capacity.
SHP0004384,CAP,Capacity Constraint,Capacity,Medium,Closed,2025-06-23 11:07:00,2025-06-24 13:44:19,932,Carrier,Shipment delayed due to available trailer or dock capacity.
SHP0004385,ADDR,Address Issue,Address,Medium,Closed,2025-08-17 23:27:21,2025-08-18 21:51:13,722,Customer,Delivery address requires correction or validation.
SHP0004386,WX,Weather Delay,Weather,High,Closed,2025-08-27 18:30:26,2025-08-28 13:14:59,501,Carrier,Shipment delayed because of weather conditions.
SHP0004389,MSCN,Missed Scan,Process,Medium,Closed,2025-01-22 11:50:06,2025-01-23 05:35:31,365,Operations,Expected scan was not captured on time.
SHP0004392,DAMG,Damaged Shipment,Damage,High,Closed,2025-04-09 08:02:37,2025-04-10 17:26:03,1589,Carrier,Shipment flagged for damage inspection.
SHP0004393,CAP,Capacity Constraint,Capacity,Medium,Closed,2025-06-06 06:51:27,2025-06-07 01:26:22,903,Carrier,Shipment delayed due to available trailer or dock capacity.
SHP0004396,CAP,Capacity Constraint,Capacity,Medium,Closed,2025-09-01 05:24:22,2025-09-02 01:26:03,643,Carrier,Shipment delayed due to available trailer or dock capacity.
SHP0004398,DAMG,Damaged Shipment,Damage,High,Closed,2025-04-11 15:32:07,2025-04-12 09:57:21,541,Carrier,Shipment flagged for damage inspection.
SHP0004399,DAMG,Damaged Shipment,Damage,High,Closed,2025-08-18 06:33:58,2025-08-18 19:44:31,476,Carrier,Shipment flagged for damage inspection.
SHP0004400,MSCN,Missed Scan,Process,Medium,Closed,2025-08-21 01:38:05,2025-08-21 16:30:50,358,Operations,Expected scan was not captured on time.
SHP0004401,DAMG,Damaged Shipment,Damage,High,Closed,2025-09-30 08:41:30,2025-10-01 09:17:37,1133,Carrier,Shipment flagged for damage inspection.
SHP0004403,MSCN,Missed Scan,Process,Medium,Closed,2025-08-12 09:39:00,2025-08-13 01:38:33,384,Operations,Expected scan was not captured on time.
SHP0004409,ADDR,Address Issue,Address,Medium,Closed,2025-04-06 15:12:17,2025-04-07 03:31:44,483,Customer,Delivery address requires correction or validation.
SHP0004410,WX,Weather Delay,Weather,High,Open,2025-08-08 10:26:38,,705,Carrier,Shipment delayed because of weather conditions.
SHP0004412,MSCN,Missed Scan,Process,Medium,Closed,2025-09-01 20:21:31,2025-09-02 14:04:34,531,Operations,Expected scan was not captured on time.
SHP0004413,MECH,Equipment Failure,Mechanical,High,Closed,2025-02-17 11:31:08,2025-02-18 01:27:27,349,Carrier,Equipment failure caused an operational delay.
SHP0004414,WX,Weather Delay,Weather,High,Closed,2025-09-07 03:27:08,2025-09-07 20:41:50,425,Carrier,Shipment delayed because of weather conditions.
SHP0004415,WX,Weather Delay,Weather,High,Closed,2025-05-08 01:38:48,2025-05-08 22:05:19,1201,Carrier,Shipment delayed because of weather conditions.
SHP0004416,WX,Weather Delay,Weather,High,Closed,2025-04-07 11:49:59,2025-04-09 00:40:28,1536,Carrier,Shipment delayed because of weather conditions.
SHP0004419,MSCN,Missed Scan,Process,Medium,Open,2025-06-23 20:26:36,,35,Operations,Expected scan was not captured on time.
SHP0004420,DAMG,Damaged Shipment,Damage,High,Closed,2025-09-09 07:16:14,2025-09-10 05:35:34,574,Carrier,Shipment flagged for damage inspection.
SHP0004424,WX,Weather Delay,Weather,High,Closed,2025-03-23 23:22:27,2025-03-25 04:20:04,1466,Carrier,Shipment delayed because of weather conditions.
SHP0004427,ADDR,Address Issue,Address,Medium,Closed,2025-01-03 21:50:24,2025-01-04 08:12:53,162,Customer,Delivery address requires correction or validation.
SHP0004435,DAMG,Damaged Shipment,Damage,High,Closed,2025-03-18 11:50:25,2025-03-20 09:02:44,2560,Carrier,Shipment flagged for damage inspection.
SHP0004439,MECH,Equipment Failure,Mechanical,High,Closed,2025-08-31 12:11:51,2025-09-01 05:01:35,453,Carrier,Equipment failure caused an operational delay.
SHP0004441,CAP,Capacity Constraint,Capacity,Medium,Closed,2025-03-15 03:22:36,2025-03-15 23:27:24,499,Carrier,Shipment delayed due to available trailer or dock capacity.
SHP0004443,WX,Weather Delay,Weather,High,Closed,2025-06-20 12:23:01,2025-06-21 08:56:04,1129,Carrier,Shipment delayed because of weather conditions.
SHP0004446,MECH,Equipment Failure,Mechanical,High,Closed,2025-05-20 06:53:50,2025-05-21 02:44:54,730,Carrier,Equipment failure caused an operational delay.
SHP0004447,MSCN,Missed Scan,Process,Medium,Closed,2025-02-21 17:16:14,2025-02-22 07:02:27,417,Operations,Expected scan was not captured on time.
SHP0004454,ADDR,Address Issue,Address,Medium,Closed,2025-09-02 08:05:30,2025-09-03 07:04:28,1078,Customer,Delivery address requires correction or validation.
SHP0004455,WX,Weather Delay,Weather,High,Closed,2025-01-16 16:00:47,2025-01-17 21:44:39,993,Carrier,Shipment delayed because of weather conditions.
SHP0004457,CAP,Capacity Constraint,Capacity,Medium,Closed,2025-07-28 17:43:51,2025-07-29 04:06:11,288,Carrier,Shipment delayed due to available trailer or dock capacity.
SHP0004458,MSCN,Missed Scan,Process,Medium,Closed,2025-09-29 01:51:08,2025-09-29 16:55:35,122,Operations,Expected scan was not captured on time.
SHP0004460,DAMG,Damaged Shipment,Damage,High,Closed,2025-06-21 20:45:03,2025-06-23 01:00:14,1423,Carrier,Shipment flagged for damage inspection.
SHP0004462,DAMG,Damaged Shipment,Damage,High,Closed,2025-08-11 02:49:21,2025-08-13 05:25:39,2629,Carrier,Shipment flagged for damage inspection.
SHP0004464,MSCN,Missed Scan,Process,Medium,Closed,2025-08-12 20:33:30,2025-08-13 01:41:06,96,Operations,Expected scan was not captured on time.
SHP0004466,MSCN,Missed Scan,Process,Medium,Closed,2025-05-25 14:47:45,2025-05-25 22:48:57,303,Operations,Expected scan was not captured on time.
SHP0004467,MECH,Equipment Failure,Mechanical,High,Closed,2025-06-29 21:51:30,2025-06-30 15:29:14,707,Carrier,Equipment failure caused an operational delay.
SHP0004469,ADDR,Address Issue,Address,Medium,Closed,2025-06-06 19:29:34,2025-06-07 07:21:47,647,Customer,Delivery address requires correction or validation.
SHP0004471,CAP,Capacity Constraint,Capacity,Medium,Closed,2025-04-07 06:40:15,2025-04-07 13:13:16,108,Carrier,Shipment delayed due to available trailer or dock capacity.
SHP0004485,WX,Weather Delay,Weather,High,Closed,2025-06-17 11:27:41,2025-06-18 08:15:55,804,Carrier,Shipment delayed because of weather conditions.
SHP0004491,MECH,Equipment Failure,Mechanical,High,Closed,2025-02-10 05:08:00,2025-02-10 22:21:23,433,Carrier,Equipment failure caused an operational delay.
SHP0004492,MSCN,Missed Scan,Process,Medium,Closed,2025-09-16 12:44:41,2025-09-17 00:40:55,321,Operations,Expected scan was not captured on time.
SHP0004494,DAMG,Damaged Shipment,Damage,High,Closed,2025-03-03 02:26:48,2025-03-04 00:31:46,636,Carrier,Shipment flagged for damage inspection.
SHP0004499,MSCN,Missed Scan,Process,Medium,Closed,2025-04-15 10:40:56,2025-04-15 20:53:14,433,Operations,Expected scan was not captured on time.
SHP0004501,MECH,Equipment Failure,Mechanical,High,Open,2025-07-16 03:21:04,,1049,Carrier,Equipment failure caused an operational delay.
SHP0004505,MSCN,Missed Scan,Process,Medium,Closed,2025-06-04 08:00:33,2025-06-05 00:43:03,312,Operations,Expected scan was not captured on time.
SHP0004508,DAMG,Damaged Shipment,Damage,High,Closed,2025-08-24 15:19:21,2025-08-26 05:48:37,2327,Carrier,Shipment flagged for damage inspection.
SHP0004513,MECH,Equipment Failure,Mechanical,High,Closed,2025-07-08 03:52:19,2025-07-08 23:04:25,875,Carrier,Equipment failure caused an operational delay.
SHP0004515,WX,Weather Delay,Weather,High,Closed,2025-08-31 17:47:33,2025-09-02 06:34:33,1464,Carrier,Shipment delayed because of weather conditions.
SHP0004517,DAMG,Damaged Shipment,Damage,High,Closed,2025-03-09 20:47:53,2025-03-11 06:10:37,1693,Carrier,Shipment flagged for damage inspection.
SHP0004519,MSCN,Missed Scan,Process,Medium,Closed,2025-03-01 13:24:08,2025-03-01 20:46:49,315,Operations,Expected scan was not captured on time.
SHP0004531,DAMG,Damaged Shipment,Damage,High,Closed,2025-04-09 12:58:58,2025-04-11 17:07:44,2661,Carrier,Shipment flagged for damage inspection.
SHP0004533,WX,Weather Delay,Weather,High,Closed,2025-06-24 11:41:34,2025-06-25 16:17:03,1194,Carrier,Shipment delayed because of weather conditions.
SHP0004536,MSCN,Missed Scan,Process,Medium,Closed,2025-01-14 03:38:22,2025-01-14 17:56:03,355,Operations,Expected scan was not captured on time.
SHP0004539,DAMG,Damaged Shipment,Damage,High,Open,2025-03-13 01:09:37,,718,Carrier,Shipment flagged for damage inspection.
SHP0004540,MSCN,Missed Scan,Process,Medium,Closed,2025-04-30 11:41:26,2025-05-01 07:37:42,307,Operations,Expected scan was not captured on time.
SHP0004541,WX,Weather Delay,Weather,High,Closed,2025-07-02 03:33:35,2025-07-03 03:28:59,1360,Carrier,Shipment delayed because of weather conditions.
SHP0004555,WX,Weather Delay,Weather,High,Closed,2025-06-30 23:58:10,2025-07-02 01:34:17,867,Carrier,Shipment delayed because of weather conditions.
SHP0004560,MECH,Equipment Failure,Mechanical,High,Closed,2025-04-11 21:51:43,2025-04-13 03:38:13,1293,Carrier,Equipment failure caused an operational delay.
SHP0004564,WX,Weather Delay,Weather,High,Closed,2025-09-18 16:51:32,2025-09-19 02:15:14,298,Carrier,Shipment delayed because of weather conditions.
SHP0004566,DAMG,Damaged Shipment,Damage,High,Closed,2025-06-23 00:28:23,2025-06-24 00:37:25,1133,Carrier,Shipment flagged for damage inspection.
SHP0004568,WX,Weather Delay,Weather,High,Closed,2025-08-08 06:34:48,2025-08-08 14:09:47,444,Carrier,Shipment delayed because of weather conditions.
SHP0004572,MECH,Equipment Failure,Mechanical,High,Closed,2025-06-28 14:12:39,2025-06-29 00:53:26,594,Carrier,Equipment failure caused an operational delay.
SHP0004579,MSCN,Missed Scan,Process,Medium,Closed,2025-07-26 09:37:22,2025-07-27 00:12:38,288,Operations,Expected scan was not captured on time.
SHP0004583,ADDR,Address Issue,Address,Medium,Closed,2025-03-14 06:14:13,2025-03-15 02:09:38,1008,Customer,Delivery address requires correction or validation.
SHP0004584,WX,Weather Delay,Weather,High,Closed,2025-07-25 01:26:28,2025-07-25 09:44:23,269,Carrier,Shipment delayed because of weather conditions.
SHP0004587,ADDR,Address Issue,Address,Medium,Closed,2025-06-16 14:37:04,2025-06-17 12:43:54,635,Customer,Delivery address requires correction or validation.
SHP0004590,MECH,Equipment Failure,Mechanical,High,Closed,2025-04-16 05:58:03,2025-04-16 22:33:44,586,Carrier,Equipment failure caused an operational delay.
SHP0004592,ADDR,Address Issue,Address,Medium,Closed,2025-06-12 04:14:11,2025-06-12 22:19:48,420,Customer,Delivery address requires correction or validation.
SHP0004598,CAP,Capacity Constraint,Capacity,Medium,Closed,2025-04-24 13:08:53,2025-04-24 22:46:49,304,Carrier,Shipment delayed due to available trailer or dock capacity.
SHP0004603,MECH,Equipment Failure,Mechanical,High,Closed,2025-07-14 07:05:21,2025-07-15 04:29:28,1017,Carrier,Equipment failure caused an operational delay.
SHP0004606,ADDR,Address Issue,Address,Medium,Closed,2025-05-19 04:39:27,2025-05-19 19:48:54,529,Customer,Delivery address requires correction or validation.
SHP0004609,ADDR,Address Issue,Address,Medium,Closed,2025-03-22 21:13:24,2025-03-23 06:19:07,294,Customer,Delivery address requires correction or validation.
SHP0004614,DAMG,Damaged Shipment,Damage,High,Closed,2025-05-20 20:20:24,2025-05-23 00:34:55,2836,Carrier,Shipment flagged for damage inspection.
SHP0004619,MSCN,Missed Scan,Process,Medium,Closed,2025-03-14 21:07:14,2025-03-15 18:31:11,501,Operations,Expected scan was not captured on time.
SHP0004621,DAMG,Damaged Shipment,Damage,High,Closed,2025-03-24 10:03:16,2025-03-26 04:03:32,2160,Carrier,Shipment flagged for damage inspection.
SHP0004622,ADDR,Address Issue,Address,Medium,Closed,2025-05-18 05:53:13,2025-05-19 03:29:11,1230,Customer,Delivery address requires correction or validation.
SHP0004626,WX,Weather Delay,Weather,High,Closed,2025-05-20 09:06:04,2025-05-21 10:16:29,943,Carrier,Shipment delayed because of weather conditions.
SHP0004631,WX,Weather Delay,Weather,High,Closed,2025-06-30 08:52:07,2025-07-01 12:30:35,1639,Carrier,Shipment delayed because of weather conditions.
SHP0004632,MSCN,Missed Scan,Process,Medium,Closed,2025-08-24 17:13:11,2025-08-24 22:44:08,292,Operations,Expected scan was not captured on time.
SHP0004634,MECH,Equipment Failure,Mechanical,High,Closed,2025-08-31 17:31:58,2025-09-01 11:38:51,505,Carrier,Equipment failure caused an operational delay.
SHP0004635,WX,Weather Delay,Weather,High,Closed,2025-03-05 23:14:48,2025-03-06 18:40:01,308,Carrier,Shipment delayed because of weather conditions.
SHP0004638,ADDR,Address Issue,Address,Medium,Closed,2025-04-21 06:02:08,2025-04-21 18:54:02,613,Customer,Delivery address requires correction or validation.
SHP0004644,ADDR,Address Issue,Address,Medium,Open,2025-01-30 21:54:31,,768,Customer,Delivery address requires correction or validation.
SHP0004645,CAP,Capacity Constraint,Capacity,Medium,Closed,2025-08-11 19:46:41,2025-08-12 12:49:34,582,Carrier,Shipment delayed due to available trailer or dock capacity.
SHP0004649,CAP,Capacity Constraint,Capacity,Medium,Closed,2025-04-18 00:49:09,2025-04-18 09:40:12,393,Carrier,Shipment delayed due to available trailer or dock capacity.
SHP0004651,DAMG,Damaged Shipment,Damage,High,Closed,2025-09-29 06:56:54,2025-09-29 22:57:07,716,Carrier,Shipment flagged for damage inspection.
SHP0004652,WX,Weather Delay,Weather,High,Closed,2025-06-09 04:19:41,2025-06-09 18:48:43,504,Carrier,Shipment delayed because of weather conditions.
SHP0004653,WX,Weather Delay,Weather,High,Closed,2025-03-28 11:35:30,2025-03-29 07:17:52,642,Carrier,Shipment delayed because of weather conditions.
SHP0004654,WX,Weather Delay,Weather,High,Closed,2025-01-04 01:14:26,2025-01-05 05:46:19,1464,Carrier,Shipment delayed because of weather conditions.
SHP0004657,DAMG,Damaged Shipment,Damage,High,Closed,2025-03-05 16:39:15,2025-03-07 16:43:41,2454,Carrier,Shipment flagged for damage inspection.
SHP0004658,CAP,Capacity Constraint,Capacity,Medium,Closed,2025-06-20 05:35:12,2025-06-20 21:07:25,422,Carrier,Shipment delayed due to available trailer or dock capacity.
SHP0004659,MSCN,Missed Scan,Process,Medium,Closed,2025-08-17 03:50:28,2025-08-17 13:30:34,333,Operations,Expected scan was not captured on time.
SHP0004666,WX,Weather Delay,Weather,High,Closed,2025-02-20 01:10:41,2025-02-21 05:46:56,874,Carrier,Shipment delayed because of weather conditions.
SHP0004667,CAP,Capacity Constraint,Capacity,Medium,Open,2025-06-01 18:32:13,,898,Carrier,Shipment delayed due to available trailer or dock capacity.
SHP0004669,MSCN,Missed Scan,Process,Medium,Closed,2025-06-12 02:42:49,2025-06-12 15:58:12,469,Operations,Expected scan was not captured on time.
SHP0004672,MSCN,Missed Scan,Process,Medium,Closed,2025-03-01 08:53:13,2025-03-01 15:14:11,423,Operations,Expected scan was not captured on time.
SHP0004673,MSCN,Missed Scan,Process,Medium,Open,2025-03-12 06:55:53,,176,Operations,Expected scan was not captured on time.
SHP0004674,MSCN,Missed Scan,Process,Medium,Closed,2025-09-10 21:32:30,2025-09-11 14:25:43,209,Operations,Expected scan was not captured on time.
SHP0004675,ADDR,Address Issue,Address,Medium,Closed,2025-06-28 19:45:55,2025-06-29 02:14:08,196,Customer,Delivery address requires correction or validation.
SHP0004676,CAP,Capacity Constraint,Capacity,Medium,Closed,2025-07-05 01:00:34,2025-07-05 20:11:42,767,Carrier,Shipment delayed due to available trailer or dock capacity.
SHP0004683,WX,Weather Delay,Weather,High,Closed,2025-08-03 07:00:58,2025-08-04 06:32:02,665,Carrier,Shipment delayed because of weather conditions.
SHP0004686,WX,Weather Delay,Weather,High,Closed,2025-03-17 14:28:29,2025-03-18 11:11:47,644,Carrier,Shipment delayed because of weather conditions.
SHP0004689,ADDR,Address Issue,Address,Medium,Closed,2025-03-07 18:32:43,2025-03-08 11:31:03,816,Customer,Delivery address requires correction or validation.
SHP0004692,CAP,Capacity Constraint,Capacity,Medium,Closed,2025-05-21 22:27:50,2025-05-22 13:01:49,405,Carrier,Shipment delayed due to available trailer or dock capacity.
SHP0004693,WX,Weather Delay,Weather,High,Closed,2025-03-28 13:31:50,2025-03-29 10:30:29,958,Carrier,Shipment delayed because of weather conditions.
SHP0004694,MECH,Equipment Failure,Mechanical,High,Closed,2025-06-03 16:20:54,2025-06-04 18:50:47,1207,Carrier,Equipment failure caused an operational delay.
SHP0004698,MSCN,Missed Scan,Process,Medium,Closed,2025-02-15 23:48:55,2025-02-16 09:42:25,443,Operations,Expected scan was not captured on time.
SHP0004701,MECH,Equipment Failure,Mechanical,High,Closed,2025-05-10 19:29:51,2025-05-12 00:58:25,1060,Carrier,Equipment failure caused an operational delay.
SHP0004702,MSCN,Missed Scan,Process,Medium,Closed,2025-09-15 10:05:25,2025-09-15 17:02:21,283,Operations,Expected scan was not captured on time.
SHP0004704,WX,Weather Delay,Weather,High,Closed,2025-01-27 23:46:39,2025-01-28 13:02:38,635,Carrier,Shipment delayed because of weather conditions.
SHP0004706,MSCN,Missed Scan,Process,Medium,Closed,2025-06-26 08:20:00,2025-06-26 22:45:41,494,Operations,Expected scan was not captured on time.
SHP0004718,CAP,Capacity Constraint,Capacity,Medium,Closed,2025-03-06 04:25:11,2025-03-06 17:38:04,322,Carrier,Shipment delayed due to available trailer or dock capacity.
SHP0004722,ADDR,Address Issue,Address,Medium,Closed,2025-06-22 20:19:10,2025-06-23 09:12:20,636,Customer,Delivery address requires correction or validation.
SHP0004723,WX,Weather Delay,Weather,High,Closed,2025-06-09 09:36:44,2025-06-09 18:53:05,561,Carrier,Shipment delayed because of weather conditions.
SHP0004725,MSCN,Missed Scan,Process,Medium,Closed,2025-02-24 06:55:38,2025-02-24 21:56:12,244,Operations,Expected scan was not captured on time.
SHP0004726,DAMG,Damaged Shipment,Damage,High,Closed,2025-04-19 12:51:09,2025-04-20 23:53:15,2071,Carrier,Shipment flagged for damage inspection.
SHP0004729,DAMG,Damaged Shipment,Damage,High,Closed,2025-03-08 21:17:26,2025-03-09 11:50:41,589,Carrier,Shipment flagged for damage inspection.
SHP0004732,CAP,Capacity Constraint,Capacity,Medium,Closed,2025-09-09 12:53:17,2025-09-10 08:52:34,561,Carrier,Shipment delayed due to available trailer or dock capacity.
SHP0004739,ADDR,Address Issue,Address,Medium,Closed,2025-01-18 16:37:59,2025-01-19 10:19:52,1193,Customer,Delivery address requires correction or validation.
SHP0004743,MSCN,Missed Scan,Process,Medium,Closed,2025-09-23 21:28:42,2025-09-24 19:16:51,399,Operations,Expected scan was not captured on time.
SHP0004744,DAMG,Damaged Shipment,Damage,High,Closed,2025-07-22 15:28:12,2025-07-23 16:32:04,1142,Carrier,Shipment flagged for damage inspection.
SHP0004745,MECH,Equipment Failure,Mechanical,High,Closed,2025-04-05 16:58:01,2025-04-06 21:44:36,933,Carrier,Equipment failure caused an operational delay.
SHP0004746,DAMG,Damaged Shipment,Damage,High,Open,2025-01-23 05:37:30,,1053,Carrier,Shipment flagged for damage inspection.
SHP0004747,ADDR,Address Issue,Address,Medium,Closed,2025-09-21 09:25:57,2025-09-22 05:15:03,736,Customer,Delivery address requires correction or validation.
SHP0004752,MSCN,Missed Scan,Process,Medium,Closed,2025-01-11 20:57:23,2025-01-12 09:57:22,481,Operations,Expected scan was not captured on time.
SHP0004753,WX,Weather Delay,Weather,High,Closed,2025-08-25 06:15:28,2025-08-25 23:34:26,556,Carrier,Shipment delayed because of weather conditions.
SHP0004756,MSCN,Missed Scan,Process,Medium,Closed,2025-02-21 13:42:50,2025-02-21 19:27:27,215,Operations,Expected scan was not captured on time.
SHP0004761,WX,Weather Delay,Weather,High,Closed,2025-06-21 14:54:05,2025-06-22 19:20:01,958,Carrier,Shipment delayed because of weather conditions.
SHP0004763,MSCN,Missed Scan,Process,Medium,Open,2025-08-31 21:13:22,,384,Operations,Expected scan was not captured on time.
SHP0004765,WX,Weather Delay,Weather,High,Closed,2025-01-26 14:15:00,2025-01-27 16:04:03,823,Carrier,Shipment delayed because of weather conditions.
SHP0004767,DAMG,Damaged Shipment,Damage,High,Closed,2025-03-14 15:52:52,2025-03-15 15:57:30,1069,Carrier,Shipment flagged for damage inspection.
SHP0004772,MECH,Equipment Failure,Mechanical,High,Closed,2025-05-06 01:37:43,2025-05-06 14:24:29,549,Carrier,Equipment failure caused an operational delay.
SHP0004775,MSCN,Missed Scan,Process,Medium,Closed,2025-05-20 09:17:36,2025-05-20 15:40:21,51,Operations,Expected scan was not captured on time.
SHP0004776,DAMG,Damaged Shipment,Damage,High,Closed,2025-07-28 13:50:57,2025-07-30 06:59:01,2426,Carrier,Shipment flagged for damage inspection.
SHP0004780,CAP,Capacity Constraint,Capacity,Medium,Closed,2025-04-14 04:32:36,2025-04-14 22:08:19,538,Carrier,Shipment delayed due to available trailer or dock capacity.
SHP0004785,MSCN,Missed Scan,Process,Medium,Closed,2025-01-12 21:43:02,2025-01-13 14:58:27,392,Operations,Expected scan was not captured on time.
SHP0004789,ADDR,Address Issue,Address,Medium,Closed,2025-05-06 14:41:13,2025-05-07 09:16:32,823,Customer,Delivery address requires correction or validation.
SHP0004790,ADDR,Address Issue,Address,Medium,Open,2025-06-01 00:58:08,,293,Customer,Delivery address requires correction or validation.
SHP0004793,ADDR,Address Issue,Address,Medium,Closed,2025-04-25 09:13:27,2025-04-26 02:56:30,504,Customer,Delivery address requires correction or validation.
SHP0004794,WX,Weather Delay,Weather,High,Closed,2025-05-11 03:12:39,2025-05-11 12:51:25,557,Carrier,Shipment delayed because of weather conditions.
SHP0004799,MECH,Equipment Failure,Mechanical,High,Closed,2025-06-13 22:52:42,2025-06-14 18:01:31,630,Carrier,Equipment failure caused an operational delay.
SHP0004806,CAP,Capacity Constraint,Capacity,Medium,Closed,2025-08-07 05:40:29,2025-08-07 16:49:00,192,Carrier,Shipment delayed due to available trailer or dock capacity.
SHP0004807,WX,Weather Delay,Weather,High,Closed,2025-08-01 16:27:03,2025-08-03 02:55:15,1586,Carrier,Shipment delayed because of weather conditions.
SHP0004810,DAMG,Damaged Shipment,Damage,High,Closed,2025-09-28 00:31:02,2025-09-29 00:37:24,622,Carrier,Shipment flagged for damage inspection.
SHP0004815,DAMG,Damaged Shipment,Damage,High,Open,2025-04-21 13:28:37,,979,Carrier,Shipment flagged for damage inspection.
SHP0004820,MECH,Equipment Failure,Mechanical,High,Closed,2025-07-15 05:02:00,2025-07-15 16:18:11,288,Carrier,Equipment failure caused an operational delay.
SHP0004821,MECH,Equipment Failure,Mechanical,High,Closed,2025-07-10 13:39:14,2025-07-11 03:51:55,187,Carrier,Equipment failure caused an operational delay.
SHP0004827,WX,Weather Delay,Weather,High,Closed,2025-06-14 23:56:08,2025-06-16 00:14:12,1448,Carrier,Shipment delayed because of weather conditions.
SHP0004831,ADDR,Address Issue,Address,Medium,Open,2025-04-08 04:07:34,,1267,Customer,Delivery address requires correction or validation.
SHP0004836,MECH,Equipment Failure,Mechanical,High,Closed,2025-09-05 19:00:15,2025-09-06 02:55:42,193,Carrier,Equipment failure caused an operational delay.
SHP0004839,WX,Weather Delay,Weather,High,Closed,2025-08-16 12:47:46,2025-08-16 19:46:09,426,Carrier,Shipment delayed because of weather conditions.
SHP0004842,MSCN,Missed Scan,Process,Medium,Closed,2025-07-25 12:52:14,2025-07-26 07:49:24,354,Operations,Expected scan was not captured on time.
SHP0004849,ADDR,Address Issue,Address,Medium,Closed,2025-03-13 11:41:18,2025-03-14 07:23:38,630,Customer,Delivery address requires correction or validation.
SHP0004853,CAP,Capacity Constraint,Capacity,Medium,Closed,2025-01-17 06:19:30,2025-01-18 01:42:18,952,Carrier,Shipment delayed due to available trailer or dock capacity.
SHP0004857,MSCN,Missed Scan,Process,Medium,Closed,2025-05-01 06:10:57,2025-05-01 21:22:27,390,Operations,Expected scan was not captured on time.
SHP0004859,WX,Weather Delay,Weather,High,Closed,2025-08-19 02:14:54,2025-08-19 11:01:19,363,Carrier,Shipment delayed because of weather conditions.
SHP0004863,DAMG,Damaged Shipment,Damage,High,Closed,2025-04-26 17:39:01,2025-04-28 10:03:08,1775,Carrier,Shipment flagged for damage inspection.
SHP0004864,ADDR,Address Issue,Address,Medium,Closed,2025-03-11 21:44:37,2025-03-12 14:15:36,250,Customer,Delivery address requires correction or validation.
SHP0004865,WX,Weather Delay,Weather,High,Open,2025-09-29 06:22:12,,497,Carrier,Shipment delayed because of weather conditions.
SHP0004867,MECH,Equipment Failure,Mechanical,High,Closed,2025-06-14 10:58:45,2025-06-14 23:03:18,694,Carrier,Equipment failure caused an operational delay.
SHP0004876,WX,Weather Delay,Weather,High,Closed,2025-06-28 23:41:05,2025-06-30 02:14:48,1361,Carrier,Shipment delayed because of weather conditions.
SHP0004878,WX,Weather Delay,Weather,High,Closed,2025-01-30 03:15:51,2025-01-30 10:34:07,406,Carrier,Shipment delayed because of weather conditions.
SHP0004879,MSCN,Missed Scan,Process,Medium,Closed,2025-09-26 01:54:51,2025-09-27 01:08:23,488,Operations,Expected scan was not captured on time.
SHP0004882,ADDR,Address Issue,Address,Medium,Closed,2025-02-09 04:59:46,2025-02-09 14:12:21,175,Customer,Delivery address requires correction or validation.
SHP0004895,MECH,Equipment Failure,Mechanical,High,Closed,2025-01-24 05:46:48,2025-01-24 23:00:30,320,Carrier,Equipment failure caused an operational delay.
SHP0004903,CAP,Capacity Constraint,Capacity,Medium,Closed,2025-05-06 19:17:33,2025-05-07 16:19:01,693,Carrier,Shipment delayed due to available trailer or dock capacity.
SHP0004905,MSCN,Missed Scan,Process,Medium,Closed,2025-02-05 17:31:11,2025-02-05 23:39:18,430,Operations,Expected scan was not captured on time.
SHP0004909,MSCN,Missed Scan,Process,Medium,Closed,2025-08-10 03:32:42,2025-08-10 12:40:41,162,Operations,Expected scan was not captured on time.
SHP0004910,WX,Weather Delay,Weather,High,Closed,2025-03-20 06:05:21,2025-03-21 01:57:43,591,Carrier,Shipment delayed because of weather conditions.
SHP0004911,DAMG,Damaged Shipment,Damage,High,Closed,2025-05-19 12:08:23,2025-05-20 19:54:12,1650,Carrier,Shipment flagged for damage inspection.
SHP0004912,DAMG,Damaged Shipment,Damage,High,Closed,2025-04-08 06:53:23,2025-04-09 10:59:31,1216,Carrier,Shipment flagged for damage inspection.
SHP0004914,ADDR,Address Issue,Address,Medium,Open,2025-08-16 00:54:01,,1327,Customer,Delivery address requires correction or validation.
SHP0004915,MECH,Equipment Failure,Mechanical,High,Open,2025-04-25 13:05:37,,694,Carrier,Equipment failure caused an operational delay.
SHP0004916,DAMG,Damaged Shipment,Damage,High,Closed,2025-02-13 18:20:11,2025-02-14 06:20:41,723,Carrier,Shipment flagged for damage inspection.
SHP0004917,CAP,Capacity Constraint,Capacity,Medium,Closed,2025-05-14 05:53:39,2025-05-14 19:07:56,295,Carrier,Shipment delayed due to available trailer or dock capacity.
SHP0004918,MSCN,Missed Scan,Process,Medium,Open,2025-01-19 01:31:28,,271,Operations,Expected scan was not captured on time.
SHP0004920,MSCN,Missed Scan,Process,Medium,Closed,2025-03-13 06:17:11,2025-03-13 07:20:47,33,Operations,Expected scan was not captured on time.
SHP0004922,DAMG,Damaged Shipment,Damage,High,Closed,2025-03-24 20:01:06,2025-03-25 15:42:01,1223,Carrier,Shipment flagged for damage inspection.
SHP0004924,MECH,Equipment Failure,Mechanical,High,Closed,2025-05-20 01:52:24,2025-05-21 02:44:09,780,Carrier,Equipment failure caused an operational delay.
SHP0004930,DAMG,Damaged Shipment,Damage,High,Closed,2025-06-18 13:55:17,2025-06-19 08:18:49,485,Carrier,Shipment flagged for damage inspection.
SHP0004931,MSCN,Missed Scan,Process,Medium,Closed,2025-01-09 04:26:44,2025-01-09 14:44:17,55,Operations,Expected scan was not captured on time.
SHP0004933,WX,Weather Delay,Weather,High,Closed,2025-04-10 23:54:33,2025-04-12 05:59:35,1277,Carrier,Shipment delayed because of weather conditions.
SHP0004934,ADDR,Address Issue,Address,Medium,Closed,2025-02-17 04:22:54,2025-02-17 22:04:02,1007,Customer,Delivery address requires correction or validation.
SHP0004937,MSCN,Missed Scan,Process,Medium,Closed,2025-02-12 19:46:19,2025-02-13 05:15:47,365,Operations,Expected scan was not captured on time.
SHP0004941,MSCN,Missed Scan,Process,Medium,Closed,2025-03-19 21:46:30,2025-03-20 11:25:16,510,Operations,Expected scan was not captured on time.
SHP0004942,WX,Weather Delay,Weather,High,Closed,2025-04-23 22:19:40,2025-04-25 02:18:02,1612,Carrier,Shipment delayed because of weather conditions.
SHP0004943,DAMG,Damaged Shipment,Damage,High,Closed,2025-01-20 12:38:34,2025-01-21 01:41:59,836,Carrier,Shipment flagged for damage inspection.
SHP0004944,CAP,Capacity Constraint,Capacity,Medium,Closed,2025-02-25 11:34:11,2025-02-25 17:47:38,233,Carrier,Shipment delayed due to available trailer or dock capacity.
SHP0004946,DAMG,Damaged Shipment,Damage,High,Closed,2025-01-19 13:35:31,2025-01-21 10:59:10,2089,Carrier,Shipment flagged for damage inspection.
SHP0004947,MSCN,Missed Scan,Process,Medium,Closed,2025-06-12 13:38:31,2025-06-12 21:47:49,67,Operations,Expected scan was not captured on time.
SHP0004948,MSCN,Missed Scan,Process,Medium,Closed,2025-01-15 13:03:33,2025-01-16 01:12:23,422,Operations,Expected scan was not captured on time.
SHP0004951,WX,Weather Delay,Weather,High,Closed,2025-08-09 02:44:02,2025-08-09 18:59:25,710,Carrier,Shipment delayed because of weather conditions.
SHP0004952,ADDR,Address Issue,Address,Medium,Closed,2025-07-14 05:22:00,2025-07-14 22:11:49,447,Customer,Delivery address requires correction or validation.
SHP0004953,ADDR,Address Issue,Address,Medium,Closed,2025-02-15 10:38:38,2025-02-16 03:17:29,1029,Customer,Delivery address requires correction or validation.
SHP0004954,CAP,Capacity Constraint,Capacity,Medium,Closed,2025-07-21 20:57:43,2025-07-22 17:12:53,493,Carrier,Shipment delayed due to available trailer or dock capacity.
SHP0004958,MECH,Equipment Failure,Mechanical,High,Closed,2025-05-03 20:37:43,2025-05-04 05:59:54,202,Carrier,Equipment failure caused an operational delay.
SHP0004961,CAP,Capacity Constraint,Capacity,Medium,Closed,2025-09-24 18:58:22,2025-09-25 21:03:46,687,Carrier,Shipment delayed due to available trailer or dock capacity.
SHP0004967,WX,Weather Delay,Weather,High,Closed,2025-06-14 06:14:32,2025-06-14 20:33:50,672,Carrier,Shipment delayed because of weather conditions.
SHP0004973,WX,Weather Delay,Weather,High,Closed,2025-05-19 11:32:56,2025-05-20 03:21:28,382,Carrier,Shipment delayed because of weather conditions.
SHP0004975,MECH,Equipment Failure,Mechanical,High,Closed,2025-09-16 00:35:46,2025-09-16 12:26:59,337,Carrier,Equipment failure caused an operational delay.
SHP0004977,MSCN,Missed Scan,Process,Medium,Closed,2025-09-22 02:07:11,2025-09-22 07:31:04,145,Operations,Expected scan was not captured on time.
SHP0004979,CAP,Capacity Constraint,Capacity,Medium,Closed,2025-06-29 17:29:14,2025-06-30 06:37:41,259,Carrier,Shipment delayed due to available trailer or dock capacity.
SHP0004980,ADDR,Address Issue,Address,Medium,Closed,2025-03-30 14:21:28,2025-03-31 08:52:35,426,Customer,Delivery address requires correction or validation.
SHP0004985,WX,Weather Delay,Weather,High,Closed,2025-07-01 04:05:45,2025-07-01 22:47:58,690,Carrier,Shipment delayed because of weather conditions.
SHP0004986,ADDR,Address Issue,Address,Medium,Closed,2025-03-10 20:02:14,2025-03-12 05:13:54,1221,Customer,Delivery address requires correction or validation.
SHP0004989,ADDR,Address Issue,Address,Medium,Closed,2025-08-05 00:04:00,2025-08-05 06:57:35,369,Customer,Delivery address requires correction or validation.
SHP0004991,DAMG,Damaged Shipment,Damage,High,Closed,2025-05-14 08:11:02,2025-05-15 17:41:03,1260,Carrier,Shipment flagged for damage inspection.
SHP0004994,DAMG,Damaged Shipment,Damage,High,Closed,2025-02-19 21:17:35,2025-02-21 10:08:16,2036,Carrier,Shipment flagged for damage inspection.
SHP0004995,ADDR,Address Issue,Address,Medium,Closed,2025-05-01 18:01:42,2025-05-02 18:12:19,1011,Customer,Delivery address requires correction or validation.
SHP0004999,WX,Weather Delay,Weather,High,Closed,2025-07-30 17:55:42,2025-07-31 22:59:14,1219,Carrier,Shipment delayed because of weather conditions.
SHP0005003,MSCN,Missed Scan,Process,Medium,Closed,2025-09-10 23:05:43,2025-09-11 09:37:30,416,Operations,Expected scan was not captured on time.
SHP0005004,WX,Weather Delay,Weather,High,Closed,2025-01-08 22:58:25,2025-01-09 18:41:34,1125,Carrier,Shipment delayed because of weather conditions.
SHP0005009,MECH,Equipment Failure,Mechanical,High,Closed,2025-08-18 02:07:25,2025-08-19 05:02:34,1310,Carrier,Equipment failure caused an operational delay.
SHP0005010,DAMG,Damaged Shipment,Damage,High,Closed,2025-09-11 17:53:07,2025-09-14 03:15:30,2689,Carrier,Shipment flagged for damage inspection.
SHP0005016,MSCN,Missed Scan,Process,Medium,Closed,2025-04-16 22:54:23,2025-04-17 11:53:32,68,Operations,Expected scan was not captured on time.
SHP0005018,ADDR,Address Issue,Address,Medium,Closed,2025-03-10 01:38:58,2025-03-10 15:32:36,772,Customer,Delivery address requires correction or validation.
SHP0005019,MSCN,Missed Scan,Process,Medium,Closed,2025-08-23 06:11:00,2025-08-23 17:29:19,486,Operations,Expected scan was not captured on time.
SHP0005020,MSCN,Missed Scan,Process,Medium,Closed,2025-01-30 09:25:22,2025-01-30 14:13:28,337,Operations,Expected scan was not captured on time.
SHP0005021,MECH,Equipment Failure,Mechanical,High,Closed,2025-06-28 10:07:46,2025-06-28 21:39:44,250,Carrier,Equipment failure caused an operational delay.
SHP0005024,CAP,Capacity Constraint,Capacity,Medium,Closed,2025-08-15 04:07:24,2025-08-15 15:27:15,400,Carrier,Shipment delayed due to available trailer or dock capacity.
SHP0005026,WX,Weather Delay,Weather,High,Closed,2025-02-09 05:22:10,2025-02-10 04:16:06,1050,Carrier,Shipment delayed because of weather conditions.
SHP0005027,WX,Weather Delay,Weather,High,Closed,2025-09-08 12:50:01,2025-09-09 00:25:26,271,Carrier,Shipment delayed because of weather conditions.
SHP0005028,MSCN,Missed Scan,Process,Medium,Closed,2025-05-13 20:10:15,2025-05-14 14:10:09,486,Operations,Expected scan was not captured on time.
SHP0005030,ADDR,Address Issue,Address,Medium,Closed,2025-05-13 01:41:04,2025-05-13 21:49:00,1127,Customer,Delivery address requires correction or validation.
SHP0005037,MSCN,Missed Scan,Process,Medium,Closed,2025-03-31 23:06:03,2025-04-01 14:24:15,115,Operations,Expected scan was not captured on time.
SHP0005039,DAMG,Damaged Shipment,Damage,High,Closed,2025-06-11 06:01:18,2025-06-12 05:46:27,797,Carrier,Shipment flagged for damage inspection.
SHP0005040,MSCN,Missed Scan,Process,Medium,Closed,2025-05-17 09:42:23,2025-05-17 20:39:29,45,Operations,Expected scan was not captured on time.
SHP0005046,WX,Weather Delay,Weather,High,Closed,2025-09-05 20:21:18,2025-09-07 09:22:18,1432,Carrier,Shipment delayed because of weather conditions.
SHP0005047,MSCN,Missed Scan,Process,Medium,Closed,2025-08-21 21:33:06,2025-08-22 12:53:46,156,Operations,Expected scan was not captured on time.
SHP0005049,DAMG,Damaged Shipment,Damage,High,Open,2025-08-15 23:05:00,,1529,Carrier,Shipment flagged for damage inspection.
SHP0005050,ADDR,Address Issue,Address,Medium,Closed,2025-03-12 14:43:23,2025-03-13 06:59:26,1400,Customer,Delivery address requires correction or validation.
SHP0005052,DAMG,Damaged Shipment,Damage,High,Open,2025-03-30 09:23:41,,849,Carrier,Shipment flagged for damage inspection.
SHP0005055,MSCN,Missed Scan,Process,Medium,Closed,2025-06-13 09:46:26,2025-06-13 12:37:49,149,Operations,Expected scan was not captured on time.
SHP0005056,CAP,Capacity Constraint,Capacity,Medium,Closed,2025-09-28 22:48:16,2025-09-29 17:34:47,282,Carrier,Shipment delayed due to available trailer or dock capacity.
SHP0005057,CAP,Capacity Constraint,Capacity,Medium,Closed,2025-07-16 17:07:33,2025-07-17 03:00:56,255,Carrier,Shipment delayed due to available trailer or dock capacity.
SHP0005061,ADDR,Address Issue,Address,Medium,Closed,2025-04-30 11:58:56,2025-05-01 04:47:48,763,Customer,Delivery address requires correction or validation.
SHP0005065,DAMG,Damaged Shipment,Damage,High,Closed,2025-01-29 12:53:36,2025-01-31 01:25:57,2142,Carrier,Shipment flagged for damage inspection.
SHP0005066,WX,Weather Delay,Weather,High,Closed,2025-07-25 08:53:30,2025-07-25 19:46:58,713,Carrier,Shipment delayed because of weather conditions.
SHP0005067,MSCN,Missed Scan,Process,Medium,Closed,2025-04-13 22:27:16,2025-04-14 10:13:16,294,Operations,Expected scan was not captured on time.
SHP0005068,MSCN,Missed Scan,Process,Medium,Closed,2025-04-10 00:33:55,2025-04-10 07:10:22,432,Operations,Expected scan was not captured on time.
SHP0005069,MECH,Equipment Failure,Mechanical,High,Closed,2025-08-15 01:38:03,2025-08-15 05:40:55,307,Carrier,Equipment failure caused an operational delay.
SHP0005071,ADDR,Address Issue,Address,Medium,Closed,2025-07-06 14:48:46,2025-07-07 01:59:44,336,Customer,Delivery address requires correction or validation.
SHP0005072,MECH,Equipment Failure,Mechanical,High,Closed,2025-04-24 10:46:17,2025-04-25 04:54:10,1055,Carrier,Equipment failure caused an operational delay.
SHP0005073,WX,Weather Delay,Weather,High,Closed,2025-04-27 15:45:00,2025-04-27 22:54:50,240,Carrier,Shipment delayed because of weather conditions.
SHP0005074,MSCN,Missed Scan,Process,Medium,Closed,2025-06-19 11:41:32,2025-06-19 21:27:41,345,Operations,Expected scan was not captured on time.
SHP0005078,CAP,Capacity Constraint,Capacity,Medium,Closed,2025-07-10 07:57:58,2025-07-10 23:46:37,834,Carrier,Shipment delayed due to available trailer or dock capacity.
SHP0005080,MECH,Equipment Failure,Mechanical,High,Closed,2025-07-19 16:25:53,2025-07-20 09:44:16,863,Carrier,Equipment failure caused an operational delay.
SHP0005086,WX,Weather Delay,Weather,High,Closed,2025-05-16 07:24:50,2025-05-17 10:04:37,1146,Carrier,Shipment delayed because of weather conditions.
SHP0005088,DAMG,Damaged Shipment,Damage,High,Closed,2025-07-18 12:16:04,2025-07-19 09:35:46,1057,Carrier,Shipment flagged for damage inspection.
SHP0005089,WX,Weather Delay,Weather,High,Closed,2025-03-05 22:16:33,2025-03-07 00:23:45,1298,Carrier,Shipment delayed because of weather conditions.
SHP0005090,MECH,Equipment Failure,Mechanical,High,Closed,2025-04-07 09:11:47,2025-04-08 17:35:24,1295,Carrier,Equipment failure caused an operational delay.
SHP0005096,WX,Weather Delay,Weather,High,Closed,2025-03-10 15:45:02,2025-03-11 12:25:03,919,Carrier,Shipment delayed because of weather conditions.
SHP0005098,ADDR,Address Issue,Address,Medium,Open,2025-08-18 03:57:33,,327,Customer,Delivery address requires correction or validation.
SHP0005100,DAMG,Damaged Shipment,Damage,High,Closed,2025-06-26 12:24:12,2025-06-28 07:56:37,2387,Carrier,Shipment flagged for damage inspection.
SHP0005101,ADDR,Address Issue,Address,Medium,Closed,2025-05-22 01:30:17,2025-05-22 21:41:26,617,Customer,Delivery address requires correction or validation.
SHP0005103,WX,Weather Delay,Weather,High,Closed,2025-06-30 14:27:44,2025-07-01 04:36:08,431,Carrier,Shipment delayed because of weather conditions.
SHP0005106,WX,Weather Delay,Weather,High,Closed,2025-01-13 10:19:19,2025-01-13 23:44:47,871,Carrier,Shipment delayed because of weather conditions.
SHP0005107,WX,Weather Delay,Weather,High,Closed,2025-08-25 21:15:59,2025-08-26 16:18:54,1174,Carrier,Shipment delayed because of weather conditions.
SHP0005109,ADDR,Address Issue,Address,Medium,Closed,2025-06-01 17:14:55,2025-06-02 09:37:15,552,Customer,Delivery address requires correction or validation.
SHP0005110,DAMG,Damaged Shipment,Damage,High,Closed,2025-07-09 22:36:48,2025-07-11 00:56:24,728,Carrier,Shipment flagged for damage inspection.
SHP0005111,MECH,Equipment Failure,Mechanical,High,Closed,2025-01-26 11:06:49,2025-01-27 01:22:57,288,Carrier,Equipment failure caused an operational delay.
SHP0005117,ADDR,Address Issue,Address,Medium,Closed,2025-04-28 02:58:04,2025-04-28 16:45:53,572,Customer,Delivery address requires correction or validation.
SHP0005118,MSCN,Missed Scan,Process,Medium,Closed,2025-08-30 14:16:22,2025-08-31 02:05:09,202,Operations,Expected scan was not captured on time.
SHP0005121,DAMG,Damaged Shipment,Damage,High,Closed,2025-06-21 04:35:36,2025-06-22 10:30:18,1196,Carrier,Shipment flagged for damage inspection.
SHP0005122,WX,Weather Delay,Weather,High,Closed,2025-08-06 07:14:45,2025-08-06 18:55:39,529,Carrier,Shipment delayed because of weather conditions.
SHP0005123,WX,Weather Delay,Weather,High,Open,2025-07-07 16:18:51,,258,Carrier,Shipment delayed because of weather conditions.
SHP0005126,DAMG,Damaged Shipment,Damage,High,Closed,2025-09-29 17:59:50,2025-09-30 15:57:33,944,Carrier,Shipment flagged for damage inspection.
SHP0005127,MECH,Equipment Failure,Mechanical,High,Closed,2025-07-17 21:35:11,2025-07-18 07:34:13,685,Carrier,Equipment failure caused an operational delay.
SHP0005129,DAMG,Damaged Shipment,Damage,High,Closed,2025-08-28 10:53:37,2025-08-29 03:11:07,434,Carrier,Shipment flagged for damage inspection.
SHP0005131,WX,Weather Delay,Weather,High,Closed,2025-02-09 18:04:08,2025-02-10 16:08:29,1171,Carrier,Shipment delayed because of weather conditions.
SHP0005136,MSCN,Missed Scan,Process,Medium,Closed,2025-07-23 01:16:21,2025-07-23 15:10:00,463,Operations,Expected scan was not captured on time.
SHP0005137,MSCN,Missed Scan,Process,Medium,Closed,2025-07-10 05:29:28,2025-07-10 15:22:06,461,Operations,Expected scan was not captured on time.
SHP0005138,MSCN,Missed Scan,Process,Medium,Closed,2025-06-23 02:31:50,2025-06-23 13:19:41,209,Operations,Expected scan was not captured on time.
SHP0005140,MSCN,Missed Scan,Process,Medium,Closed,2025-03-20 14:37:21,2025-03-20 21:18:57,30,Operations,Expected scan was not captured on time.
SHP0005142,ADDR,Address Issue,Address,Medium,Closed,2025-02-11 01:18:42,2025-02-11 13:20:13,401,Customer,Delivery address requires correction or validation.
SHP0005150,ADDR,Address Issue,Address,Medium,Closed,2025-05-29 21:47:44,2025-05-30 12:45:43,377,Customer,Delivery address requires correction or validation.
SHP0005154,DAMG,Damaged Shipment,Damage,High,Closed,2025-06-14 17:38:26,2025-06-15 05:27:09,541,Carrier,Shipment flagged for damage inspection.
SHP0005157,WX,Weather Delay,Weather,High,Closed,2025-02-27 03:33:53,2025-02-27 08:44:51,279,Carrier,Shipment delayed because of weather conditions.
SHP0005160,MECH,Equipment Failure,Mechanical,High,Closed,2025-04-22 21:30:21,2025-04-23 13:24:59,471,Carrier,Equipment failure caused an operational delay.
SHP0005164,MSCN,Missed Scan,Process,Medium,Closed,2025-09-20 07:31:11,2025-09-20 21:33:45,445,Operations,Expected scan was not captured on time.
SHP0005173,WX,Weather Delay,Weather,High,Closed,2025-06-10 08:56:35,2025-06-10 20:57:01,257,Carrier,Shipment delayed because of weather conditions.
SHP0005175,MSCN,Missed Scan,Process,Medium,Closed,2025-01-11 13:08:00,2025-01-12 07:46:10,536,Operations,Expected scan was not captured on time.
SHP0005176,WX,Weather Delay,Weather,High,Closed,2025-02-18 02:18:37,2025-02-18 14:17:20,261,Carrier,Shipment delayed because of weather conditions.
SHP0005177,CAP,Capacity Constraint,Capacity,Medium,Closed,2025-09-19 21:52:26,2025-09-20 18:48:24,814,Carrier,Shipment delayed due to available trailer or dock capacity.
SHP0005178,MSCN,Missed Scan,Process,Medium,Closed,2025-01-17 09:49:48,2025-01-18 06:21:50,502,Operations,Expected scan was not captured on time.
SHP0005179,DAMG,Damaged Shipment,Damage,High,Closed,2025-04-13 16:14:25,2025-04-14 22:40:17,1688,Carrier,Shipment flagged for damage inspection.
SHP0005182,WX,Weather Delay,Weather,High,Closed,2025-09-19 04:26:04,2025-09-19 17:07:28,444,Carrier,Shipment delayed because of weather conditions.
SHP0005183,MSCN,Missed Scan,Process,Medium,Closed,2025-04-21 19:14:47,2025-04-22 05:17:01,79,Operations,Expected scan was not captured on time.
SHP0005185,MECH,Equipment Failure,Mechanical,High,Closed,2025-02-18 04:40:55,2025-02-18 20:45:54,431,Carrier,Equipment failure caused an operational delay.
SHP0005186,WX,Weather Delay,Weather,High,Closed,2025-08-01 12:57:42,2025-08-01 19:43:00,349,Carrier,Shipment delayed because of weather conditions.
SHP0005190,MSCN,Missed Scan,Process,Medium,Open,2025-07-29 01:04:45,,156,Operations,Expected scan was not captured on time.
SHP0005194,WX,Weather Delay,Weather,High,Closed,2025-05-26 01:37:59,2025-05-26 19:14:34,1188,Carrier,Shipment delayed because of weather conditions.
SHP0005199,CAP,Capacity Constraint,Capacity,Medium,Closed,2025-07-20 02:15:39,2025-07-21 00:30:31,785,Carrier,Shipment delayed due to available trailer or dock capacity.
SHP0005201,DAMG,Damaged Shipment,Damage,High,Closed,2025-08-16 17:45:59,2025-08-17 03:11:22,673,Carrier,Shipment flagged for damage inspection.
SHP0005203,DAMG,Damaged Shipment,Damage,High,Closed,2025-03-30 20:24:47,2025-04-01 22:21:34,2211,Carrier,Shipment flagged for damage inspection.
SHP0005208,DAMG,Damaged Shipment,Damage,High,Closed,2025-08-31 16:11:00,2025-08-31 22:40:59,871,Carrier,Shipment flagged for damage inspection.
SHP0005209,MECH,Equipment Failure,Mechanical,High,Closed,2025-09-30 01:34:41,2025-09-30 07:20:02,407,Carrier,Equipment failure caused an operational delay.
SHP0005210,ADDR,Address Issue,Address,Medium,Closed,2025-02-14 21:37:26,2025-02-15 12:28:25,855,Customer,Delivery address requires correction or validation.
SHP0005216,WX,Weather Delay,Weather,High,Closed,2025-06-25 14:00:37,2025-06-25 23:01:05,304,Carrier,Shipment delayed because of weather conditions.
SHP0005219,MSCN,Missed Scan,Process,Medium,Closed,2025-09-05 00:05:45,2025-09-05 19:54:03,368,Operations,Expected scan was not captured on time.
SHP0005221,WX,Weather Delay,Weather,High,Closed,2025-04-06 01:22:08,2025-04-07 01:19:34,1264,Carrier,Shipment delayed because of weather conditions.
SHP0005223,CAP,Capacity Constraint,Capacity,Medium,Closed,2025-04-16 05:54:18,2025-04-16 16:29:33,699,Carrier,Shipment delayed due to available trailer or dock capacity.
SHP0005224,MSCN,Missed Scan,Process,Medium,Closed,2025-07-23 23:37:03,2025-07-24 10:57:52,288,Operations,Expected scan was not captured on time.
SHP0005231,WX,Weather Delay,Weather,High,Closed,2025-04-30 17:59:05,2025-05-02 06:55:40,1568,Carrier,Shipment delayed because of weather conditions.
SHP0005232,WX,Weather Delay,Weather,High,Closed,2025-03-22 20:42:48,2025-03-23 18:45:59,979,Carrier,Shipment delayed because of weather conditions.
SHP0005234,WX,Weather Delay,Weather,High,Closed,2025-09-23 10:43:23,2025-09-23 20:53:08,433,Carrier,Shipment delayed because of weather conditions.
SHP0005239,DAMG,Damaged Shipment,Damage,High,Closed,2025-09-02 05:01:25,2025-09-02 20:27:19,587,Carrier,Shipment flagged for damage inspection.
SHP0005240,MSCN,Missed Scan,Process,Medium,Closed,2025-08-09 07:04:07,2025-08-09 09:11:40,94,Operations,Expected scan was not captured on time.
SHP0005245,CAP,Capacity Constraint,Capacity,Medium,Closed,2025-01-28 19:32:01,2025-01-29 09:54:22,478,Carrier,Shipment delayed due to available trailer or dock capacity.
SHP0005247,WX,Weather Delay,Weather,High,Closed,2025-03-01 11:03:09,2025-03-01 19:30:35,397,Carrier,Shipment delayed because of weather conditions.
SHP0005248,WX,Weather Delay,Weather,High,Closed,2025-09-11 06:13:13,2025-09-12 02:59:54,1018,Carrier,Shipment delayed because of weather conditions.
SHP0005249,CAP,Capacity Constraint,Capacity,Medium,Closed,2025-02-24 00:45:19,2025-02-24 22:24:36,756,Carrier,Shipment delayed due to available trailer or dock capacity.
SHP0005253,ADDR,Address Issue,Address,Medium,Closed,2025-08-04 23:43:05,2025-08-06 07:57:41,1387,Customer,Delivery address requires correction or validation.
SHP0005259,ADDR,Address Issue,Address,Medium,Open,2025-07-26 01:08:01,,405,Customer,Delivery address requires correction or validation.
SHP0005260,CAP,Capacity Constraint,Capacity,Medium,Closed,2025-02-08 07:01:09,2025-02-08 23:08:36,597,Carrier,Shipment delayed due to available trailer or dock capacity.
SHP0005261,WX,Weather Delay,Weather,High,Closed,2025-02-23 20:13:06,2025-02-24 19:36:16,913,Carrier,Shipment delayed because of weather conditions.
SHP0005263,CAP,Capacity Constraint,Capacity,Medium,Closed,2025-07-11 21:34:28,2025-07-12 15:18:25,588,Carrier,Shipment delayed due to available trailer or dock capacity.
SHP0005265,DAMG,Damaged Shipment,Damage,High,Closed,2025-03-16 08:06:24,2025-03-16 22:32:49,445,Carrier,Shipment flagged for damage inspection.
SHP0005269,WX,Weather Delay,Weather,High,Closed,2025-08-03 10:19:46,2025-08-04 06:56:28,921,Carrier,Shipment delayed because of weather conditions.
SHP0005270,DAMG,Damaged Shipment,Damage,High,Closed,2025-03-21 04:38:25,2025-03-23 03:08:07,2309,Carrier,Shipment flagged for damage inspection.
SHP0005271,MSCN,Missed Scan,Process,Medium,Closed,2025-02-21 22:18:09,2025-02-22 09:37:16,119,Operations,Expected scan was not captured on time.
SHP0005274,MECH,Equipment Failure,Mechanical,High,Closed,2025-01-06 04:07:55,2025-01-06 21:21:43,273,Carrier,Equipment failure caused an operational delay.
SHP0005276,MSCN,Missed Scan,Process,Medium,Closed,2025-07-27 02:32:30,2025-07-27 17:52:12,429,Operations,Expected scan was not captured on time.
SHP0005277,WX,Weather Delay,Weather,High,Closed,2025-07-08 07:20:18,2025-07-09 09:44:14,1005,Carrier,Shipment delayed because of weather conditions.
SHP0005278,ADDR,Address Issue,Address,Medium,Closed,2025-04-18 01:52:23,2025-04-18 12:39:55,491,Customer,Delivery address requires correction or validation.
SHP0005279,WX,Weather Delay,Weather,High,Closed,2025-05-15 06:07:37,2025-05-15 14:45:54,455,Carrier,Shipment delayed because of weather conditions.
SHP0005280,ADDR,Address Issue,Address,Medium,Closed,2025-01-19 22:24:52,2025-01-21 08:13:42,1282,Customer,Delivery address requires correction or validation.
SHP0005282,WX,Weather Delay,Weather,High,Closed,2025-07-14 02:25:30,2025-07-14 16:55:13,657,Carrier,Shipment delayed because of weather conditions.
SHP0005283,CAP,Capacity Constraint,Capacity,Medium,Closed,2025-09-03 07:07:40,2025-09-03 20:14:08,80,Carrier,Shipment delayed due to available trailer or dock capacity.
SHP0005284,ADDR,Address Issue,Address,Medium,Closed,2025-03-02 02:38:45,2025-03-03 00:27:12,1050,Customer,Delivery address requires correction or validation.
SHP0005291,DAMG,Damaged Shipment,Damage,High,Closed,2025-03-23 15:09:59,2025-03-25 23:27:15,2683,Carrier,Shipment flagged for damage inspection.
SHP0005292,CAP,Capacity Constraint,Capacity,Medium,Closed,2025-06-18 05:21:00,2025-06-18 22:56:12,487,Carrier,Shipment delayed due to available trailer or dock capacity.
SHP0005294,ADDR,Address Issue,Address,Medium,Closed,2025-07-03 00:08:14,2025-07-03 19:27:22,823,Customer,Delivery address requires correction or validation.
SHP0005297,MSCN,Missed Scan,Process,Medium,Closed,2025-07-01 06:46:41,2025-07-01 15:22:38,461,Operations,Expected scan was not captured on time.
SHP0005299,MSCN,Missed Scan,Process,Medium,Closed,2025-06-08 15:53:15,2025-06-09 10:06:34,314,Operations,Expected scan was not captured on time.
SHP0005300,DAMG,Damaged Shipment,Damage,High,Closed,2025-02-27 05:13:18,2025-02-27 11:23:43,1562,Carrier,Shipment flagged for damage inspection.
SHP0005303,WX,Weather Delay,Weather,High,Open,2025-03-19 23:33:43,,1668,Carrier,Shipment delayed because of weather conditions.
SHP0005304,CAP,Capacity Constraint,Capacity,Medium,Closed,2025-07-08 04:45:31,2025-07-08 20:09:37,373,Carrier,Shipment delayed due to available trailer or dock capacity.
SHP0005307,WX,Weather Delay,Weather,High,Closed,2025-05-04 21:31:54,2025-05-05 12:11:36,587,Carrier,Shipment delayed because of weather conditions.
SHP0005309,WX,Weather Delay,Weather,High,Closed,2025-03-18 10:30:29,2025-03-19 17:33:13,1308,Carrier,Shipment delayed because of weather conditions.
SHP0005312,MSCN,Missed Scan,Process,Medium,Closed,2025-04-20 06:18:07,2025-04-20 20:29:44,490,Operations,Expected scan was not captured on time.
SHP0005315,ADDR,Address Issue,Address,Medium,Closed,2025-06-16 03:37:35,2025-06-16 18:15:45,435,Customer,Delivery address requires correction or validation.
SHP0005317,MSCN,Missed Scan,Process,Medium,Open,2025-07-11 19:49:05,,399,Operations,Expected scan was not captured on time.
SHP0005324,CAP,Capacity Constraint,Capacity,Medium,Closed,2025-05-29 23:33:19,2025-05-30 04:46:50,236,Carrier,Shipment delayed due to available trailer or dock capacity.
SHP0005333,MECH,Equipment Failure,Mechanical,High,Closed,2025-07-16 16:12:45,2025-07-17 10:39:39,663,Carrier,Equipment failure caused an operational delay.
SHP0005339,WX,Weather Delay,Weather,High,Closed,2025-01-15 18:19:52,2025-01-16 14:05:05,627,Carrier,Shipment delayed because of weather conditions.
SHP0005340,CAP,Capacity Constraint,Capacity,Medium,Closed,2025-03-28 20:50:46,2025-03-29 16:50:33,772,Carrier,Shipment delayed due to available trailer or dock capacity.
SHP0005341,WX,Weather Delay,Weather,High,Open,2025-05-27 01:14:09,,597,Carrier,Shipment delayed because of weather conditions.
SHP0005349,WX,Weather Delay,Weather,High,Closed,2025-06-19 21:52:20,2025-06-20 11:42:06,546,Carrier,Shipment delayed because of weather conditions.
SHP0005358,MECH,Equipment Failure,Mechanical,High,Closed,2025-02-22 02:34:57,2025-02-22 22:11:49,998,Carrier,Equipment failure caused an operational delay.
SHP0005359,CAP,Capacity Constraint,Capacity,Medium,Closed,2025-01-05 21:53:55,2025-01-06 15:31:06,924,Carrier,Shipment delayed due to available trailer or dock capacity.
SHP0005362,ADDR,Address Issue,Address,Medium,Closed,2025-06-09 01:09:30,2025-06-09 09:02:09,366,Customer,Delivery address requires correction or validation.
SHP0005363,DAMG,Damaged Shipment,Damage,High,Closed,2025-06-17 22:19:35,2025-06-18 16:34:44,618,Carrier,Shipment flagged for damage inspection.
SHP0005364,ADDR,Address Issue,Address,Medium,Closed,2025-09-11 02:24:33,2025-09-12 03:19:47,1296,Customer,Delivery address requires correction or validation.
SHP0005365,WX,Weather Delay,Weather,High,Closed,2025-07-09 03:25:37,2025-07-10 07:05:19,1495,Carrier,Shipment delayed because of weather conditions.
SHP0005366,MSCN,Missed Scan,Process,Medium,Closed,2025-07-31 21:05:14,2025-08-01 09:13:52,280,Operations,Expected scan was not captured on time.
SHP0005367,MECH,Equipment Failure,Mechanical,High,Closed,2025-02-19 02:12:49,2025-02-19 20:57:19,345,Carrier,Equipment failure caused an operational delay.
SHP0005369,CAP,Capacity Constraint,Capacity,Medium,Closed,2025-06-16 11:26:23,2025-06-17 08:36:17,938,Carrier,Shipment delayed due to available trailer or dock capacity.
SHP0005374,WX,Weather Delay,Weather,High,Closed,2025-04-21 23:18:08,2025-04-22 19:07:23,937,Carrier,Shipment delayed because of weather conditions.
SHP0005377,ADDR,Address Issue,Address,Medium,Closed,2025-07-18 11:34:43,2025-07-18 19:25:30,537,Customer,Delivery address requires correction or validation.
SHP0005379,MSCN,Missed Scan,Process,Medium,Open,2025-05-26 16:16:58,,156,Operations,Expected scan was not captured on time.
SHP0005383,DAMG,Damaged Shipment,Damage,High,Closed,2025-07-13 15:31:19,2025-07-14 12:52:05,853,Carrier,Shipment flagged for damage inspection.
SHP0005385,WX,Weather Delay,Weather,High,Closed,2025-04-19 08:24:22,2025-04-20 01:17:54,805,Carrier,Shipment delayed because of weather conditions.
SHP0005388,DAMG,Damaged Shipment,Damage,High,Closed,2025-01-26 09:00:22,2025-01-27 03:24:44,795,Carrier,Shipment flagged for damage inspection.
SHP0005394,DAMG,Damaged Shipment,Damage,High,Closed,2025-06-11 23:52:38,2025-06-13 16:07:15,1888,Carrier,Shipment flagged for damage inspection.
SHP0005395,ADDR,Address Issue,Address,Medium,Closed,2025-01-27 12:07:35,2025-01-28 21:24:36,1221,Customer,Delivery address requires correction or validation.
SHP0005396,CAP,Capacity Constraint,Capacity,Medium,Closed,2025-02-04 06:08:44,2025-02-04 19:09:01,435,Carrier,Shipment delayed due to available trailer or dock capacity.
SHP0005398,MSCN,Missed Scan,Process,Medium,Closed,2025-01-17 13:11:00,2025-01-17 19:59:22,61,Operations,Expected scan was not captured on time.
SHP0005399,MECH,Equipment Failure,Mechanical,High,Closed,2025-05-05 19:05:23,2025-05-06 18:09:01,1008,Carrier,Equipment failure caused an operational delay.
SHP0005405,DAMG,Damaged Shipment,Damage,High,Closed,2025-04-14 19:03:46,2025-04-16 21:28:26,2740,Carrier,Shipment flagged for damage inspection.
SHP0005410,MSCN,Missed Scan,Process,Medium,Closed,2025-04-05 09:47:30,2025-04-05 21:46:17,447,Operations,Expected scan was not captured on time.
SHP0005413,DAMG,Damaged Shipment,Damage,High,Closed,2025-07-22 13:54:22,2025-07-23 04:26:42,425,Carrier,Shipment flagged for damage inspection.
SHP0005414,MSCN,Missed Scan,Process,Medium,Closed,2025-08-27 09:44:54,2025-08-28 00:43:18,290,Operations,Expected scan was not captured on time.
SHP0005416,WX,Weather Delay,Weather,High,Closed,2025-04-28 03:38:42,2025-04-28 20:05:20,545,Carrier,Shipment delayed because of weather conditions.
SHP0005419,MSCN,Missed Scan,Process,Medium,Closed,2025-09-26 14:24:35,2025-09-26 20:26:36,70,Operations,Expected scan was not captured on time.
SHP0005420,WX,Weather Delay,Weather,High,Closed,2025-02-20 00:07:54,2025-02-20 14:08:45,696,Carrier,Shipment delayed because of weather conditions.
SHP0005424,WX,Weather Delay,Weather,High,Closed,2025-06-08 09:30:42,2025-06-09 11:51:28,1062,Carrier,Shipment delayed because of weather conditions.
SHP0005428,WX,Weather Delay,Weather,High,Closed,2025-04-26 18:58:17,2025-04-27 09:39:28,921,Carrier,Shipment delayed because of weather conditions.
SHP0005431,MECH,Equipment Failure,Mechanical,High,Closed,2025-06-21 09:03:03,2025-06-22 02:01:11,655,Carrier,Equipment failure caused an operational delay.
SHP0005433,WX,Weather Delay,Weather,High,Closed,2025-02-02 09:58:50,2025-02-03 05:09:22,517,Carrier,Shipment delayed because of weather conditions.
SHP0005435,MSCN,Missed Scan,Process,Medium,Closed,2025-07-20 16:45:52,2025-07-20 22:06:19,109,Operations,Expected scan was not captured on time.
SHP0005436,MSCN,Missed Scan,Process,Medium,Closed,2025-01-07 21:47:24,2025-01-08 04:02:08,350,Operations,Expected scan was not captured on time.
SHP0005438,DAMG,Damaged Shipment,Damage,High,Closed,2025-03-08 02:45:44,2025-03-09 11:12:26,1273,Carrier,Shipment flagged for damage inspection.
SHP0005440,WX,Weather Delay,Weather,High,Closed,2025-09-25 23:30:20,2025-09-27 02:04:22,1478,Carrier,Shipment delayed because of weather conditions.
SHP0005441,MECH,Equipment Failure,Mechanical,High,Closed,2025-08-31 12:16:47,2025-08-31 19:55:16,200,Carrier,Equipment failure caused an operational delay.
SHP0005443,MSCN,Missed Scan,Process,Medium,Closed,2025-03-07 19:29:11,2025-03-08 06:51:24,262,Operations,Expected scan was not captured on time.
SHP0005444,ADDR,Address Issue,Address,Medium,Closed,2025-07-15 06:20:17,2025-07-15 19:31:42,676,Customer,Delivery address requires correction or validation.
SHP0005445,MSCN,Missed Scan,Process,Medium,Closed,2025-02-06 01:31:18,2025-02-06 13:40:47,509,Operations,Expected scan was not captured on time.
SHP0005452,MECH,Equipment Failure,Mechanical,High,Closed,2025-01-13 18:51:25,2025-01-14 20:26:31,1151,Carrier,Equipment failure caused an operational delay.
SHP0005457,MSCN,Missed Scan,Process,Medium,Closed,2025-04-03 19:49:24,2025-04-04 00:26:53,139,Operations,Expected scan was not captured on time.
SHP0005460,WX,Weather Delay,Weather,High,Closed,2025-08-26 07:01:11,2025-08-26 16:38:37,356,Carrier,Shipment delayed because of weather conditions.
SHP0005462,MSCN,Missed Scan,Process,Medium,Closed,2025-06-13 07:52:39,2025-06-13 10:55:51,62,Operations,Expected scan was not captured on time.
SHP0005464,WX,Weather Delay,Weather,High,Closed,2025-08-09 12:49:08,2025-08-10 13:30:26,1467,Carrier,Shipment delayed because of weather conditions.
SHP0005470,DAMG,Damaged Shipment,Damage,High,Closed,2025-02-18 02:17:48,2025-02-19 19:52:26,1861,Carrier,Shipment flagged for damage inspection.
SHP0005480,ADDR,Address Issue,Address,Medium,Open,2025-09-23 05:18:29,,1402,Customer,Delivery address requires correction or validation.
SHP0005483,ADDR,Address Issue,Address,Medium,Closed,2025-08-07 18:14:13,2025-08-08 07:12:03,402,Customer,Delivery address requires correction or validation.
SHP0005485,ADDR,Address Issue,Address,Medium,Closed,2025-08-24 18:19:32,2025-08-25 01:08:21,648,Customer,Delivery address requires correction or validation.
SHP0005488,WX,Weather Delay,Weather,High,Closed,2025-03-21 06:37:55,2025-03-22 00:45:19,835,Carrier,Shipment delayed because of weather conditions.
SHP0005490,ADDR,Address Issue,Address,Medium,Closed,2025-08-20 06:01:26,2025-08-21 06:13:46,1158,Customer,Delivery address requires correction or validation.
SHP0005493,MECH,Equipment Failure,Mechanical,High,Closed,2025-01-16 21:01:30,2025-01-17 10:04:17,417,Carrier,Equipment failure caused an operational delay.
SHP0005494,MSCN,Missed Scan,Process,Medium,Closed,2025-02-15 20:28:00,2025-02-16 02:48:52,279,Operations,Expected scan was not captured on time.
SHP0005500,CAP,Capacity Constraint,Capacity,Medium,Closed,2025-08-07 18:25:48,2025-08-08 05:35:10,310,Carrier,Shipment delayed due to available trailer or dock capacity.
SHP0005506,ADDR,Address Issue,Address,Medium,Closed,2025-05-28 08:16:47,2025-05-29 06:18:55,1062,Customer,Delivery address requires correction or validation.
SHP0005507,WX,Weather Delay,Weather,High,Closed,2025-08-01 01:45:40,2025-08-01 17:16:14,624,Carrier,Shipment delayed because of weather conditions.
SHP0005509,ADDR,Address Issue,Address,Medium,Closed,2025-01-07 20:18:45,2025-01-08 18:57:35,869,Customer,Delivery address requires correction or validation.
SHP0005513,WX,Weather Delay,Weather,High,Closed,2025-08-15 19:47:30,2025-08-17 03:01:09,1678,Carrier,Shipment delayed because of weather conditions.
SHP0005517,ADDR,Address Issue,Address,Medium,Open,2025-01-04 15:39:37,,387,Customer,Delivery address requires correction or validation.
SHP0005519,MSCN,Missed Scan,Process,Medium,Closed,2025-03-01 02:38:23,2025-03-01 15:26:58,262,Operations,Expected scan was not captured on time.
SHP0005521,DAMG,Damaged Shipment,Damage,High,Closed,2025-09-17 15:33:29,2025-09-18 15:24:13,906,Carrier,Shipment flagged for damage inspection.
SHP0005522,MSCN,Missed Scan,Process,Medium,Closed,2025-03-24 17:13:31,2025-03-25 00:30:25,147,Operations,Expected scan was not captured on time.
SHP0005523,WX,Weather Delay,Weather,High,Closed,2025-02-05 19:50:31,2025-02-07 03:27:30,1170,Carrier,Shipment delayed because of weather conditions.
SHP0005524,WX,Weather Delay,Weather,High,Closed,2025-06-29 03:06:40,2025-06-30 13:15:18,1489,Carrier,Shipment delayed because of weather conditions.
SHP0005525,DAMG,Damaged Shipment,Damage,High,Closed,2025-01-06 23:42:12,2025-01-08 14:13:29,1882,Carrier,Shipment flagged for damage inspection.
SHP0005529,MSCN,Missed Scan,Process,Medium,Open,2025-07-21 15:10:05,,154,Operations,Expected scan was not captured on time.
SHP0005532,ADDR,Address Issue,Address,Medium,Closed,2025-05-24 06:59:42,2025-05-24 14:58:06,325,Customer,Delivery address requires correction or validation.
SHP0005533,WX,Weather Delay,Weather,High,Closed,2025-09-21 17:06:30,2025-09-22 19:17:13,1066,Carrier,Shipment delayed because of weather conditions.
SHP0005535,ADDR,Address Issue,Address,Medium,Closed,2025-08-27 17:32:08,2025-08-28 16:53:02,1371,Customer,Delivery address requires correction or validation.
SHP0005537,CAP,Capacity Constraint,Capacity,Medium,Closed,2025-02-21 13:43:15,2025-02-21 18:21:04,100,Carrier,Shipment delayed due to available trailer or dock capacity.
SHP0005538,CAP,Capacity Constraint,Capacity,Medium,Closed,2025-05-05 04:02:54,2025-05-05 21:16:22,338,Carrier,Shipment delayed due to available trailer or dock capacity.
SHP0005540,WX,Weather Delay,Weather,High,Closed,2025-01-03 15:04:52,2025-01-04 12:56:21,1191,Carrier,Shipment delayed because of weather conditions.
SHP0005542,MSCN,Missed Scan,Process,Medium,Closed,2025-05-09 05:26:55,2025-05-09 23:23:32,472,Operations,Expected scan was not captured on time.
SHP0005543,ADDR,Address Issue,Address,Medium,Open,2025-08-16 18:51:33,,683,Customer,Delivery address requires correction or validation.
SHP0005546,MSCN,Missed Scan,Process,Medium,Closed,2025-05-28 16:35:02,2025-05-29 09:29:27,275,Operations,Expected scan was not captured on time.
SHP0005548,WX,Weather Delay,Weather,High,Open,2025-02-27 06:14:07,,468,Carrier,Shipment delayed because of weather conditions.
SHP0005552,MECH,Equipment Failure,Mechanical,High,Closed,2025-09-05 00:35:15,2025-09-05 19:39:40,416,Carrier,Equipment failure caused an operational delay.
SHP0005553,ADDR,Address Issue,Address,Medium,Closed,2025-05-05 11:21:27,2025-05-06 12:51:06,1344,Customer,Delivery address requires correction or validation.
SHP0005557,CAP,Capacity Constraint,Capacity,Medium,Closed,2025-08-14 09:16:54,2025-08-15 08:11:10,792,Carrier,Shipment delayed due to available trailer or dock capacity.
SHP0005561,DAMG,Damaged Shipment,Damage,High,Closed,2025-09-24 17:28:57,2025-09-25 11:16:15,609,Carrier,Shipment flagged for damage inspection.
SHP0005567,ADDR,Address Issue,Address,Medium,Closed,2025-07-21 08:34:43,2025-07-21 14:20:10,120,Customer,Delivery address requires correction or validation.
SHP0005568,ADDR,Address Issue,Address,Medium,Closed,2025-04-30 12:24:17,2025-05-01 08:11:55,1097,Customer,Delivery address requires correction or validation.
SHP0005571,WX,Weather Delay,Weather,High,Closed,2025-05-11 06:01:42,2025-05-12 03:19:37,701,Carrier,Shipment delayed because of weather conditions.
SHP0005573,CAP,Capacity Constraint,Capacity,Medium,Closed,2025-04-23 13:17:04,2025-04-24 04:13:25,432,Carrier,Shipment delayed due to available trailer or dock capacity.
SHP0005574,DAMG,Damaged Shipment,Damage,High,Closed,2025-05-20 14:42:09,2025-05-22 00:45:32,1905,Carrier,Shipment flagged for damage inspection.
SHP0005576,MSCN,Missed Scan,Process,Medium,Closed,2025-05-05 16:13:04,2025-05-06 06:24:11,302,Operations,Expected scan was not captured on time.
SHP0005577,ADDR,Address Issue,Address,Medium,Closed,2025-09-19 02:35:56,2025-09-19 14:55:40,298,Customer,Delivery address requires correction or validation.
SHP0005585,CAP,Capacity Constraint,Capacity,Medium,Closed,2025-07-26 19:23:26,2025-07-27 01:03:16,119,Carrier,Shipment delayed due to available trailer or dock capacity.
SHP0005587,WX,Weather Delay,Weather,High,Closed,2025-09-04 09:24:08,2025-09-05 08:21:12,1131,Carrier,Shipment delayed because of weather conditions.
SHP0005589,WX,Weather Delay,Weather,High,Closed,2025-02-14 08:47:42,2025-02-15 02:58:24,842,Carrier,Shipment delayed because of weather conditions.
SHP0005591,ADDR,Address Issue,Address,Medium,Closed,2025-05-06 10:34:21,2025-05-06 18:50:17,617,Customer,Delivery address requires correction or validation.
SHP0005593,MSCN,Missed Scan,Process,Medium,Closed,2025-03-11 13:09:02,2025-03-11 19:46:54,58,Operations,Expected scan was not captured on time.
SHP0005594,ADDR,Address Issue,Address,Medium,Open,2025-01-03 18:13:34,,457,Customer,Delivery address requires correction or validation.
SHP0005595,MSCN,Missed Scan,Process,Medium,Closed,2025-08-17 14:05:01,2025-08-18 02:40:54,134,Operations,Expected scan was not captured on time.
SHP0005597,WX,Weather Delay,Weather,High,Closed,2025-03-05 00:37:02,2025-03-05 19:35:32,1076,Carrier,Shipment delayed because of weather conditions.
SHP0005607,WX,Weather Delay,Weather,High,Closed,2025-07-25 21:34:44,2025-07-27 14:28:13,1658,Carrier,Shipment delayed because of weather conditions.
SHP0005609,WX,Weather Delay,Weather,High,Closed,2025-02-16 18:18:54,2025-02-17 20:30:59,1146,Carrier,Shipment delayed because of weather conditions.
SHP0005610,ADDR,Address Issue,Address,Medium,Closed,2025-05-11 16:29:27,2025-05-12 03:08:46,407,Customer,Delivery address requires correction or validation.
SHP0005613,WX,Weather Delay,Weather,High,Closed,2025-09-28 20:56:36,2025-09-29 13:03:33,578,Carrier,Shipment delayed because of weather conditions.
SHP0005614,WX,Weather Delay,Weather,High,Closed,2025-04-24 05:47:07,2025-04-24 17:18:25,461,Carrier,Shipment delayed because of weather conditions.
SHP0005618,WX,Weather Delay,Weather,High,Closed,2025-03-12 14:56:38,2025-03-14 02:51:42,1376,Carrier,Shipment delayed because of weather conditions.
SHP0005619,MSCN,Missed Scan,Process,Medium,Closed,2025-06-20 12:28:57,2025-06-21 04:10:52,226,Operations,Expected scan was not captured on time.
SHP0005624,CAP,Capacity Constraint,Capacity,Medium,Closed,2025-02-20 21:54:19,2025-02-21 05:37:23,454,Carrier,Shipment delayed due to available trailer or dock capacity.
SHP0005625,WX,Weather Delay,Weather,High,Closed,2025-06-17 03:09:32,2025-06-17 19:55:54,688,Carrier,Shipment delayed because of weather conditions.
SHP0005627,MSCN,Missed Scan,Process,Medium,Closed,2025-03-23 06:14:38,2025-03-23 13:42:52,120,Operations,Expected scan was not captured on time.
SHP0005631,ADDR,Address Issue,Address,Medium,Closed,2025-01-19 18:44:16,2025-01-20 21:22:38,1126,Customer,Delivery address requires correction or validation.
SHP0005633,DAMG,Damaged Shipment,Damage,High,Closed,2025-03-10 13:48:48,2025-03-12 06:59:57,2226,Carrier,Shipment flagged for damage inspection.
SHP0005634,DAMG,Damaged Shipment,Damage,High,Closed,2025-01-16 19:26:26,2025-01-18 20:51:27,2503,Carrier,Shipment flagged for damage inspection.
SHP0005635,CAP,Capacity Constraint,Capacity,Medium,Closed,2025-09-23 17:34:55,2025-09-24 03:29:21,392,Carrier,Shipment delayed due to available trailer or dock capacity.
SHP0005637,WX,Weather Delay,Weather,High,Closed,2025-01-26 01:29:27,2025-01-27 00:13:54,680,Carrier,Shipment delayed because of weather conditions.
SHP0005638,DAMG,Damaged Shipment,Damage,High,Closed,2025-07-07 12:18:11,2025-07-08 13:23:55,1190,Carrier,Shipment flagged for damage inspection.
SHP0005639,DAMG,Damaged Shipment,Damage,High,Closed,2025-09-20 23:05:15,2025-09-22 23:33:21,2878,Carrier,Shipment flagged for damage inspection.
SHP0005640,WX,Weather Delay,Weather,High,Closed,2025-06-12 06:40:41,2025-06-12 21:19:40,512,Carrier,Shipment delayed because of weather conditions.
SHP0005643,WX,Weather Delay,Weather,High,Closed,2025-06-22 12:45:50,2025-06-22 22:01:29,393,Carrier,Shipment delayed because of weather conditions.
SHP0005646,MECH,Equipment Failure,Mechanical,High,Closed,2025-07-11 13:43:23,2025-07-12 00:30:11,376,Carrier,Equipment failure caused an operational delay.
SHP0005650,MSCN,Missed Scan,Process,Medium,Closed,2025-06-28 03:56:38,2025-06-28 14:04:53,51,Operations,Expected scan was not captured on time.
SHP0005654,DAMG,Damaged Shipment,Damage,High,Open,2025-04-30 22:10:58,,533,Carrier,Shipment flagged for damage inspection.
SHP0005657,ADDR,Address Issue,Address,Medium,Closed,2025-04-19 00:58:17,2025-04-19 20:43:14,570,Customer,Delivery address requires correction or validation.
SHP0005660,MSCN,Missed Scan,Process,Medium,Closed,2025-05-26 04:20:25,2025-05-26 22:58:01,507,Operations,Expected scan was not captured on time.
SHP0005661,WX,Weather Delay,Weather,High,Closed,2025-08-08 19:13:21,2025-08-09 16:48:14,1225,Carrier,Shipment delayed because of weather conditions.
SHP0005664,ADDR,Address Issue,Address,Medium,Closed,2025-02-17 19:23:15,2025-02-18 03:59:41,517,Customer,Delivery address requires correction or validation.
SHP0005665,MECH,Equipment Failure,Mechanical,High,Closed,2025-08-05 10:45:00,2025-08-06 09:35:41,875,Carrier,Equipment failure caused an operational delay.
SHP0005666,MSCN,Missed Scan,Process,Medium,Closed,2025-07-12 20:50:05,2025-07-13 04:55:30,292,Operations,Expected scan was not captured on time.
SHP0005667,WX,Weather Delay,Weather,High,Closed,2025-05-23 01:54:40,2025-05-23 23:35:15,595,Carrier,Shipment delayed because of weather conditions.
SHP0005669,WX,Weather Delay,Weather,High,Closed,2025-02-13 08:31:05,2025-02-15 00:44:00,1563,Carrier,Shipment delayed because of weather conditions.
SHP0005670,WX,Weather Delay,Weather,High,Closed,2025-02-05 22:41:01,2025-02-06 06:33:42,243,Carrier,Shipment delayed because of weather conditions.
SHP0005675,DAMG,Damaged Shipment,Damage,High,Closed,2025-06-04 16:42:06,2025-06-05 14:40:32,1006,Carrier,Shipment flagged for damage inspection.
SHP0005676,WX,Weather Delay,Weather,High,Closed,2025-07-05 06:43:05,2025-07-06 04:50:12,673,Carrier,Shipment delayed because of weather conditions.
SHP0005678,WX,Weather Delay,Weather,High,Closed,2025-07-05 20:21:20,2025-07-07 08:47:28,1588,Carrier,Shipment delayed because of weather conditions.
SHP0005681,DAMG,Damaged Shipment,Damage,High,Open,2025-05-25 01:30:27,,2452,Carrier,Shipment flagged for damage inspection.
SHP0005684,ADDR,Address Issue,Address,Medium,Closed,2025-05-19 12:33:48,2025-05-20 05:05:00,715,Customer,Delivery address requires correction or validation.
SHP0005687,DAMG,Damaged Shipment,Damage,High,Closed,2025-06-12 23:00:08,2025-06-14 11:13:14,2166,Carrier,Shipment flagged for damage inspection.
SHP0005691,MSCN,Missed Scan,Process,Medium,Closed,2025-06-20 19:38:33,2025-06-21 00:21:25,69,Operations,Expected scan was not captured on time.
SHP0005692,ADDR,Address Issue,Address,Medium,Closed,2025-07-16 01:31:41,2025-07-16 09:41:39,388,Customer,Delivery address requires correction or validation.
SHP0005693,MECH,Equipment Failure,Mechanical,High,Closed,2025-02-07 06:30:11,2025-02-08 06:15:03,629,Carrier,Equipment failure caused an operational delay.
SHP0005695,CAP,Capacity Constraint,Capacity,Medium,Closed,2025-01-12 20:58:57,2025-01-13 05:40:23,487,Carrier,Shipment delayed due to available trailer or dock capacity.
SHP0005696,MSCN,Missed Scan,Process,Medium,Closed,2025-08-10 11:14:54,2025-08-11 03:57:40,379,Operations,Expected scan was not captured on time.
SHP0005699,CAP,Capacity Constraint,Capacity,Medium,Closed,2025-04-04 10:50:50,2025-04-05 12:29:22,693,Carrier,Shipment delayed due to available trailer or dock capacity.
SHP0005700,ADDR,Address Issue,Address,Medium,Closed,2025-04-12 09:08:41,2025-04-13 00:19:50,619,Customer,Delivery address requires correction or validation.
SHP0005702,WX,Weather Delay,Weather,High,Closed,2025-01-12 04:30:33,2025-01-13 04:59:38,938,Carrier,Shipment delayed because of weather conditions.
SHP0005705,MSCN,Missed Scan,Process,Medium,Open,2025-03-15 07:23:21,,254,Operations,Expected scan was not captured on time.
SHP0005711,DAMG,Damaged Shipment,Damage,High,Closed,2025-01-17 20:09:26,2025-01-19 01:37:57,1145,Carrier,Shipment flagged for damage inspection.
SHP0005715,WX,Weather Delay,Weather,High,Closed,2025-07-30 14:41:40,2025-07-31 21:10:44,1259,Carrier,Shipment delayed because of weather conditions.
SHP0005716,WX,Weather Delay,Weather,High,Closed,2025-04-05 18:23:46,2025-04-06 17:00:46,868,Carrier,Shipment delayed because of weather conditions.
SHP0005717,ADDR,Address Issue,Address,Medium,Closed,2025-08-21 20:19:54,2025-08-22 01:56:51,287,Customer,Delivery address requires correction or validation.
SHP0005718,MSCN,Missed Scan,Process,Medium,Closed,2025-05-19 04:49:34,2025-05-19 14:21:22,174,Operations,Expected scan was not captured on time.
SHP0005719,DAMG,Damaged Shipment,Damage,High,Closed,2025-07-11 03:41:54,2025-07-12 17:23:42,1920,Carrier,Shipment flagged for damage inspection.
SHP0005723,CAP,Capacity Constraint,Capacity,Medium,Closed,2025-07-10 07:43:27,2025-07-10 14:57:54,345,Carrier,Shipment delayed due to available trailer or dock capacity.
SHP0005726,ADDR,Address Issue,Address,Medium,Closed,2025-08-27 07:13:52,2025-08-27 23:27:04,459,Customer,Delivery address requires correction or validation.
SHP0005728,ADDR,Address Issue,Address,Medium,Closed,2025-07-04 15:26:02,2025-07-05 04:08:40,482,Customer,Delivery address requires correction or validation.
SHP0005730,DAMG,Damaged Shipment,Damage,High,Closed,2025-02-05 04:07:19,2025-02-06 04:14:50,945,Carrier,Shipment flagged for damage inspection.
SHP0005732,ADDR,Address Issue,Address,Medium,Closed,2025-06-17 11:56:45,2025-06-18 18:48:31,1025,Customer,Delivery address requires correction or validation.
SHP0005733,ADDR,Address Issue,Address,Medium,Closed,2025-08-12 11:34:09,2025-08-12 17:29:59,157,Customer,Delivery address requires correction or validation.
SHP0005734,MSCN,Missed Scan,Process,Medium,Closed,2025-06-13 21:08:31,2025-06-14 00:22:20,87,Operations,Expected scan was not captured on time.
SHP0005735,MSCN,Missed Scan,Process,Medium,Closed,2025-02-15 23:40:00,2025-02-16 06:31:34,220,Operations,Expected scan was not captured on time.
SHP0005736,DAMG,Damaged Shipment,Damage,High,Closed,2025-02-17 22:50:47,2025-02-18 16:44:24,763,Carrier,Shipment flagged for damage inspection.
SHP0005737,ADDR,Address Issue,Address,Medium,Closed,2025-05-11 06:06:38,2025-05-12 14:21:54,1324,Customer,Delivery address requires correction or validation.
SHP0005739,WX,Weather Delay,Weather,High,Closed,2025-09-13 07:38:05,2025-09-13 15:25:46,293,Carrier,Shipment delayed because of weather conditions.
SHP0005741,MSCN,Missed Scan,Process,Medium,Closed,2025-03-03 22:38:38,2025-03-04 07:25:41,148,Operations,Expected scan was not captured on time.
SHP0005742,DAMG,Damaged Shipment,Damage,High,Closed,2025-08-04 14:13:16,2025-08-05 20:52:01,1645,Carrier,Shipment flagged for damage inspection.
SHP0005747,ADDR,Address Issue,Address,Medium,Closed,2025-04-01 17:23:47,2025-04-02 04:01:12,445,Customer,Delivery address requires correction or validation.
SHP0005748,WX,Weather Delay,Weather,High,Closed,2025-01-17 12:53:01,2025-01-18 12:21:57,1220,Carrier,Shipment delayed because of weather conditions.
SHP0005752,WX,Weather Delay,Weather,High,Closed,2025-05-04 15:44:12,2025-05-05 21:14:21,1451,Carrier,Shipment delayed because of weather conditions.
SHP0005754,ADDR,Address Issue,Address,Medium,Closed,2025-01-06 20:30:41,2025-01-07 13:30:30,1032,Customer,Delivery address requires correction or validation.
SHP0005758,DAMG,Damaged Shipment,Damage,High,Closed,2025-04-26 14:46:14,2025-04-27 04:36:32,905,Carrier,Shipment flagged for damage inspection.
SHP0005759,ADDR,Address Issue,Address,Medium,Closed,2025-01-27 14:22:18,2025-01-28 01:59:24,133,Customer,Delivery address requires correction or validation.
SHP0005762,MSCN,Missed Scan,Process,Medium,Closed,2025-02-18 10:57:13,2025-02-18 18:34:37,109,Operations,Expected scan was not captured on time.
SHP0005769,CAP,Capacity Constraint,Capacity,Medium,Closed,2025-02-23 06:24:54,2025-02-23 14:02:45,310,Carrier,Shipment delayed due to available trailer or dock capacity.
SHP0005770,WX,Weather Delay,Weather,High,Closed,2025-03-04 13:56:05,2025-03-05 15:22:33,1082,Carrier,Shipment delayed because of weather conditions.
SHP0005771,ADDR,Address Issue,Address,Medium,Closed,2025-01-10 23:26:38,2025-01-12 03:35:45,1094,Customer,Delivery address requires correction or validation.
SHP0005772,ADDR,Address Issue,Address,Medium,Closed,2025-05-09 14:59:51,2025-05-10 12:44:13,923,Customer,Delivery address requires correction or validation.
SHP0005774,WX,Weather Delay,Weather,High,Open,2025-09-29 20:30:28,,826,Carrier,Shipment delayed because of weather conditions.
SHP0005780,WX,Weather Delay,Weather,High,Closed,2025-05-09 07:10:07,2025-05-10 00:10:19,1066,Carrier,Shipment delayed because of weather conditions.
SHP0005782,CAP,Capacity Constraint,Capacity,Medium,Closed,2025-07-14 14:21:50,2025-07-15 10:34:28,594,Carrier,Shipment delayed due to available trailer or dock capacity.
SHP0005784,DAMG,Damaged Shipment,Damage,High,Open,2025-02-08 21:49:06,,1233,Carrier,Shipment flagged for damage inspection.
SHP0005785,CAP,Capacity Constraint,Capacity,Medium,Closed,2025-01-19 15:04:44,2025-01-19 23:48:56,116,Carrier,Shipment delayed due to available trailer or dock capacity.
SHP0005787,ADDR,Address Issue,Address,Medium,Closed,2025-07-26 18:11:48,2025-07-27 10:25:35,804,Customer,Delivery address requires correction or validation.
SHP0005788,WX,Weather Delay,Weather,High,Closed,2025-08-24 19:30:58,2025-08-25 10:38:24,280,Carrier,Shipment delayed because of weather conditions.
SHP0005789,MECH,Equipment Failure,Mechanical,High,Closed,2025-04-18 05:08:47,2025-04-18 17:27:37,1182,Carrier,Equipment failure caused an operational delay.
SHP0005790,MSCN,Missed Scan,Process,Medium,Closed,2025-09-24 15:01:28,2025-09-25 08:24:56,518,Operations,Expected scan was not captured on time.
SHP0005792,MSCN,Missed Scan,Process,Medium,Closed,2025-01-04 23:58:01,2025-01-05 14:43:59,338,Operations,Expected scan was not captured on time.
SHP0005793,WX,Weather Delay,Weather,High,Closed,2025-07-12 02:37:14,2025-07-13 05:56:34,1345,Carrier,Shipment delayed because of weather conditions.
SHP0005795,ADDR,Address Issue,Address,Medium,Closed,2025-02-18 02:49:20,2025-02-18 11:38:29,574,Customer,Delivery address requires correction or validation.
SHP0005800,WX,Weather Delay,Weather,High,Closed,2025-03-28 18:33:55,2025-03-29 01:25:47,578,Carrier,Shipment delayed because of weather conditions.
SHP0005801,WX,Weather Delay,Weather,High,Closed,2025-04-08 09:12:29,2025-04-09 18:57:44,1211,Carrier,Shipment delayed because of weather conditions.
SHP0005806,MECH,Equipment Failure,Mechanical,High,Closed,2025-06-27 11:52:08,2025-06-28 06:13:09,536,Carrier,Equipment failure caused an operational delay.
SHP0005815,WX,Weather Delay,Weather,High,Closed,2025-02-26 00:06:27,2025-02-26 10:13:21,340,Carrier,Shipment delayed because of weather conditions.
SHP0005817,ADDR,Address Issue,Address,Medium,Closed,2025-02-20 02:55:33,2025-02-20 14:39:10,565,Customer,Delivery address requires correction or validation.
SHP0005820,CAP,Capacity Constraint,Capacity,Medium,Open,2025-08-31 10:42:55,,366,Carrier,Shipment delayed due to available trailer or dock capacity.
SHP0005821,CAP,Capacity Constraint,Capacity,Medium,Closed,2025-03-18 20:40:14,2025-03-19 03:10:51,863,Carrier,Shipment delayed due to available trailer or dock capacity.
SHP0005841,WX,Weather Delay,Weather,High,Closed,2025-07-21 01:01:57,2025-07-22 01:41:29,850,Carrier,Shipment delayed because of weather conditions.
SHP0005842,ADDR,Address Issue,Address,Medium,Closed,2025-08-13 18:23:56,2025-08-14 09:26:38,625,Customer,Delivery address requires correction or validation.
SHP0005843,MECH,Equipment Failure,Mechanical,High,Closed,2025-04-09 21:56:16,2025-04-10 22:00:40,633,Carrier,Equipment failure caused an operational delay.
SHP0005847,WX,Weather Delay,Weather,High,Closed,2025-05-09 21:35:17,2025-05-10 19:46:05,504,Carrier,Shipment delayed because of weather conditions.
SHP0005849,MECH,Equipment Failure,Mechanical,High,Closed,2025-06-20 08:55:30,2025-06-21 05:17:15,729,Carrier,Equipment failure caused an operational delay.
SHP0005851,MECH,Equipment Failure,Mechanical,High,Closed,2025-04-05 04:39:08,2025-04-05 19:36:52,918,Carrier,Equipment failure caused an operational delay.
SHP0005852,WX,Weather Delay,Weather,High,Closed,2025-01-05 19:38:26,2025-01-06 21:29:22,998,Carrier,Shipment delayed because of weather conditions.
SHP0005853,ADDR,Address Issue,Address,Medium,Closed,2025-06-14 06:01:18,2025-06-15 07:07:13,1224,Customer,Delivery address requires correction or validation.
SHP0005856,MSCN,Missed Scan,Process,Medium,Closed,2025-06-21 02:45:56,2025-06-21 19:59:14,452,Operations,Expected scan was not captured on time.
SHP0005859,WX,Weather Delay,Weather,High,Closed,2025-04-22 12:34:23,2025-04-23 09:30:24,433,Carrier,Shipment delayed because of weather conditions.
SHP0005860,WX,Weather Delay,Weather,High,Closed,2025-05-29 07:16:16,2025-05-30 09:03:31,902,Carrier,Shipment delayed because of weather conditions.
SHP0005861,DAMG,Damaged Shipment,Damage,High,Closed,2025-05-18 09:23:52,2025-05-19 19:24:29,1270,Carrier,Shipment flagged for damage inspection.
SHP0005862,ADDR,Address Issue,Address,Medium,Closed,2025-07-26 22:54:14,2025-07-27 15:06:08,896,Customer,Delivery address requires correction or validation.
SHP0005869,WX,Weather Delay,Weather,High,Closed,2025-08-03 19:31:29,2025-08-05 05:54:25,1403,Carrier,Shipment delayed because of weather conditions.
SHP0005882,ADDR,Address Issue,Address,Medium,Closed,2025-07-15 20:46:57,2025-07-16 16:38:25,402,Customer,Delivery address requires correction or validation.
SHP0005883,MECH,Equipment Failure,Mechanical,High,Closed,2025-02-17 06:02:39,2025-02-17 19:45:20,562,Carrier,Equipment failure caused an operational delay.
SHP0005885,ADDR,Address Issue,Address,Medium,Closed,2025-06-11 04:41:48,2025-06-11 22:33:50,516,Customer,Delivery address requires correction or validation.
SHP0005886,ADDR,Address Issue,Address,Medium,Open,2025-07-25 13:06:00,,866,Customer,Delivery address requires correction or validation.
SHP0005889,MSCN,Missed Scan,Process,Medium,Closed,2025-02-04 01:15:43,2025-02-04 15:23:28,394,Operations,Expected scan was not captured on time.
SHP0005895,ADDR,Address Issue,Address,Medium,Closed,2025-02-06 09:14:04,2025-02-07 19:53:37,1379,Customer,Delivery address requires correction or validation.
SHP0005896,WX,Weather Delay,Weather,High,Closed,2025-01-18 12:21:37,2025-01-19 01:40:50,704,Carrier,Shipment delayed because of weather conditions.
SHP0005901,WX,Weather Delay,Weather,High,Closed,2025-09-24 18:15:59,2025-09-25 11:38:26,787,Carrier,Shipment delayed because of weather conditions.
SHP0005904,WX,Weather Delay,Weather,High,Closed,2025-02-07 13:29:59,2025-02-08 05:14:55,396,Carrier,Shipment delayed because of weather conditions.
SHP0005906,ADDR,Address Issue,Address,Medium,Closed,2025-01-25 16:47:44,2025-01-26 14:44:14,898,Customer,Delivery address requires correction or validation.
SHP0005909,ADDR,Address Issue,Address,Medium,Closed,2025-01-21 03:02:37,2025-01-21 14:01:52,359,Customer,Delivery address requires correction or validation.
SHP0005911,CAP,Capacity Constraint,Capacity,Medium,Closed,2025-02-05 01:52:35,2025-02-05 10:52:53,301,Carrier,Shipment delayed due to available trailer or dock capacity.
SHP0005912,WX,Weather Delay,Weather,High,Closed,2025-05-31 18:56:57,2025-06-01 18:34:55,825,Carrier,Shipment delayed because of weather conditions.
SHP0005920,ADDR,Address Issue,Address,Medium,Closed,2025-05-10 23:31:57,2025-05-12 09:31:46,1351,Customer,Delivery address requires correction or validation.
SHP0005924,WX,Weather Delay,Weather,High,Closed,2025-05-27 01:50:14,2025-05-27 18:28:05,596,Carrier,Shipment delayed because of weather conditions.
SHP0005927,WX,Weather Delay,Weather,High,Closed,2025-06-14 00:24:59,2025-06-15 01:11:21,1154,Carrier,Shipment delayed because of weather conditions.
SHP0005929,ADDR,Address Issue,Address,Medium,Closed,2025-03-26 02:21:38,2025-03-27 04:36:19,1272,Customer,Delivery address requires correction or validation.
SHP0005931,MSCN,Missed Scan,Process,Medium,Closed,2025-03-27 14:18:53,2025-03-28 01:04:57,534,Operations,Expected scan was not captured on time.
SHP0005933,ADDR,Address Issue,Address,Medium,Closed,2025-01-30 18:29:00,2025-01-31 12:11:02,998,Customer,Delivery address requires correction or validation.
SHP0005936,WX,Weather Delay,Weather,High,Open,2025-01-26 07:14:23,,1186,Carrier,Shipment delayed because of weather conditions.
SHP0005937,WX,Weather Delay,Weather,High,Closed,2025-09-27 08:01:00,2025-09-28 00:24:38,543,Carrier,Shipment delayed because of weather conditions.
SHP0005940,MSCN,Missed Scan,Process,Medium,Closed,2025-06-15 16:10:35,2025-06-16 02:07:06,40,Operations,Expected scan was not captured on time.
SHP0005941,MECH,Equipment Failure,Mechanical,High,Closed,2025-06-09 07:45:53,2025-06-09 19:02:07,712,Carrier,Equipment failure caused an operational delay.
SHP0005942,WX,Weather Delay,Weather,High,Closed,2025-08-25 10:41:25,2025-08-26 16:34:06,1057,Carrier,Shipment delayed because of weather conditions.
SHP0005945,DAMG,Damaged Shipment,Damage,High,Closed,2025-06-07 16:01:07,2025-06-08 18:21:35,1416,Carrier,Shipment flagged for damage inspection.
SHP0005946,MSCN,Missed Scan,Process,Medium,Closed,2025-03-30 18:31:09,2025-03-31 08:29:07,376,Operations,Expected scan was not captured on time.
SHP0005948,MECH,Equipment Failure,Mechanical,High,Open,2025-04-02 10:10:10,,996,Carrier,Equipment failure caused an operational delay.
SHP0005949,ADDR,Address Issue,Address,Medium,Closed,2025-02-13 03:40:22,2025-02-14 01:32:06,990,Customer,Delivery address requires correction or validation.
SHP0005954,MECH,Equipment Failure,Mechanical,High,Closed,2025-06-10 17:43:39,2025-06-11 13:41:50,339,Carrier,Equipment failure caused an operational delay.
SHP0005960,DAMG,Damaged Shipment,Damage,High,Closed,2025-06-24 10:01:11,2025-06-25 11:43:46,959,Carrier,Shipment flagged for damage inspection.
SHP0005970,MECH,Equipment Failure,Mechanical,High,Closed,2025-06-06 11:17:35,2025-06-07 00:56:42,784,Carrier,Equipment failure caused an operational delay.
SHP0005972,WX,Weather Delay,Weather,High,Closed,2025-08-18 22:58:42,2025-08-19 21:59:31,1090,Carrier,Shipment delayed because of weather conditions.
SHP0005973,ADDR,Address Issue,Address,Medium,Closed,2025-01-24 15:03:06,2025-01-25 23:29:01,1302,Customer,Delivery address requires correction or validation.
SHP0005974,WX,Weather Delay,Weather,High,Closed,2025-08-19 19:10:01,2025-08-21 00:08:30,1033,Carrier,Shipment delayed because of weather conditions.
SHP0005985,ADDR,Address Issue,Address,Medium,Closed,2025-05-10 23:52:10,2025-05-12 00:13:41,1051,Customer,Delivery address requires correction or validation.
SHP0005988,DAMG,Damaged Shipment,Damage,High,Closed,2025-01-25 08:52:11,2025-01-26 20:09:48,1522,Carrier,Shipment flagged for damage inspection.
SHP0005991,MSCN,Missed Scan,Process,Medium,Closed,2025-08-26 06:38:30,2025-08-26 15:21:11,371,Operations,Expected scan was not captured on time.
SHP0005992,DAMG,Damaged Shipment,Damage,High,Closed,2025-05-02 03:02:11,2025-05-04 03:16:10,2549,Carrier,Shipment flagged for damage inspection.
SHP0005995,DAMG,Damaged Shipment,Damage,High,Closed,2025-07-25 19:00:22,2025-07-28 06:26:31,2679,Carrier,Shipment flagged for damage inspection.
SHP0005998,CAP,Capacity Constraint,Capacity,Medium,Closed,2025-04-18 04:02:20,2025-04-18 12:52:50,432,Carrier,Shipment delayed due to available trailer or dock capacity.
SHP0005999,DAMG,Damaged Shipment,Damage,High,Closed,2025-09-17 03:49:00,2025-09-19 04:03:21,2438,Carrier,Shipment flagged for damage inspection.
SHP0006000,MSCN,Missed Scan,Process,Medium,Closed,2025-08-18 23:13:44,2025-08-19 11:24:02,167,Operations,Expected scan was not captured on time.
SHP0006001,DAMG,Damaged Shipment,Damage,High,Closed,2025-02-02 06:12:59,2025-02-03 19:46:04,1873,Carrier,Shipment flagged for damage inspection.
SHP0006005,MSCN,Missed Scan,Process,Medium,Closed,2025-05-19 08:46:50,2025-05-20 05:33:00,499,Operations,Expected scan was not captured on time.
SHP0006006,DAMG,Damaged Shipment,Damage,High,Closed,2025-09-11 11:46:31,2025-09-12 03:42:37,796,Carrier,Shipment flagged for damage inspection.
SHP0006011,DAMG,Damaged Shipment,Damage,High,Closed,2025-08-05 19:02:14,2025-08-06 17:43:28,1376,Carrier,Shipment flagged for damage inspection.
SHP0006016,DAMG,Damaged Shipment,Damage,High,Closed,2025-04-23 17:05:10,2025-04-25 21:36:10,2558,Carrier,Shipment flagged for damage inspection.
SHP0006020,CAP,Capacity Constraint,Capacity,Medium,Closed,2025-05-15 03:17:50,2025-05-15 15:15:13,443,Carrier,Shipment delayed due to available trailer or dock capacity.
SHP0006021,CAP,Capacity Constraint,Capacity,Medium,Closed,2025-06-06 04:42:11,2025-06-06 10:22:01,94,Carrier,Shipment delayed due to available trailer or dock capacity.
SHP0006024,MSCN,Missed Scan,Process,Medium,Closed,2025-05-05 23:13:24,2025-05-06 10:54:58,55,Operations,Expected scan was not captured on time.
SHP0006025,DAMG,Damaged Shipment,Damage,High,Closed,2025-06-30 20:46:51,2025-07-02 21:30:31,2625,Carrier,Shipment flagged for damage inspection.
SHP0006026,ADDR,Address Issue,Address,Medium,Open,2025-02-02 16:57:48,,1294,Customer,Delivery address requires correction or validation.
SHP0006029,WX,Weather Delay,Weather,High,Closed,2025-02-04 13:37:24,2025-02-05 15:23:40,1100,Carrier,Shipment delayed because of weather conditions.
SHP0006032,WX,Weather Delay,Weather,High,Closed,2025-08-31 03:36:21,2025-09-01 10:33:34,1612,Carrier,Shipment delayed because of weather conditions.
SHP0006033,ADDR,Address Issue,Address,Medium,Closed,2025-05-31 03:52:40,2025-05-31 17:35:14,727,Customer,Delivery address requires correction or validation.
SHP0006037,DAMG,Damaged Shipment,Damage,High,Closed,2025-03-18 23:51:01,2025-03-19 16:31:13,579,Carrier,Shipment flagged for damage inspection.
SHP0006038,ADDR,Address Issue,Address,Medium,Closed,2025-08-27 07:11:29,2025-08-28 00:02:01,647,Customer,Delivery address requires correction or validation.
SHP0006050,ADDR,Address Issue,Address,Medium,Closed,2025-09-24 02:38:08,2025-09-25 00:45:41,1325,Customer,Delivery address requires correction or validation.
SHP0006053,WX,Weather Delay,Weather,High,Closed,2025-03-07 09:53:50,2025-03-08 08:20:34,473,Carrier,Shipment delayed because of weather conditions.
SHP0006054,ADDR,Address Issue,Address,Medium,Closed,2025-03-26 09:36:38,2025-03-27 12:05:05,968,Customer,Delivery address requires correction or validation.
SHP0006056,CAP,Capacity Constraint,Capacity,Medium,Closed,2025-09-08 02:19:02,2025-09-08 06:50:40,363,Carrier,Shipment delayed due to available trailer or dock capacity.
SHP0006059,DAMG,Damaged Shipment,Damage,High,Closed,2025-07-08 12:33:17,2025-07-09 21:39:38,1607,Carrier,Shipment flagged for damage inspection.
SHP0006061,MSCN,Missed Scan,Process,Medium,Closed,2025-06-05 23:52:49,2025-06-06 09:40:05,42,Operations,Expected scan was not captured on time.
SHP0006064,WX,Weather Delay,Weather,High,Open,2025-03-17 04:20:17,,496,Carrier,Shipment delayed because of weather conditions.
SHP0006066,WX,Weather Delay,Weather,High,Closed,2025-09-14 13:44:30,2025-09-15 09:51:30,829,Carrier,Shipment delayed because of weather conditions.
SHP0006069,CAP,Capacity Constraint,Capacity,Medium,Closed,2025-05-10 10:32:40,2025-05-11 03:13:35,607,Carrier,Shipment delayed due to available trailer or dock capacity.
SHP0006070,DAMG,Damaged Shipment,Damage,High,Closed,2025-01-05 20:23:25,2025-01-07 03:38:05,1654,Carrier,Shipment flagged for damage inspection.
SHP0006071,MECH,Equipment Failure,Mechanical,High,Open,2025-02-26 01:55:18,,1270,Carrier,Equipment failure caused an operational delay.
SHP0006072,ADDR,Address Issue,Address,Medium,Closed,2025-08-22 07:13:09,2025-08-23 14:11:55,1343,Customer,Delivery address requires correction or validation.
SHP0006075,ADDR,Address Issue,Address,Medium,Closed,2025-08-29 01:09:15,2025-08-30 08:31:10,1245,Customer,Delivery address requires correction or validation.
SHP0006076,ADDR,Address Issue,Address,Medium,Closed,2025-04-25 00:39:57,2025-04-26 05:40:16,983,Customer,Delivery address requires correction or validation.
SHP0006090,DAMG,Damaged Shipment,Damage,High,Closed,2025-04-29 17:59:34,2025-05-01 15:36:39,2246,Carrier,Shipment flagged for damage inspection.
SHP0006097,ADDR,Address Issue,Address,Medium,Closed,2025-04-30 00:38:42,2025-04-30 13:08:21,648,Customer,Delivery address requires correction or validation.
SHP0006100,WX,Weather Delay,Weather,High,Closed,2025-09-12 02:39:14,2025-09-12 19:15:56,550,Carrier,Shipment delayed because of weather conditions.
SHP0006104,WX,Weather Delay,Weather,High,Closed,2025-03-20 00:04:36,2025-03-20 18:23:31,565,Carrier,Shipment delayed because of weather conditions.
SHP0006111,CAP,Capacity Constraint,Capacity,Medium,Closed,2025-04-11 16:39:32,2025-04-11 21:01:53,162,Carrier,Shipment delayed due to available trailer or dock capacity.
SHP0006112,WX,Weather Delay,Weather,High,Closed,2025-05-06 04:18:14,2025-05-07 14:52:34,1424,Carrier,Shipment delayed because of weather conditions.
SHP0006114,MSCN,Missed Scan,Process,Medium,Closed,2025-04-14 02:35:19,2025-04-14 11:20:02,370,Operations,Expected scan was not captured on time.
SHP0006120,MECH,Equipment Failure,Mechanical,High,Closed,2025-03-28 15:36:17,2025-03-29 11:01:56,923,Carrier,Equipment failure caused an operational delay.
SHP0006124,DAMG,Damaged Shipment,Damage,High,Closed,2025-05-29 13:46:17,2025-05-30 02:54:04,646,Carrier,Shipment flagged for damage inspection.
SHP0006126,ADDR,Address Issue,Address,Medium,Closed,2025-01-20 09:36:50,2025-01-20 22:41:18,547,Customer,Delivery address requires correction or validation.
SHP0006128,MSCN,Missed Scan,Process,Medium,Open,2025-07-17 14:29:26,,286,Operations,Expected scan was not captured on time.
SHP0006131,ADDR,Address Issue,Address,Medium,Closed,2025-05-02 22:23:34,2025-05-03 13:20:22,659,Customer,Delivery address requires correction or validation.
SHP0006135,WX,Weather Delay,Weather,High,Closed,2025-08-25 16:38:15,2025-08-26 11:12:05,981,Carrier,Shipment delayed because of weather conditions.
SHP0006139,MSCN,Missed Scan,Process,Medium,Closed,2025-06-01 08:14:07,2025-06-01 17:17:29,446,Operations,Expected scan was not captured on time.
SHP0006142,CAP,Capacity Constraint,Capacity,Medium,Closed,2025-02-02 18:48:27,2025-02-03 09:00:35,489,Carrier,Shipment delayed due to available trailer or dock capacity.
SHP0006144,CAP,Capacity Constraint,Capacity,Medium,Closed,2025-02-06 19:53:32,2025-02-07 16:31:43,681,Carrier,Shipment delayed due to available trailer or dock capacity.
SHP0006145,WX,Weather Delay,Weather,High,Closed,2025-08-04 12:14:49,2025-08-05 08:55:49,836,Carrier,Shipment delayed because of weather conditions.
SHP0006147,MSCN,Missed Scan,Process,Medium,Closed,2025-01-28 12:07:05,2025-01-28 20:53:42,333,Operations,Expected scan was not captured on time.
SHP0006149,ADDR,Address Issue,Address,Medium,Closed,2025-05-03 21:11:05,2025-05-04 12:55:33,1196,Customer,Delivery address requires correction or validation.
SHP0006153,MSCN,Missed Scan,Process,Medium,Closed,2025-07-21 07:12:29,2025-07-21 19:28:03,510,Operations,Expected scan was not captured on time.
SHP0006157,MSCN,Missed Scan,Process,Medium,Closed,2025-09-19 03:52:05,2025-09-19 04:18:02,42,Operations,Expected scan was not captured on time.
SHP0006158,ADDR,Address Issue,Address,Medium,Closed,2025-08-07 10:58:41,2025-08-08 06:10:28,1023,Customer,Delivery address requires correction or validation.
SHP0006160,WX,Weather Delay,Weather,High,Closed,2025-01-07 12:13:26,2025-01-08 21:03:49,1677,Carrier,Shipment delayed because of weather conditions.
SHP0006162,MECH,Equipment Failure,Mechanical,High,Closed,2025-08-07 12:23:08,2025-08-08 10:56:01,677,Carrier,Equipment failure caused an operational delay.
SHP0006163,CAP,Capacity Constraint,Capacity,Medium,Open,2025-06-29 08:05:51,,729,Carrier,Shipment delayed due to available trailer or dock capacity.
SHP0006164,WX,Weather Delay,Weather,High,Closed,2025-02-04 17:33:51,2025-02-05 17:42:44,1283,Carrier,Shipment delayed because of weather conditions.
SHP0006165,WX,Weather Delay,Weather,High,Closed,2025-03-30 12:17:36,2025-03-31 01:02:58,262,Carrier,Shipment delayed because of weather conditions.
SHP0006167,CAP,Capacity Constraint,Capacity,Medium,Closed,2025-06-09 11:21:21,2025-06-09 22:24:29,532,Carrier,Shipment delayed due to available trailer or dock capacity.
SHP0006171,CAP,Capacity Constraint,Capacity,Medium,Closed,2025-08-01 11:14:21,2025-08-02 09:51:30,932,Carrier,Shipment delayed due to available trailer or dock capacity.
SHP0006173,CAP,Capacity Constraint,Capacity,Medium,Closed,2025-08-17 08:48:56,2025-08-18 01:46:36,827,Carrier,Shipment delayed due to available trailer or dock capacity.
SHP0006174,ADDR,Address Issue,Address,Medium,Closed,2025-01-25 09:34:03,2025-01-26 06:42:20,860,Customer,Delivery address requires correction or validation.
SHP0006177,MSCN,Missed Scan,Process,Medium,Open,2025-03-08 08:39:42,,414,Operations,Expected scan was not captured on time.
SHP0006180,DAMG,Damaged Shipment,Damage,High,Closed,2025-06-12 11:19:56,2025-06-13 22:11:26,1480,Carrier,Shipment flagged for damage inspection.
SHP0006183,DAMG,Damaged Shipment,Damage,High,Closed,2025-06-26 22:27:42,2025-06-27 18:15:29,460,Carrier,Shipment flagged for damage inspection.
SHP0006186,MSCN,Missed Scan,Process,Medium,Closed,2025-01-08 10:08:23,2025-01-08 23:49:47,339,Operations,Expected scan was not captured on time.
SHP0006187,WX,Weather Delay,Weather,High,Closed,2025-08-09 20:45:36,2025-08-11 00:18:08,1522,Carrier,Shipment delayed because of weather conditions.
SHP0006189,CAP,Capacity Constraint,Capacity,Medium,Closed,2025-02-22 11:07:56,2025-02-23 10:14:03,627,Carrier,Shipment delayed due to available trailer or dock capacity.
SHP0006190,CAP,Capacity Constraint,Capacity,Medium,Closed,2025-08-23 21:41:03,2025-08-24 08:34:21,204,Carrier,Shipment delayed due to available trailer or dock capacity.
SHP0006192,CAP,Capacity Constraint,Capacity,Medium,Closed,2025-01-05 22:20:04,2025-01-06 04:44:51,305,Carrier,Shipment delayed due to available trailer or dock capacity.
SHP0006194,MSCN,Missed Scan,Process,Medium,Closed,2025-08-02 09:51:24,2025-08-02 16:48:13,331,Operations,Expected scan was not captured on time.
SHP0006197,WX,Weather Delay,Weather,High,Open,2025-03-11 22:32:16,,421,Carrier,Shipment delayed because of weather conditions.
SHP0006205,CAP,Capacity Constraint,Capacity,Medium,Closed,2025-07-05 02:18:26,2025-07-05 21:37:29,845,Carrier,Shipment delayed due to available trailer or dock capacity.
SHP0006208,WX,Weather Delay,Weather,High,Closed,2025-02-09 11:21:06,2025-02-09 20:35:52,352,Carrier,Shipment delayed because of weather conditions.
SHP0006210,WX,Weather Delay,Weather,High,Closed,2025-08-30 12:23:21,2025-08-31 21:27:43,1225,Carrier,Shipment delayed because of weather conditions.
SHP0006214,ADDR,Address Issue,Address,Medium,Closed,2025-01-10 04:41:21,2025-01-11 06:10:51,1317,Customer,Delivery address requires correction or validation.
SHP0006217,MSCN,Missed Scan,Process,Medium,Closed,2025-08-01 11:26:06,2025-08-01 22:44:16,470,Operations,Expected scan was not captured on time.
SHP0006219,MSCN,Missed Scan,Process,Medium,Closed,2025-04-23 14:07:34,2025-04-24 11:40:43,535,Operations,Expected scan was not captured on time.
SHP0006220,WX,Weather Delay,Weather,High,Closed,2025-06-22 06:20:34,2025-06-22 19:56:14,651,Carrier,Shipment delayed because of weather conditions.
SHP0006227,MSCN,Missed Scan,Process,Medium,Closed,2025-06-01 04:11:50,2025-06-01 09:01:00,192,Operations,Expected scan was not captured on time.
SHP0006230,DAMG,Damaged Shipment,Damage,High,Closed,2025-04-12 22:00:37,2025-04-13 18:34:52,499,Carrier,Shipment flagged for damage inspection.
SHP0006231,WX,Weather Delay,Weather,High,Closed,2025-04-23 01:25:32,2025-04-24 06:04:22,1407,Carrier,Shipment delayed because of weather conditions.
SHP0006232,DAMG,Damaged Shipment,Damage,High,Closed,2025-02-20 01:08:24,2025-02-20 16:36:01,576,Carrier,Shipment flagged for damage inspection.
SHP0006235,WX,Weather Delay,Weather,High,Closed,2025-05-21 00:03:42,2025-05-21 14:13:29,303,Carrier,Shipment delayed because of weather conditions.
SHP0006238,MSCN,Missed Scan,Process,Medium,Closed,2025-07-30 09:41:29,2025-07-31 00:33:09,373,Operations,Expected scan was not captured on time.
SHP0006240,MECH,Equipment Failure,Mechanical,High,Closed,2025-09-30 17:29:59,2025-10-01 17:30:30,1252,Carrier,Equipment failure caused an operational delay.
SHP0006243,DAMG,Damaged Shipment,Damage,High,Closed,2025-02-10 19:50:00,2025-02-12 19:44:50,2112,Carrier,Shipment flagged for damage inspection.
SHP0006244,MECH,Equipment Failure,Mechanical,High,Closed,2025-09-30 08:31:01,2025-09-30 15:58:13,1090,Carrier,Equipment failure caused an operational delay.
SHP0006245,WX,Weather Delay,Weather,High,Closed,2025-09-28 08:05:18,2025-09-29 05:55:25,1348,Carrier,Shipment delayed because of weather conditions.
SHP0006247,MECH,Equipment Failure,Mechanical,High,Closed,2025-02-05 21:01:27,2025-02-06 07:59:39,590,Carrier,Equipment failure caused an operational delay.
SHP0006248,MSCN,Missed Scan,Process,Medium,Closed,2025-03-03 06:02:53,2025-03-03 09:54:54,175,Operations,Expected scan was not captured on time.
SHP0006250,ADDR,Address Issue,Address,Medium,Closed,2025-03-31 19:54:26,2025-04-01 19:36:12,954,Customer,Delivery address requires correction or validation.
SHP0006255,WX,Weather Delay,Weather,High,Closed,2025-04-28 10:23:37,2025-04-29 10:49:16,1257,Carrier,Shipment delayed because of weather conditions.
SHP0006256,DAMG,Damaged Shipment,Damage,High,Closed,2025-05-30 22:34:09,2025-06-01 16:51:04,1776,Carrier,Shipment flagged for damage inspection.
SHP0006260,MSCN,Missed Scan,Process,Medium,Closed,2025-01-23 00:20:11,2025-01-23 06:27:25,289,Operations,Expected scan was not captured on time.
SHP0006267,ADDR,Address Issue,Address,Medium,Closed,2025-08-18 06:03:45,2025-08-19 06:24:55,1394,Customer,Delivery address requires correction or validation.
SHP0006271,WX,Weather Delay,Weather,High,Closed,2025-06-15 21:29:51,2025-06-16 08:34:20,431,Carrier,Shipment delayed because of weather conditions.
SHP0006272,MSCN,Missed Scan,Process,Medium,Closed,2025-06-12 05:47:25,2025-06-12 20:12:31,338,Operations,Expected scan was not captured on time.
SHP0006275,ADDR,Address Issue,Address,Medium,Closed,2025-07-24 00:19:10,2025-07-24 10:57:55,451,Customer,Delivery address requires correction or validation.
SHP0006277,WX,Weather Delay,Weather,High,Closed,2025-03-26 15:46:59,2025-03-27 13:51:38,979,Carrier,Shipment delayed because of weather conditions.
SHP0006278,MSCN,Missed Scan,Process,Medium,Closed,2025-04-23 16:33:50,2025-04-24 07:18:43,284,Operations,Expected scan was not captured on time.
SHP0006279,MECH,Equipment Failure,Mechanical,High,Closed,2025-02-27 22:43:38,2025-03-01 01:26:00,1113,Carrier,Equipment failure caused an operational delay.
SHP0006281,MECH,Equipment Failure,Mechanical,High,Closed,2025-04-28 20:57:21,2025-04-29 20:23:02,924,Carrier,Equipment failure caused an operational delay.
SHP0006284,WX,Weather Delay,Weather,High,Closed,2025-06-11 15:09:43,2025-06-12 11:14:54,671,Carrier,Shipment delayed because of weather conditions.
SHP0006290,MSCN,Missed Scan,Process,Medium,Closed,2025-04-14 00:52:01,2025-04-14 06:20:23,60,Operations,Expected scan was not captured on time.
SHP0006291,MSCN,Missed Scan,Process,Medium,Open,2025-08-23 20:11:19,,203,Operations,Expected scan was not captured on time.
SHP0006293,DAMG,Damaged Shipment,Damage,High,Closed,2025-05-14 02:43:03,2025-05-16 04:13:33,2481,Carrier,Shipment flagged for damage inspection.
SHP0006294,WX,Weather Delay,Weather,High,Closed,2025-05-15 04:25:07,2025-05-15 22:45:39,803,Carrier,Shipment delayed because of weather conditions.
SHP0006300,ADDR,Address Issue,Address,Medium,Closed,2025-05-23 00:35:18,2025-05-24 01:49:06,969,Customer,Delivery address requires correction or validation.
SHP0006303,MSCN,Missed Scan,Process,Medium,Closed,2025-03-08 01:08:29,2025-03-08 12:11:33,62,Operations,Expected scan was not captured on time.
SHP0006310,DAMG,Damaged Shipment,Damage,High,Closed,2025-01-24 12:24:47,2025-01-26 07:34:19,2408,Carrier,Shipment flagged for damage inspection.
SHP0006315,MSCN,Missed Scan,Process,Medium,Closed,2025-03-03 03:18:00,2025-03-03 09:08:07,389,Operations,Expected scan was not captured on time.
SHP0006317,WX,Weather Delay,Weather,High,Closed,2025-08-14 18:31:34,2025-08-15 19:20:05,737,Carrier,Shipment delayed because of weather conditions.
SHP0006319,WX,Weather Delay,Weather,High,Closed,2025-08-09 11:01:53,2025-08-10 09:13:56,1226,Carrier,Shipment delayed because of weather conditions.
SHP0006322,MSCN,Missed Scan,Process,Medium,Closed,2025-08-07 04:50:55,2025-08-07 10:07:28,138,Operations,Expected scan was not captured on time.
SHP0006323,ADDR,Address Issue,Address,Medium,Closed,2025-09-01 16:47:47,2025-09-02 13:48:10,1216,Customer,Delivery address requires correction or validation.
SHP0006327,MSCN,Missed Scan,Process,Medium,Closed,2025-03-29 18:42:11,2025-03-30 04:32:27,201,Operations,Expected scan was not captured on time.
SHP0006329,DAMG,Damaged Shipment,Damage,High,Closed,2025-06-09 18:59:50,2025-06-10 11:00:49,999,Carrier,Shipment flagged for damage inspection.
SHP0006331,ADDR,Address Issue,Address,Medium,Closed,2025-07-02 10:37:39,2025-07-03 15:11:28,1160,Customer,Delivery address requires correction or validation.
SHP0006332,ADDR,Address Issue,Address,Medium,Closed,2025-02-21 14:05:52,2025-02-22 09:45:41,1005,Customer,Delivery address requires correction or validation.
SHP0006333,MECH,Equipment Failure,Mechanical,High,Open,2025-09-18 01:09:17,,1076,Carrier,Equipment failure caused an operational delay.
SHP0006335,MSCN,Missed Scan,Process,Medium,Closed,2025-04-06 06:13:59,2025-04-06 14:20:53,226,Operations,Expected scan was not captured on time.
SHP0006342,MSCN,Missed Scan,Process,Medium,Closed,2025-04-24 21:10:10,2025-04-25 04:54:40,332,Operations,Expected scan was not captured on time.
SHP0006343,MSCN,Missed Scan,Process,Medium,Closed,2025-02-04 15:21:06,2025-02-05 07:14:08,301,Operations,Expected scan was not captured on time.
SHP0006345,MSCN,Missed Scan,Process,Medium,Closed,2025-04-14 23:09:23,2025-04-15 16:42:13,399,Operations,Expected scan was not captured on time.
SHP0006347,CAP,Capacity Constraint,Capacity,Medium,Closed,2025-01-19 01:06:52,2025-01-19 13:44:31,636,Carrier,Shipment delayed due to available trailer or dock capacity.
SHP0006348,DAMG,Damaged Shipment,Damage,High,Closed,2025-06-02 21:33:27,2025-06-04 21:36:10,2817,Carrier,Shipment flagged for damage inspection.
SHP0006356,CAP,Capacity Constraint,Capacity,Medium,Closed,2025-07-28 04:03:47,2025-07-29 04:08:19,831,Carrier,Shipment delayed due to available trailer or dock capacity.
SHP0006358,WX,Weather Delay,Weather,High,Closed,2025-04-09 07:24:36,2025-04-10 18:56:57,1292,Carrier,Shipment delayed because of weather conditions.
SHP0006359,WX,Weather Delay,Weather,High,Closed,2025-09-11 21:02:35,2025-09-13 04:44:53,1511,Carrier,Shipment delayed because of weather conditions.
SHP0006360,ADDR,Address Issue,Address,Medium,Closed,2025-07-23 11:05:49,2025-07-24 02:52:08,446,Customer,Delivery address requires correction or validation.
SHP0006361,DAMG,Damaged Shipment,Damage,High,Closed,2025-01-02 01:06:40,2025-01-02 19:21:36,1004,Carrier,Shipment flagged for damage inspection.
SHP0006362,MECH,Equipment Failure,Mechanical,High,Closed,2025-04-29 19:08:13,2025-04-30 18:51:35,1085,Carrier,Equipment failure caused an operational delay.
SHP0006364,WX,Weather Delay,Weather,High,Closed,2025-06-29 18:29:57,2025-06-30 10:09:35,715,Carrier,Shipment delayed because of weather conditions.
SHP0006365,WX,Weather Delay,Weather,High,Closed,2025-09-21 11:47:07,2025-09-23 01:49:07,1461,Carrier,Shipment delayed because of weather conditions.
SHP0006367,WX,Weather Delay,Weather,High,Closed,2025-03-11 22:54:47,2025-03-13 01:23:03,876,Carrier,Shipment delayed because of weather conditions.
SHP0006369,ADDR,Address Issue,Address,Medium,Closed,2025-04-25 01:05:48,2025-04-25 12:01:19,198,Customer,Delivery address requires correction or validation.
SHP0006373,CAP,Capacity Constraint,Capacity,Medium,Closed,2025-09-16 07:28:31,2025-09-16 18:17:27,303,Carrier,Shipment delayed due to available trailer or dock capacity.
SHP0006376,MSCN,Missed Scan,Process,Medium,Closed,2025-07-03 07:50:02,2025-07-04 01:04:48,487,Operations,Expected scan was not captured on time.
SHP0006377,WX,Weather Delay,Weather,High,Closed,2025-04-22 13:42:45,2025-04-23 05:59:37,650,Carrier,Shipment delayed because of weather conditions.
SHP0006379,WX,Weather Delay,Weather,High,Closed,2025-06-17 22:48:05,2025-06-18 16:34:23,497,Carrier,Shipment delayed because of weather conditions.
SHP0006384,WX,Weather Delay,Weather,High,Closed,2025-03-14 10:37:19,2025-03-14 18:24:33,322,Carrier,Shipment delayed because of weather conditions.
SHP0006386,CAP,Capacity Constraint,Capacity,Medium,Closed,2025-08-16 14:57:14,2025-08-17 01:18:38,424,Carrier,Shipment delayed due to available trailer or dock capacity.
SHP0006387,DAMG,Damaged Shipment,Damage,High,Closed,2025-09-25 05:21:13,2025-09-25 23:07:09,574,Carrier,Shipment flagged for damage inspection.
SHP0006388,ADDR,Address Issue,Address,Medium,Closed,2025-09-21 07:25:43,2025-09-21 20:12:41,271,Customer,Delivery address requires correction or validation.
SHP0006390,DAMG,Damaged Shipment,Damage,High,Open,2025-05-09 23:54:26,,1730,Carrier,Shipment flagged for damage inspection.
SHP0006391,CAP,Capacity Constraint,Capacity,Medium,Open,2025-04-19 00:56:10,,628,Carrier,Shipment delayed due to available trailer or dock capacity.
SHP0006392,WX,Weather Delay,Weather,High,Closed,2025-02-03 20:58:41,2025-02-04 16:50:10,1033,Carrier,Shipment delayed because of weather conditions.
SHP0006394,WX,Weather Delay,Weather,High,Closed,2025-05-06 08:47:06,2025-05-07 18:07:05,1419,Carrier,Shipment delayed because of weather conditions.
SHP0006398,MSCN,Missed Scan,Process,Medium,Closed,2025-07-19 20:56:43,2025-07-20 13:58:39,325,Operations,Expected scan was not captured on time.
SHP0006400,DAMG,Damaged Shipment,Damage,High,Closed,2025-04-04 11:20:55,2025-04-06 18:26:35,2875,Carrier,Shipment flagged for damage inspection.
SHP0006403,MECH,Equipment Failure,Mechanical,High,Closed,2025-05-03 11:18:33,2025-05-03 23:10:35,571,Carrier,Equipment failure caused an operational delay.
SHP0006405,MECH,Equipment Failure,Mechanical,High,Closed,2025-03-10 01:18:03,2025-03-10 05:01:54,218,Carrier,Equipment failure caused an operational delay.
SHP0006407,MECH,Equipment Failure,Mechanical,High,Closed,2025-01-20 15:47:20,2025-01-21 06:30:38,393,Carrier,Equipment failure caused an operational delay.
SHP0006413,ADDR,Address Issue,Address,Medium,Closed,2025-08-12 04:27:01,2025-08-12 23:26:44,1040,Customer,Delivery address requires correction or validation.
SHP0006414,MECH,Equipment Failure,Mechanical,High,Closed,2025-07-07 14:11:56,2025-07-08 11:34:03,1015,Carrier,Equipment failure caused an operational delay.
SHP0006415,MSCN,Missed Scan,Process,Medium,Open,2025-09-18 20:58:40,,255,Operations,Expected scan was not captured on time.
SHP0006416,ADDR,Address Issue,Address,Medium,Closed,2025-09-28 03:53:24,2025-09-29 08:20:14,1265,Customer,Delivery address requires correction or validation.
SHP0006417,MSCN,Missed Scan,Process,Medium,Closed,2025-01-03 13:07:07,2025-01-04 08:44:50,395,Operations,Expected scan was not captured on time.
SHP0006418,ADDR,Address Issue,Address,Medium,Closed,2025-07-30 22:59:06,2025-07-31 22:08:01,902,Customer,Delivery address requires correction or validation.
SHP0006421,WX,Weather Delay,Weather,High,Closed,2025-08-25 06:48:56,2025-08-25 16:11:44,497,Carrier,Shipment delayed because of weather conditions.
SHP0006422,MECH,Equipment Failure,Mechanical,High,Closed,2025-04-27 21:49:01,2025-04-28 20:00:03,1035,Carrier,Equipment failure caused an operational delay.
SHP0006423,ADDR,Address Issue,Address,Medium,Closed,2025-05-22 05:16:23,2025-05-22 22:51:57,604,Customer,Delivery address requires correction or validation.
SHP0006424,MSCN,Missed Scan,Process,Medium,Closed,2025-06-01 17:28:34,2025-06-02 06:53:51,481,Operations,Expected scan was not captured on time.
SHP0006426,CAP,Capacity Constraint,Capacity,Medium,Closed,2025-06-30 13:19:34,2025-07-01 07:46:15,629,Carrier,Shipment delayed due to available trailer or dock capacity.
SHP0006429,DAMG,Damaged Shipment,Damage,High,Closed,2025-01-17 15:10:12,2025-01-19 07:58:35,2124,Carrier,Shipment flagged for damage inspection.
SHP0006432,CAP,Capacity Constraint,Capacity,Medium,Closed,2025-05-17 23:57:14,2025-05-18 17:46:34,539,Carrier,Shipment delayed due to available trailer or dock capacity.
SHP0006435,DAMG,Damaged Shipment,Damage,High,Open,2025-09-21 19:50:36,,1196,Carrier,Shipment flagged for damage inspection.
SHP0006436,DAMG,Damaged Shipment,Damage,High,Closed,2025-07-06 12:21:02,2025-07-08 02:10:07,1647,Carrier,Shipment flagged for damage inspection.
SHP0006437,ADDR,Address Issue,Address,Medium,Closed,2025-07-21 11:43:51,2025-07-22 19:28:34,1178,Customer,Delivery address requires correction or validation.
SHP0006438,WX,Weather Delay,Weather,High,Closed,2025-07-01 20:00:56,2025-07-02 03:00:20,1269,Carrier,Shipment delayed because of weather conditions.
SHP0006440,ADDR,Address Issue,Address,Medium,Closed,2025-06-05 06:52:47,2025-06-06 00:13:45,453,Customer,Delivery address requires correction or validation.
SHP0006442,CAP,Capacity Constraint,Capacity,Medium,Closed,2025-06-14 20:38:51,2025-06-15 16:38:00,801,Carrier,Shipment delayed due to available trailer or dock capacity.
SHP0006445,DAMG,Damaged Shipment,Damage,High,Closed,2025-03-12 10:24:05,2025-03-13 10:31:55,803,Carrier,Shipment flagged for damage inspection.
SHP0006447,MECH,Equipment Failure,Mechanical,High,Closed,2025-09-03 09:26:01,2025-09-04 04:12:40,406,Carrier,Equipment failure caused an operational delay.
SHP0006448,WX,Weather Delay,Weather,High,Closed,2025-05-03 21:18:24,2025-05-04 13:27:51,413,Carrier,Shipment delayed because of weather conditions.
SHP0006449,WX,Weather Delay,Weather,High,Closed,2025-05-03 11:53:17,2025-05-04 13:46:38,1243,Carrier,Shipment delayed because of weather conditions.
SHP0006450,MECH,Equipment Failure,Mechanical,High,Closed,2025-09-12 09:02:25,2025-09-13 11:47:18,1125,Carrier,Equipment failure caused an operational delay.
SHP0006451,WX,Weather Delay,Weather,High,Open,2025-09-24 02:17:57,,451,Carrier,Shipment delayed because of weather conditions.
SHP0006453,DAMG,Damaged Shipment,Damage,High,Closed,2025-05-24 22:12:59,2025-05-26 19:41:07,2358,Carrier,Shipment flagged for damage inspection.
SHP0006454,WX,Weather Delay,Weather,High,Open,2025-07-17 01:08:56,,1073,Carrier,Shipment delayed because of weather conditions.
SHP0006460,WX,Weather Delay,Weather,High,Closed,2025-02-08 10:59:12,2025-02-09 12:11:37,637,Carrier,Shipment delayed because of weather conditions.
SHP0006462,CAP,Capacity Constraint,Capacity,Medium,Closed,2025-03-20 08:17:55,2025-03-21 00:59:29,950,Carrier,Shipment delayed due to available trailer or dock capacity.
SHP0006463,WX,Weather Delay,Weather,High,Closed,2025-01-24 13:10:26,2025-01-25 07:11:40,409,Carrier,Shipment delayed because of weather conditions.
SHP0006465,WX,Weather Delay,Weather,High,Closed,2025-01-26 10:35:12,2025-01-27 13:58:40,1193,Carrier,Shipment delayed because of weather conditions.
SHP0006466,DAMG,Damaged Shipment,Damage,High,Closed,2025-04-29 11:17:32,2025-04-30 06:00:00,945,Carrier,Shipment flagged for damage inspection.
SHP0006467,MECH,Equipment Failure,Mechanical,High,Closed,2025-01-19 15:47:25,2025-01-20 11:02:45,968,Carrier,Equipment failure caused an operational delay.
SHP0006468,MECH,Equipment Failure,Mechanical,High,Open,2025-08-30 16:05:14,,989,Carrier,Equipment failure caused an operational delay.
SHP0006470,MECH,Equipment Failure,Mechanical,High,Closed,2025-08-01 22:34:56,2025-08-02 20:53:20,789,Carrier,Equipment failure caused an operational delay.
SHP0006473,DAMG,Damaged Shipment,Damage,High,Closed,2025-02-26 15:42:40,2025-02-28 09:51:17,2146,Carrier,Shipment flagged for damage inspection.
SHP0006474,CAP,Capacity Constraint,Capacity,Medium,Closed,2025-05-05 12:55:58,2025-05-05 16:08:27,86,Carrier,Shipment delayed due to available trailer or dock capacity.
SHP0006479,DAMG,Damaged Shipment,Damage,High,Closed,2025-08-12 00:23:36,2025-08-13 12:55:14,2104,Carrier,Shipment flagged for damage inspection.
SHP0006480,DAMG,Damaged Shipment,Damage,High,Closed,2025-09-26 02:23:04,2025-09-26 23:01:47,1184,Carrier,Shipment flagged for damage inspection.
SHP0006483,MECH,Equipment Failure,Mechanical,High,Closed,2025-06-09 09:44:28,2025-06-10 01:45:25,717,Carrier,Equipment failure caused an operational delay.
SHP0006485,WX,Weather Delay,Weather,High,Open,2025-08-24 12:31:56,,418,Carrier,Shipment delayed because of weather conditions.
SHP0006486,WX,Weather Delay,Weather,High,Closed,2025-01-12 17:27:42,2025-01-14 06:35:13,1361,Carrier,Shipment delayed because of weather conditions.
SHP0006489,WX,Weather Delay,Weather,High,Closed,2025-01-06 09:25:36,2025-01-07 02:49:21,603,Carrier,Shipment delayed because of weather conditions.
SHP0006490,ADDR,Address Issue,Address,Medium,Closed,2025-01-02 15:44:26,2025-01-03 05:42:18,742,Customer,Delivery address requires correction or validation.
SHP0006496,MSCN,Missed Scan,Process,Medium,Closed,2025-09-15 22:39:34,2025-09-16 13:55:57,107,Operations,Expected scan was not captured on time.
SHP0006497,MSCN,Missed Scan,Process,Medium,Closed,2025-04-25 14:31:58,2025-04-25 19:28:17,390,Operations,Expected scan was not captured on time.
SHP0006502,WX,Weather Delay,Weather,High,Closed,2025-08-18 14:46:26,2025-08-18 23:09:43,314,Carrier,Shipment delayed because of weather conditions.
SHP0006504,MSCN,Missed Scan,Process,Medium,Closed,2025-08-22 04:14:43,2025-08-22 10:06:43,321,Operations,Expected scan was not captured on time.
SHP0006505,MSCN,Missed Scan,Process,Medium,Closed,2025-04-04 03:57:51,2025-04-04 21:15:17,474,Operations,Expected scan was not captured on time.
SHP0006508,WX,Weather Delay,Weather,High,Closed,2025-08-15 00:32:33,2025-08-15 18:01:33,268,Carrier,Shipment delayed because of weather conditions.
SHP0006514,WX,Weather Delay,Weather,High,Closed,2025-08-04 17:46:48,2025-08-05 08:44:45,1374,Carrier,Shipment delayed because of weather conditions.
SHP0006522,CAP,Capacity Constraint,Capacity,Medium,Closed,2025-05-06 15:43:29,2025-05-07 02:54:08,578,Carrier,Shipment delayed due to available trailer or dock capacity.
SHP0006524,MECH,Equipment Failure,Mechanical,High,Closed,2025-05-03 22:44:04,2025-05-04 23:23:06,1078,Carrier,Equipment failure caused an operational delay.
SHP0006525,WX,Weather Delay,Weather,High,Closed,2025-09-12 00:32:24,2025-09-12 14:35:17,390,Carrier,Shipment delayed because of weather conditions.
SHP0006531,WX,Weather Delay,Weather,High,Closed,2025-05-27 08:19:46,2025-05-28 08:45:23,990,Carrier,Shipment delayed because of weather conditions.
SHP0006544,MECH,Equipment Failure,Mechanical,High,Closed,2025-04-15 00:39:13,2025-04-16 00:37:57,1051,Carrier,Equipment failure caused an operational delay.
SHP0006545,ADDR,Address Issue,Address,Medium,Closed,2025-07-09 20:49:11,2025-07-11 02:33:40,1275,Customer,Delivery address requires correction or validation.
SHP0006548,WX,Weather Delay,Weather,High,Closed,2025-04-03 00:18:19,2025-04-03 08:33:27,294,Carrier,Shipment delayed because of weather conditions.
SHP0006551,MSCN,Missed Scan,Process,Medium,Closed,2025-09-21 21:13:01,2025-09-22 04:58:16,412,Operations,Expected scan was not captured on time.
SHP0006552,MSCN,Missed Scan,Process,Medium,Closed,2025-01-18 15:44:24,2025-01-18 18:52:55,200,Operations,Expected scan was not captured on time.
SHP0006554,MSCN,Missed Scan,Process,Medium,Closed,2025-01-28 14:12:27,2025-01-29 10:55:01,540,Operations,Expected scan was not captured on time.
SHP0006569,WX,Weather Delay,Weather,High,Closed,2025-08-24 04:18:30,2025-08-24 14:07:06,508,Carrier,Shipment delayed because of weather conditions.
SHP0006573,ADDR,Address Issue,Address,Medium,Closed,2025-08-11 06:43:07,2025-08-11 09:19:05,123,Customer,Delivery address requires correction or validation.
SHP0006575,MSCN,Missed Scan,Process,Medium,Closed,2025-05-07 01:00:22,2025-05-07 07:05:20,452,Operations,Expected scan was not captured on time.
SHP0006578,WX,Weather Delay,Weather,High,Closed,2025-01-29 03:11:43,2025-01-30 04:59:30,1238,Carrier,Shipment delayed because of weather conditions.
SHP0006579,MSCN,Missed Scan,Process,Medium,Closed,2025-04-09 08:23:33,2025-04-09 15:45:56,194,Operations,Expected scan was not captured on time.
SHP0006581,DAMG,Damaged Shipment,Damage,High,Closed,2025-05-03 12:28:35,2025-05-03 23:02:28,566,Carrier,Shipment flagged for damage inspection.
SHP0006582,WX,Weather Delay,Weather,High,Closed,2025-08-19 14:34:19,2025-08-20 23:17:06,1634,Carrier,Shipment delayed because of weather conditions.
SHP0006584,MSCN,Missed Scan,Process,Medium,Closed,2025-01-30 22:43:36,2025-01-31 15:05:57,100,Operations,Expected scan was not captured on time.
SHP0006585,ADDR,Address Issue,Address,Medium,Closed,2025-07-27 02:26:56,2025-07-27 23:10:04,675,Customer,Delivery address requires correction or validation.
SHP0006593,ADDR,Address Issue,Address,Medium,Closed,2025-06-28 06:24:49,2025-06-29 04:37:42,932,Customer,Delivery address requires correction or validation.
SHP0006595,MECH,Equipment Failure,Mechanical,High,Closed,2025-08-31 16:10:15,2025-09-01 13:39:33,1142,Carrier,Equipment failure caused an operational delay.
SHP0006596,MSCN,Missed Scan,Process,Medium,Closed,2025-01-28 03:37:03,2025-01-28 10:00:46,119,Operations,Expected scan was not captured on time.
SHP0006600,ADDR,Address Issue,Address,Medium,Closed,2025-07-16 20:26:51,2025-07-17 07:30:26,587,Customer,Delivery address requires correction or validation.
SHP0006601,MECH,Equipment Failure,Mechanical,High,Closed,2025-01-22 02:27:36,2025-01-22 21:06:06,848,Carrier,Equipment failure caused an operational delay.
SHP0006602,WX,Weather Delay,Weather,High,Closed,2025-01-22 00:21:02,2025-01-22 11:47:23,350,Carrier,Shipment delayed because of weather conditions.
SHP0006606,ADDR,Address Issue,Address,Medium,Closed,2025-08-07 08:07:28,2025-08-08 00:32:33,1103,Customer,Delivery address requires correction or validation.
SHP0006612,MSCN,Missed Scan,Process,Medium,Closed,2025-03-08 16:45:44,2025-03-09 10:58:15,383,Operations,Expected scan was not captured on time.
SHP0006620,MSCN,Missed Scan,Process,Medium,Closed,2025-06-06 20:54:17,2025-06-07 09:17:06,418,Operations,Expected scan was not captured on time.
SHP0006624,CAP,Capacity Constraint,Capacity,Medium,Closed,2025-07-07 06:11:21,2025-07-07 20:38:09,131,Carrier,Shipment delayed due to available trailer or dock capacity.
SHP0006626,MSCN,Missed Scan,Process,Medium,Closed,2025-05-26 15:33:40,2025-05-27 08:14:38,266,Operations,Expected scan was not captured on time.
SHP0006627,MSCN,Missed Scan,Process,Medium,Closed,2025-01-29 23:58:58,2025-01-30 15:18:18,518,Operations,Expected scan was not captured on time.
SHP0006634,MECH,Equipment Failure,Mechanical,High,Open,2025-05-25 02:18:27,,360,Carrier,Equipment failure caused an operational delay.
SHP0006638,MSCN,Missed Scan,Process,Medium,Closed,2025-08-03 10:19:44,2025-08-03 20:04:45,507,Operations,Expected scan was not captured on time.
SHP0006647,MSCN,Missed Scan,Process,Medium,Closed,2025-05-23 20:32:27,2025-05-24 04:22:15,411,Operations,Expected scan was not captured on time.
SHP0006654,DAMG,Damaged Shipment,Damage,High,Closed,2025-08-09 15:02:41,2025-08-11 16:20:57,2412,Carrier,Shipment flagged for damage inspection.
SHP0006658,CAP,Capacity Constraint,Capacity,Medium,Closed,2025-06-21 04:23:37,2025-06-21 05:40:38,97,Carrier,Shipment delayed due to available trailer or dock capacity.
SHP0006660,MECH,Equipment Failure,Mechanical,High,Closed,2025-02-25 09:59:41,2025-02-26 02:11:00,698,Carrier,Equipment failure caused an operational delay.
SHP0006664,DAMG,Damaged Shipment,Damage,High,Closed,2025-03-22 07:36:51,2025-03-23 15:46:13,1762,Carrier,Shipment flagged for damage inspection.
SHP0006672,WX,Weather Delay,Weather,High,Closed,2025-09-16 16:29:12,2025-09-17 08:28:17,1081,Carrier,Shipment delayed because of weather conditions.
SHP0006675,ADDR,Address Issue,Address,Medium,Closed,2025-07-04 12:23:29,2025-07-05 02:37:28,599,Customer,Delivery address requires correction or validation.
SHP0006685,WX,Weather Delay,Weather,High,Closed,2025-02-28 06:01:15,2025-03-01 12:52:55,1097,Carrier,Shipment delayed because of weather conditions.
SHP0006686,MECH,Equipment Failure,Mechanical,High,Closed,2025-03-07 00:12:06,2025-03-07 18:54:11,752,Carrier,Equipment failure caused an operational delay.
SHP0006689,WX,Weather Delay,Weather,High,Closed,2025-08-12 04:07:11,2025-08-13 08:10:18,1555,Carrier,Shipment delayed because of weather conditions.
SHP0006691,DAMG,Damaged Shipment,Damage,High,Closed,2025-02-02 20:06:16,2025-02-03 16:03:01,1071,Carrier,Shipment flagged for damage inspection.
SHP0006696,ADDR,Address Issue,Address,Medium,Closed,2025-05-21 08:37:52,2025-05-22 04:44:13,972,Customer,Delivery address requires correction or validation.
SHP0006698,MECH,Equipment Failure,Mechanical,High,Closed,2025-03-11 23:00:54,2025-03-13 01:14:13,737,Carrier,Equipment failure caused an operational delay.
SHP0006700,WX,Weather Delay,Weather,High,Closed,2025-08-22 23:20:46,2025-08-24 01:36:04,1152,Carrier,Shipment delayed because of weather conditions.
SHP0006701,MSCN,Missed Scan,Process,Medium,Closed,2025-08-02 12:36:16,2025-08-02 17:15:09,197,Operations,Expected scan was not captured on time.
SHP0006704,DAMG,Damaged Shipment,Damage,High,Closed,2025-01-05 14:30:57,2025-01-06 09:40:09,604,Carrier,Shipment flagged for damage inspection.
SHP0006706,WX,Weather Delay,Weather,High,Closed,2025-09-21 00:15:08,2025-09-21 14:52:31,377,Carrier,Shipment delayed because of weather conditions.
SHP0006708,ADDR,Address Issue,Address,Medium,Closed,2025-06-15 12:07:41,2025-06-16 07:11:57,1402,Customer,Delivery address requires correction or validation.
SHP0006709,ADDR,Address Issue,Address,Medium,Closed,2025-05-19 06:10:26,2025-05-20 05:41:34,977,Customer,Delivery address requires correction or validation.
SHP0006712,WX,Weather Delay,Weather,High,Closed,2025-07-20 07:05:48,2025-07-20 13:09:44,498,Carrier,Shipment delayed because of weather conditions.
SHP0006715,MSCN,Missed Scan,Process,Medium,Closed,2025-08-12 00:39:55,2025-08-12 17:38:24,403,Operations,Expected scan was not captured on time.
SHP0006716,ADDR,Address Issue,Address,Medium,Closed,2025-03-21 18:10:43,2025-03-22 19:18:48,1204,Customer,Delivery address requires correction or validation.
SHP0006718,WX,Weather Delay,Weather,High,Closed,2025-03-08 18:55:07,2025-03-09 13:43:59,664,Carrier,Shipment delayed because of weather conditions.
SHP0006720,MSCN,Missed Scan,Process,Medium,Closed,2025-09-22 19:03:00,2025-09-23 07:38:18,178,Operations,Expected scan was not captured on time.
SHP0006721,MECH,Equipment Failure,Mechanical,High,Closed,2025-04-15 17:19:23,2025-04-16 14:00:52,824,Carrier,Equipment failure caused an operational delay.
SHP0006724,MECH,Equipment Failure,Mechanical,High,Closed,2025-09-13 20:36:23,2025-09-14 21:14:30,1001,Carrier,Equipment failure caused an operational delay.
SHP0006725,CAP,Capacity Constraint,Capacity,Medium,Closed,2025-07-03 23:52:57,2025-07-04 09:45:00,113,Carrier,Shipment delayed due to available trailer or dock capacity.
SHP0006726,WX,Weather Delay,Weather,High,Closed,2025-01-23 15:05:30,2025-01-24 12:52:27,602,Carrier,Shipment delayed because of weather conditions.
SHP0006731,WX,Weather Delay,Weather,High,Closed,2025-05-31 18:44:09,2025-06-01 11:24:40,898,Carrier,Shipment delayed because of weather conditions.
SHP0006732,MSCN,Missed Scan,Process,Medium,Closed,2025-05-06 13:39:24,2025-05-06 22:06:53,412,Operations,Expected scan was not captured on time.
SHP0006733,WX,Weather Delay,Weather,High,Closed,2025-05-10 07:27:04,2025-05-11 03:10:03,427,Carrier,Shipment delayed because of weather conditions.
SHP0006734,CAP,Capacity Constraint,Capacity,Medium,Closed,2025-08-29 10:53:07,2025-08-30 09:08:36,959,Carrier,Shipment delayed due to available trailer or dock capacity.
SHP0006735,MSCN,Missed Scan,Process,Medium,Closed,2025-03-08 06:08:41,2025-03-08 14:47:54,478,Operations,Expected scan was not captured on time.
SHP0006738,WX,Weather Delay,Weather,High,Closed,2025-08-22 10:14:17,2025-08-23 10:22:30,1332,Carrier,Shipment delayed because of weather conditions.
SHP0006739,WX,Weather Delay,Weather,High,Closed,2025-03-11 16:41:26,2025-03-12 11:35:59,979,Carrier,Shipment delayed because of weather conditions.
SHP0006741,ADDR,Address Issue,Address,Medium,Closed,2025-06-01 18:00:48,2025-06-02 09:18:19,615,Customer,Delivery address requires correction or validation.
SHP0006745,WX,Weather Delay,Weather,High,Closed,2025-09-21 16:36:55,2025-09-22 19:50:11,1099,Carrier,Shipment delayed because of weather conditions.
SHP0006746,ADDR,Address Issue,Address,Medium,Open,2025-06-21 06:12:42,,599,Customer,Delivery address requires correction or validation.
SHP0006748,WX,Weather Delay,Weather,High,Closed,2025-03-08 19:50:44,2025-03-09 20:20:57,1243,Carrier,Shipment delayed because of weather conditions.
SHP0006751,CAP,Capacity Constraint,Capacity,Medium,Open,2025-01-05 15:47:06,,704,Carrier,Shipment delayed due to available trailer or dock capacity.
SHP0006752,MSCN,Missed Scan,Process,Medium,Closed,2025-03-03 20:25:04,2025-03-04 02:09:57,30,Operations,Expected scan was not captured on time.
SHP0006753,WX,Weather Delay,Weather,High,Closed,2025-09-01 11:25:21,2025-09-02 06:12:10,821,Carrier,Shipment delayed because of weather conditions.
SHP0006756,CAP,Capacity Constraint,Capacity,Medium,Closed,2025-01-26 12:22:31,2025-01-27 12:07:00,729,Carrier,Shipment delayed due to available trailer or dock capacity.
SHP0006758,WX,Weather Delay,Weather,High,Closed,2025-03-06 18:39:52,2025-03-07 09:23:08,546,Carrier,Shipment delayed because of weather conditions.
SHP0006760,MSCN,Missed Scan,Process,Medium,Closed,2025-05-26 22:45:26,2025-05-27 07:38:18,235,Operations,Expected scan was not captured on time.
SHP0006766,WX,Weather Delay,Weather,High,Closed,2025-01-09 09:01:38,2025-01-10 02:50:20,831,Carrier,Shipment delayed because of weather conditions.
SHP0006767,ADDR,Address Issue,Address,Medium,Closed,2025-02-03 19:31:22,2025-02-04 17:52:38,674,Customer,Delivery address requires correction or validation.
SHP0006771,DAMG,Damaged Shipment,Damage,High,Closed,2025-01-28 08:54:43,2025-01-28 21:32:52,1421,Carrier,Shipment flagged for damage inspection.
SHP0006775,ADDR,Address Issue,Address,Medium,Closed,2025-06-10 23:28:37,2025-06-11 20:25:35,598,Customer,Delivery address requires correction or validation.
SHP0006780,DAMG,Damaged Shipment,Damage,High,Closed,2025-07-04 23:28:27,2025-07-07 01:01:32,2369,Carrier,Shipment flagged for damage inspection.
SHP0006781,ADDR,Address Issue,Address,Medium,Closed,2025-01-18 02:51:57,2025-01-18 18:19:47,160,Customer,Delivery address requires correction or validation.
SHP0006788,CAP,Capacity Constraint,Capacity,Medium,Open,2025-08-23 15:41:15,,303,Carrier,Shipment delayed due to available trailer or dock capacity.
SHP0006792,WX,Weather Delay,Weather,High,Closed,2025-08-09 07:30:22,2025-08-09 18:20:44,454,Carrier,Shipment delayed because of weather conditions.
SHP0006794,WX,Weather Delay,Weather,High,Closed,2025-01-18 11:45:36,2025-01-19 03:12:09,779,Carrier,Shipment delayed because of weather conditions.
SHP0006802,MECH,Equipment Failure,Mechanical,High,Closed,2025-01-18 06:50:06,2025-01-19 07:10:53,1090,Carrier,Equipment failure caused an operational delay.
SHP0006805,WX,Weather Delay,Weather,High,Closed,2025-01-14 20:36:33,2025-01-15 09:49:15,586,Carrier,Shipment delayed because of weather conditions.
SHP0006806,WX,Weather Delay,Weather,High,Closed,2025-07-12 07:10:33,2025-07-13 03:32:56,336,Carrier,Shipment delayed because of weather conditions.
SHP0006809,CAP,Capacity Constraint,Capacity,Medium,Closed,2025-01-26 11:52:23,2025-01-27 15:18:03,800,Carrier,Shipment delayed due to available trailer or dock capacity.
SHP0006811,DAMG,Damaged Shipment,Damage,High,Closed,2025-07-06 11:02:05,2025-07-08 11:19:06,2706,Carrier,Shipment flagged for damage inspection.
SHP0006812,WX,Weather Delay,Weather,High,Closed,2025-09-03 17:48:35,2025-09-04 14:22:31,977,Carrier,Shipment delayed because of weather conditions.
SHP0006824,WX,Weather Delay,Weather,High,Closed,2025-06-02 02:19:52,2025-06-02 19:27:48,275,Carrier,Shipment delayed because of weather conditions.
SHP0006830,MECH,Equipment Failure,Mechanical,High,Closed,2025-06-21 04:29:10,2025-06-22 10:52:47,1185,Carrier,Equipment failure caused an operational delay.
SHP0006832,WX,Weather Delay,Weather,High,Closed,2025-01-04 06:41:12,2025-01-05 03:11:58,1150,Carrier,Shipment delayed because of weather conditions.
SHP0006833,CAP,Capacity Constraint,Capacity,Medium,Closed,2025-02-04 13:34:21,2025-02-05 07:28:08,841,Carrier,Shipment delayed due to available trailer or dock capacity.
SHP0006835,MSCN,Missed Scan,Process,Medium,Closed,2025-04-24 20:32:08,2025-04-25 03:03:10,101,Operations,Expected scan was not captured on time.
SHP0006838,ADDR,Address Issue,Address,Medium,Closed,2025-08-02 18:49:54,2025-08-03 07:59:01,459,Customer,Delivery address requires correction or validation.
SHP0006839,DAMG,Damaged Shipment,Damage,High,Closed,2025-07-06 15:21:54,2025-07-08 18:20:08,2496,Carrier,Shipment flagged for damage inspection.
SHP0006842,WX,Weather Delay,Weather,High,Closed,2025-06-28 20:30:47,2025-06-30 06:08:55,1670,Carrier,Shipment delayed because of weather conditions.
SHP0006843,WX,Weather Delay,Weather,High,Closed,2025-05-09 00:45:46,2025-05-10 06:41:43,1492,Carrier,Shipment delayed because of weather conditions.
SHP0006847,DAMG,Damaged Shipment,Damage,High,Closed,2025-09-12 12:21:39,2025-09-13 20:23:30,1698,Carrier,Shipment flagged for damage inspection.
SHP0006848,DAMG,Damaged Shipment,Damage,High,Closed,2025-09-18 23:43:41,2025-09-20 04:04:58,1692,Carrier,Shipment flagged for damage inspection.
SHP0006851,MSCN,Missed Scan,Process,Medium,Open,2025-09-30 16:58:09,,484,Operations,Expected scan was not captured on time.
SHP0006852,ADDR,Address Issue,Address,Medium,Open,2025-07-23 04:53:27,,141,Customer,Delivery address requires correction or validation.
SHP0006853,WX,Weather Delay,Weather,High,Closed,2025-07-07 16:15:02,2025-07-09 01:37:01,1487,Carrier,Shipment delayed because of weather conditions.
SHP0006857,CAP,Capacity Constraint,Capacity,Medium,Closed,2025-07-26 04:18:31,2025-07-26 11:06:45,262,Carrier,Shipment delayed due to available trailer or dock capacity.
SHP0006868,MSCN,Missed Scan,Process,Medium,Closed,2025-02-11 10:19:15,2025-02-12 03:50:49,418,Operations,Expected scan was not captured on time.
SHP0006869,WX,Weather Delay,Weather,High,Closed,2025-09-19 12:55:34,2025-09-20 08:22:23,621,Carrier,Shipment delayed because of weather conditions.
SHP0006872,MSCN,Missed Scan,Process,Medium,Closed,2025-09-26 14:22:13,2025-09-27 02:33:33,175,Operations,Expected scan was not captured on time.
SHP0006875,WX,Weather Delay,Weather,High,Open,2025-08-04 23:43:22,,1341,Carrier,Shipment delayed because of weather conditions.
SHP0006877,WX,Weather Delay,Weather,High,Closed,2025-04-13 08:45:53,2025-04-13 15:33:24,355,Carrier,Shipment delayed because of weather conditions.
SHP0006879,MSCN,Missed Scan,Process,Medium,Closed,2025-09-13 18:54:29,2025-09-14 05:32:54,491,Operations,Expected scan was not captured on time.
SHP0006883,ADDR,Address Issue,Address,Medium,Closed,2025-08-29 03:48:02,2025-08-30 01:04:19,1337,Customer,Delivery address requires correction or validation.
SHP0006884,WX,Weather Delay,Weather,High,Open,2025-02-28 02:42:44,,262,Carrier,Shipment delayed because of weather conditions.
SHP0006885,WX,Weather Delay,Weather,High,Closed,2025-02-19 09:36:40,2025-02-20 10:14:42,1497,Carrier,Shipment delayed because of weather conditions.
SHP0006886,CAP,Capacity Constraint,Capacity,Medium,Closed,2025-08-01 09:20:32,2025-08-01 20:26:03,312,Carrier,Shipment delayed due to available trailer or dock capacity.
SHP0006891,WX,Weather Delay,Weather,High,Closed,2025-01-03 19:05:28,2025-01-04 05:55:19,435,Carrier,Shipment delayed because of weather conditions.
SHP0006893,ADDR,Address Issue,Address,Medium,Closed,2025-02-10 15:39:31,2025-02-11 01:11:24,139,Customer,Delivery address requires correction or validation.
SHP0006895,WX,Weather Delay,Weather,High,Closed,2025-04-24 23:34:10,2025-04-26 03:11:15,1317,Carrier,Shipment delayed because of weather conditions.
SHP0006901,WX,Weather Delay,Weather,High,Closed,2025-09-04 20:39:14,2025-09-05 18:22:03,1094,Carrier,Shipment delayed because of weather conditions.
SHP0006903,DAMG,Damaged Shipment,Damage,High,Closed,2025-01-26 09:45:59,2025-01-28 10:37:51,2653,Carrier,Shipment flagged for damage inspection.
SHP0006907,ADDR,Address Issue,Address,Medium,Closed,2025-08-16 05:56:54,2025-08-17 01:03:46,1032,Customer,Delivery address requires correction or validation.
SHP0006909,ADDR,Address Issue,Address,Medium,Closed,2025-03-04 18:53:57,2025-03-05 11:01:59,845,Customer,Delivery address requires correction or validation.
SHP0006911,CAP,Capacity Constraint,Capacity,Medium,Closed,2025-06-09 06:04:20,2025-06-10 02:40:26,921,Carrier,Shipment delayed due to available trailer or dock capacity.
SHP0006914,ADDR,Address Issue,Address,Medium,Closed,2025-03-31 15:16:03,2025-04-01 10:36:24,904,Customer,Delivery address requires correction or validation.
SHP0006916,WX,Weather Delay,Weather,High,Closed,2025-09-07 09:06:38,2025-09-08 06:21:53,1184,Carrier,Shipment delayed because of weather conditions.
SHP0006922,DAMG,Damaged Shipment,Damage,High,Closed,2025-04-28 07:53:01,2025-04-29 00:37:24,667,Carrier,Shipment flagged for damage inspection.
SHP0006926,ADDR,Address Issue,Address,Medium,Closed,2025-08-13 14:20:29,2025-08-14 13:20:32,603,Customer,Delivery address requires correction or validation.
SHP0006928,WX,Weather Delay,Weather,High,Closed,2025-02-14 20:57:46,2025-02-15 05:39:15,1148,Carrier,Shipment delayed because of weather conditions.
SHP0006929,WX,Weather Delay,Weather,High,Open,2025-08-30 20:48:56,,1666,Carrier,Shipment delayed because of weather conditions.
SHP0006930,DAMG,Damaged Shipment,Damage,High,Closed,2025-06-25 15:35:32,2025-06-26 18:49:56,1146,Carrier,Shipment flagged for damage inspection.
SHP0006931,MSCN,Missed Scan,Process,Medium,Closed,2025-07-12 21:32:25,2025-07-13 05:54:10,304,Operations,Expected scan was not captured on time.
SHP0006932,MSCN,Missed Scan,Process,Medium,Closed,2025-06-08 17:12:47,2025-06-09 02:19:07,166,Operations,Expected scan was not captured on time.
SHP0006935,MSCN,Missed Scan,Process,Medium,Closed,2025-02-27 06:36:20,2025-02-27 16:06:45,297,Operations,Expected scan was not captured on time.
SHP0006937,MECH,Equipment Failure,Mechanical,High,Closed,2025-05-05 10:25:35,2025-05-05 18:04:49,185,Carrier,Equipment failure caused an operational delay.
SHP0006938,DAMG,Damaged Shipment,Damage,High,Closed,2025-08-15 05:15:28,2025-08-16 21:32:17,2017,Carrier,Shipment flagged for damage inspection.
SHP0006939,ADDR,Address Issue,Address,Medium,Closed,2025-05-04 11:37:23,2025-05-05 15:50:53,994,Customer,Delivery address requires correction or validation.
SHP0006941,MSCN,Missed Scan,Process,Medium,Closed,2025-06-07 05:12:57,2025-06-07 09:26:13,60,Operations,Expected scan was not captured on time.
SHP0006945,WX,Weather Delay,Weather,High,Closed,2025-06-20 21:29:12,2025-06-21 06:19:15,505,Carrier,Shipment delayed because of weather conditions.
SHP0006956,ADDR,Address Issue,Address,Medium,Open,2025-08-19 22:09:06,,939,Customer,Delivery address requires correction or validation.
SHP0006957,DAMG,Damaged Shipment,Damage,High,Closed,2025-06-03 19:32:44,2025-06-05 16:49:01,2652,Carrier,Shipment flagged for damage inspection.
SHP0006961,WX,Weather Delay,Weather,High,Closed,2025-01-30 04:01:40,2025-01-31 04:34:28,1060,Carrier,Shipment delayed because of weather conditions.
SHP0006964,WX,Weather Delay,Weather,High,Closed,2025-09-07 00:10:50,2025-09-08 07:02:54,1087,Carrier,Shipment delayed because of weather conditions.
SHP0006965,WX,Weather Delay,Weather,High,Closed,2025-02-14 06:19:58,2025-02-15 18:43:27,1533,Carrier,Shipment delayed because of weather conditions.
SHP0006967,WX,Weather Delay,Weather,High,Closed,2025-04-29 08:12:51,2025-04-29 21:41:14,870,Carrier,Shipment delayed because of weather conditions.
SHP0006973,WX,Weather Delay,Weather,High,Closed,2025-03-07 05:54:18,2025-03-08 10:31:47,1487,Carrier,Shipment delayed because of weather conditions.
SHP0006976,DAMG,Damaged Shipment,Damage,High,Closed,2025-09-16 21:45:26,2025-09-18 07:13:00,2150,Carrier,Shipment flagged for damage inspection.
SHP0006978,DAMG,Damaged Shipment,Damage,High,Closed,2025-07-16 03:25:00,2025-07-17 10:12:31,1405,Carrier,Shipment flagged for damage inspection.
SHP0006980,MECH,Equipment Failure,Mechanical,High,Closed,2025-01-07 17:31:57,2025-01-08 12:09:20,1085,Carrier,Equipment failure caused an operational delay.
SHP0006981,CAP,Capacity Constraint,Capacity,Medium,Closed,2025-06-20 16:34:19,2025-06-20 23:42:18,160,Carrier,Shipment delayed due to available trailer or dock capacity.
SHP0006982,DAMG,Damaged Shipment,Damage,High,Closed,2025-03-18 21:29:47,2025-03-20 14:03:14,2125,Carrier,Shipment flagged for damage inspection.
SHP0006987,MECH,Equipment Failure,Mechanical,High,Closed,2025-06-21 20:50:41,2025-06-22 12:47:02,406,Carrier,Equipment failure caused an operational delay.
SHP0006988,MECH,Equipment Failure,Mechanical,High,Closed,2025-07-15 15:13:34,2025-07-16 17:18:54,878,Carrier,Equipment failure caused an operational delay.
SHP0006989,ADDR,Address Issue,Address,Medium,Closed,2025-01-08 19:55:05,2025-01-09 10:17:44,410,Customer,Delivery address requires correction or validation.
SHP0006991,WX,Weather Delay,Weather,High,Closed,2025-05-05 15:49:16,2025-05-06 12:13:44,580,Carrier,Shipment delayed because of weather conditions.
SHP0006992,ADDR,Address Issue,Address,Medium,Closed,2025-03-29 21:27:07,2025-03-30 07:47:07,487,Customer,Delivery address requires correction or validation.
SHP0006995,ADDR,Address Issue,Address,Medium,Closed,2025-07-23 04:50:06,2025-07-24 03:23:18,785,Customer,Delivery address requires correction or validation.
SHP0007000,WX,Weather Delay,Weather,High,Closed,2025-03-15 23:57:11,2025-03-16 09:50:05,251,Carrier,Shipment delayed because of weather conditions.
SHP0007001,MSCN,Missed Scan,Process,Medium,Closed,2025-05-29 14:50:22,2025-05-30 00:53:07,352,Operations,Expected scan was not captured on time.
SHP0007004,WX,Weather Delay,Weather,High,Closed,2025-05-08 16:32:33,2025-05-09 21:58:31,1189,Carrier,Shipment delayed because of weather conditions.
SHP0007006,MSCN,Missed Scan,Process,Medium,Closed,2025-08-15 08:04:39,2025-08-16 01:58:08,530,Operations,Expected scan was not captured on time.
SHP0007011,WX,Weather Delay,Weather,High,Closed,2025-02-27 16:34:41,2025-02-28 11:04:00,910,Carrier,Shipment delayed because of weather conditions.
SHP0007013,DAMG,Damaged Shipment,Damage,High,Closed,2025-09-20 00:55:40,2025-09-21 18:59:16,2184,Carrier,Shipment flagged for damage inspection.
SHP0007016,DAMG,Damaged Shipment,Damage,High,Closed,2025-01-06 00:51:12,2025-01-08 04:06:47,2718,Carrier,Shipment flagged for damage inspection.
SHP0007022,ADDR,Address Issue,Address,Medium,Closed,2025-07-13 14:46:09,2025-07-14 11:52:31,503,Customer,Delivery address requires correction or validation.
SHP0007023,WX,Weather Delay,Weather,High,Closed,2025-05-11 18:18:55,2025-05-12 10:18:21,708,Carrier,Shipment delayed because of weather conditions.
SHP0007024,WX,Weather Delay,Weather,High,Closed,2025-03-19 03:35:54,2025-03-20 02:32:22,1001,Carrier,Shipment delayed because of weather conditions.
SHP0007028,MECH,Equipment Failure,Mechanical,High,Closed,2025-08-08 22:57:45,2025-08-09 15:32:59,775,Carrier,Equipment failure caused an operational delay.
SHP0007029,MSCN,Missed Scan,Process,Medium,Closed,2025-03-12 01:19:55,2025-03-12 18:57:17,532,Operations,Expected scan was not captured on time.
SHP0007031,WX,Weather Delay,Weather,High,Closed,2025-05-07 08:23:06,2025-05-08 05:56:07,941,Carrier,Shipment delayed because of weather conditions.
SHP0007032,MECH,Equipment Failure,Mechanical,High,Closed,2025-06-19 02:33:16,2025-06-19 14:22:40,422,Carrier,Equipment failure caused an operational delay.
SHP0007036,ADDR,Address Issue,Address,Medium,Closed,2025-05-03 21:04:29,2025-05-04 23:42:52,971,Customer,Delivery address requires correction or validation.
SHP0007038,CAP,Capacity Constraint,Capacity,Medium,Closed,2025-07-31 14:10:17,2025-08-01 06:24:34,258,Carrier,Shipment delayed due to available trailer or dock capacity.
SHP0007041,ADDR,Address Issue,Address,Medium,Closed,2025-08-16 21:23:12,2025-08-17 10:19:37,188,Customer,Delivery address requires correction or validation.
SHP0007042,ADDR,Address Issue,Address,Medium,Closed,2025-01-23 13:25:27,2025-01-23 22:55:21,405,Customer,Delivery address requires correction or validation.
SHP0007044,WX,Weather Delay,Weather,High,Closed,2025-07-10 19:33:23,2025-07-11 12:02:15,929,Carrier,Shipment delayed because of weather conditions.
SHP0007051,ADDR,Address Issue,Address,Medium,Closed,2025-07-30 05:15:50,2025-07-31 10:10:33,954,Customer,Delivery address requires correction or validation.
SHP0007054,WX,Weather Delay,Weather,High,Closed,2025-08-02 08:21:43,2025-08-03 12:52:30,1415,Carrier,Shipment delayed because of weather conditions.
SHP0007057,ADDR,Address Issue,Address,Medium,Closed,2025-03-30 15:19:43,2025-03-31 18:46:31,1186,Customer,Delivery address requires correction or validation.
SHP0007058,MECH,Equipment Failure,Mechanical,High,Closed,2025-03-21 17:10:05,2025-03-22 00:24:17,186,Carrier,Equipment failure caused an operational delay.
SHP0007059,ADDR,Address Issue,Address,Medium,Closed,2025-09-20 08:17:17,2025-09-20 17:07:31,312,Customer,Delivery address requires correction or validation.
SHP0007060,DAMG,Damaged Shipment,Damage,High,Closed,2025-01-10 07:02:15,2025-01-10 22:59:02,863,Carrier,Shipment flagged for damage inspection.
SHP0007061,DAMG,Damaged Shipment,Damage,High,Closed,2025-04-23 05:04:56,2025-04-24 17:33:43,1904,Carrier,Shipment flagged for damage inspection.
SHP0007065,ADDR,Address Issue,Address,Medium,Closed,2025-04-09 01:25:31,2025-04-10 00:01:04,774,Customer,Delivery address requires correction or validation.
SHP0007067,WX,Weather Delay,Weather,High,Closed,2025-09-29 01:02:01,2025-09-30 13:21:48,1504,Carrier,Shipment delayed because of weather conditions.
SHP0007068,DAMG,Damaged Shipment,Damage,High,Closed,2025-02-24 18:15:16,2025-02-25 00:01:58,404,Carrier,Shipment flagged for damage inspection.
SHP0007070,ADDR,Address Issue,Address,Medium,Closed,2025-03-19 15:14:40,2025-03-19 22:01:14,132,Customer,Delivery address requires correction or validation.
SHP0007075,ADDR,Address Issue,Address,Medium,Closed,2025-07-20 16:13:44,2025-07-21 11:45:39,683,Customer,Delivery address requires correction or validation.
SHP0007078,MSCN,Missed Scan,Process,Medium,Closed,2025-07-27 05:36:43,2025-07-27 20:40:52,256,Operations,Expected scan was not captured on time.
SHP0007080,WX,Weather Delay,Weather,High,Closed,2025-09-28 23:51:56,2025-09-29 14:27:43,351,Carrier,Shipment delayed because of weather conditions.
SHP0007081,ADDR,Address Issue,Address,Medium,Closed,2025-03-14 12:37:50,2025-03-14 21:08:47,523,Customer,Delivery address requires correction or validation.
SHP0007082,CAP,Capacity Constraint,Capacity,Medium,Closed,2025-07-11 20:54:51,2025-07-12 14:41:17,400,Carrier,Shipment delayed due to available trailer or dock capacity.
SHP0007083,DAMG,Damaged Shipment,Damage,High,Closed,2025-03-09 08:37:38,2025-03-11 14:53:28,2712,Carrier,Shipment flagged for damage inspection.
SHP0007085,WX,Weather Delay,Weather,High,Closed,2025-01-03 16:14:46,2025-01-04 12:21:26,596,Carrier,Shipment delayed because of weather conditions.
SHP0007086,ADDR,Address Issue,Address,Medium,Closed,2025-07-08 15:17:35,2025-07-09 22:55:50,1231,Customer,Delivery address requires correction or validation.
SHP0007089,DAMG,Damaged Shipment,Damage,High,Closed,2025-07-02 19:35:14,2025-07-04 23:05:45,2441,Carrier,Shipment flagged for damage inspection.
SHP0007099,WX,Weather Delay,Weather,High,Open,2025-04-02 08:55:34,,829,Carrier,Shipment delayed because of weather conditions.
SHP0007100,ADDR,Address Issue,Address,Medium,Closed,2025-06-23 05:09:56,2025-06-23 23:02:40,461,Customer,Delivery address requires correction or validation.
SHP0007103,ADDR,Address Issue,Address,Medium,Closed,2025-04-11 17:10:10,2025-04-12 09:46:55,757,Customer,Delivery address requires correction or validation.
SHP0007104,MSCN,Missed Scan,Process,Medium,Closed,2025-02-08 17:56:58,2025-02-09 04:43:34,181,Operations,Expected scan was not captured on time.
SHP0007105,CAP,Capacity Constraint,Capacity,Medium,Closed,2025-04-14 04:21:38,2025-04-15 07:50:08,795,Carrier,Shipment delayed due to available trailer or dock capacity.
SHP0007107,MECH,Equipment Failure,Mechanical,High,Closed,2025-01-20 11:36:13,2025-01-20 22:30:11,354,Carrier,Equipment failure caused an operational delay.
SHP0007114,DAMG,Damaged Shipment,Damage,High,Closed,2025-04-12 21:21:38,2025-04-14 11:10:47,1467,Carrier,Shipment flagged for damage inspection.
SHP0007115,DAMG,Damaged Shipment,Damage,High,Open,2025-04-20 01:20:12,,526,Carrier,Shipment flagged for damage inspection.
SHP0007117,ADDR,Address Issue,Address,Medium,Closed,2025-09-14 16:26:05,2025-09-14 23:15:18,229,Customer,Delivery address requires correction or validation.
SHP0007119,WX,Weather Delay,Weather,High,Closed,2025-08-03 01:28:01,2025-08-03 11:57:13,392,Carrier,Shipment delayed because of weather conditions.
SHP0007121,MECH,Equipment Failure,Mechanical,High,Closed,2025-08-09 23:02:40,2025-08-11 00:32:52,1082,Carrier,Equipment failure caused an operational delay.
SHP0007122,CAP,Capacity Constraint,Capacity,Medium,Closed,2025-03-14 09:26:33,2025-03-15 06:47:07,624,Carrier,Shipment delayed due to available trailer or dock capacity.
SHP0007123,WX,Weather Delay,Weather,High,Closed,2025-08-12 07:44:29,2025-08-13 01:12:42,646,Carrier,Shipment delayed because of weather conditions.
SHP0007124,ADDR,Address Issue,Address,Medium,Closed,2025-07-01 01:52:56,2025-07-02 01:53:02,934,Customer,Delivery address requires correction or validation.
SHP0007125,DAMG,Damaged Shipment,Damage,High,Closed,2025-02-20 13:22:23,2025-02-21 12:22:48,663,Carrier,Shipment flagged for damage inspection.
SHP0007127,WX,Weather Delay,Weather,High,Closed,2025-02-06 07:33:17,2025-02-07 05:59:50,1227,Carrier,Shipment delayed because of weather conditions.
SHP0007128,ADDR,Address Issue,Address,Medium,Closed,2025-08-12 09:05:28,2025-08-12 18:31:40,585,Customer,Delivery address requires correction or validation.
SHP0007129,DAMG,Damaged Shipment,Damage,High,Closed,2025-06-29 07:47:28,2025-07-01 03:28:37,1953,Carrier,Shipment flagged for damage inspection.
SHP0007131,MSCN,Missed Scan,Process,Medium,Closed,2025-01-16 02:43:56,2025-01-17 00:10:09,537,Operations,Expected scan was not captured on time.
SHP0007132,ADDR,Address Issue,Address,Medium,Closed,2025-05-08 19:40:22,2025-05-09 18:03:44,922,Customer,Delivery address requires correction or validation.
SHP0007137,MSCN,Missed Scan,Process,Medium,Closed,2025-04-15 17:33:40,2025-04-16 07:37:10,418,Operations,Expected scan was not captured on time.
SHP0007138,MECH,Equipment Failure,Mechanical,High,Closed,2025-09-03 16:07:57,2025-09-04 05:50:58,543,Carrier,Equipment failure caused an operational delay.
SHP0007141,WX,Weather Delay,Weather,High,Closed,2025-06-13 15:56:30,2025-06-14 20:45:16,876,Carrier,Shipment delayed because of weather conditions.
SHP0007146,CAP,Capacity Constraint,Capacity,Medium,Closed,2025-02-26 22:22:13,2025-02-27 05:29:54,228,Carrier,Shipment delayed due to available trailer or dock capacity.
SHP0007148,MSCN,Missed Scan,Process,Medium,Closed,2025-03-01 11:30:36,2025-03-01 20:02:00,419,Operations,Expected scan was not captured on time.
SHP0007150,CAP,Capacity Constraint,Capacity,Medium,Closed,2025-04-10 05:11:40,2025-04-10 07:10:55,135,Carrier,Shipment delayed due to available trailer or dock capacity.
SHP0007153,ADDR,Address Issue,Address,Medium,Open,2025-01-28 08:32:45,,609,Customer,Delivery address requires correction or validation.
SHP0007154,WX,Weather Delay,Weather,High,Closed,2025-02-07 21:38:57,2025-02-09 01:02:58,1194,Carrier,Shipment delayed because of weather conditions.
SHP0007156,ADDR,Address Issue,Address,Medium,Closed,2025-04-18 19:08:33,2025-04-19 08:19:07,201,Customer,Delivery address requires correction or validation.
SHP0007158,DAMG,Damaged Shipment,Damage,High,Closed,2025-09-07 02:49:57,2025-09-07 11:26:34,1362,Carrier,Shipment flagged for damage inspection.
SHP0007163,MECH,Equipment Failure,Mechanical,High,Closed,2025-05-30 04:53:29,2025-05-30 17:57:24,487,Carrier,Equipment failure caused an operational delay.
SHP0007165,CAP,Capacity Constraint,Capacity,Medium,Closed,2025-07-02 00:35:29,2025-07-02 14:48:50,827,Carrier,Shipment delayed due to available trailer or dock capacity.
SHP0007167,DAMG,Damaged Shipment,Damage,High,Closed,2025-09-13 12:05:25,2025-09-14 07:14:15,772,Carrier,Shipment flagged for damage inspection.
SHP0007172,CAP,Capacity Constraint,Capacity,Medium,Closed,2025-04-22 15:26:15,2025-04-22 20:47:57,247,Carrier,Shipment delayed due to available trailer or dock capacity.
SHP0007173,WX,Weather Delay,Weather,High,Closed,2025-08-04 00:07:36,2025-08-05 11:58:19,1354,Carrier,Shipment delayed because of weather conditions.
SHP0007183,MSCN,Missed Scan,Process,Medium,Closed,2025-06-23 02:22:58,2025-06-23 12:45:02,146,Operations,Expected scan was not captured on time.
SHP0007185,WX,Weather Delay,Weather,High,Closed,2025-08-01 00:45:51,2025-08-02 01:17:02,1513,Carrier,Shipment delayed because of weather conditions.
SHP0007196,WX,Weather Delay,Weather,High,Open,2025-08-30 05:02:41,,874,Carrier,Shipment delayed because of weather conditions.
SHP0007197,CAP,Capacity Constraint,Capacity,Medium,Closed,2025-01-09 01:03:10,2025-01-09 07:55:40,336,Carrier,Shipment delayed due to available trailer or dock capacity.
SHP0007198,MSCN,Missed Scan,Process,Medium,Closed,2025-05-31 20:58:26,2025-06-01 01:02:19,34,Operations,Expected scan was not captured on time.
SHP0007199,MSCN,Missed Scan,Process,Medium,Closed,2025-08-09 04:56:56,2025-08-09 13:29:09,159,Operations,Expected scan was not captured on time.
SHP0007200,DAMG,Damaged Shipment,Damage,High,Closed,2025-05-24 17:19:29,2025-05-26 23:29:40,2753,Carrier,Shipment flagged for damage inspection.
SHP0007202,CAP,Capacity Constraint,Capacity,Medium,Closed,2025-04-07 08:29:20,2025-04-07 20:22:23,658,Carrier,Shipment delayed due to available trailer or dock capacity.
SHP0007205,WX,Weather Delay,Weather,High,Closed,2025-05-12 02:50:50,2025-05-13 08:38:27,1377,Carrier,Shipment delayed because of weather conditions.
SHP0007210,DAMG,Damaged Shipment,Damage,High,Open,2025-08-22 03:51:47,,1458,Carrier,Shipment flagged for damage inspection.
SHP0007211,CAP,Capacity Constraint,Capacity,Medium,Closed,2025-07-13 16:52:31,2025-07-13 23:11:22,169,Carrier,Shipment delayed due to available trailer or dock capacity.
SHP0007214,MSCN,Missed Scan,Process,Medium,Open,2025-06-15 21:41:02,,78,Operations,Expected scan was not captured on time.
SHP0007217,WX,Weather Delay,Weather,High,Closed,2025-09-27 04:32:32,2025-09-27 11:20:34,403,Carrier,Shipment delayed because of weather conditions.
SHP0007218,MSCN,Missed Scan,Process,Medium,Closed,2025-09-14 16:42:49,2025-09-15 05:54:54,452,Operations,Expected scan was not captured on time.
SHP0007222,MECH,Equipment Failure,Mechanical,High,Closed,2025-08-17 16:13:34,2025-08-19 00:39:35,1128,Carrier,Equipment failure caused an operational delay.
SHP0007223,MECH,Equipment Failure,Mechanical,High,Closed,2025-05-16 03:25:28,2025-05-17 05:23:14,1235,Carrier,Equipment failure caused an operational delay.
SHP0007229,WX,Weather Delay,Weather,High,Closed,2025-08-31 12:55:59,2025-09-01 17:43:43,1360,Carrier,Shipment delayed because of weather conditions.
SHP0007232,ADDR,Address Issue,Address,Medium,Closed,2025-03-13 05:16:32,2025-03-13 20:17:39,693,Customer,Delivery address requires correction or validation.
SHP0007233,CAP,Capacity Constraint,Capacity,Medium,Closed,2025-08-14 14:30:10,2025-08-15 06:40:41,623,Carrier,Shipment delayed due to available trailer or dock capacity.
SHP0007237,MSCN,Missed Scan,Process,Medium,Closed,2025-05-31 12:17:15,2025-05-31 21:50:14,123,Operations,Expected scan was not captured on time.
SHP0007240,CAP,Capacity Constraint,Capacity,Medium,Closed,2025-04-16 05:32:23,2025-04-16 23:41:24,463,Carrier,Shipment delayed due to available trailer or dock capacity.
SHP0007242,MSCN,Missed Scan,Process,Medium,Closed,2025-03-13 04:44:44,2025-03-13 13:55:29,197,Operations,Expected scan was not captured on time.
SHP0007244,MECH,Equipment Failure,Mechanical,High,Closed,2025-08-11 13:28:27,2025-08-12 11:45:28,933,Carrier,Equipment failure caused an operational delay.
SHP0007250,MSCN,Missed Scan,Process,Medium,Closed,2025-09-05 14:57:10,2025-09-06 06:19:50,457,Operations,Expected scan was not captured on time.
SHP0007251,MSCN,Missed Scan,Process,Medium,Open,2025-10-01 11:00:00,,299,Operations,Expected scan was not captured on time.
SHP0007253,MSCN,Missed Scan,Process,Medium,Closed,2025-05-07 12:13:32,2025-05-07 18:51:35,238,Operations,Expected scan was not captured on time.
SHP0007256,WX,Weather Delay,Weather,High,Closed,2025-08-20 22:54:10,2025-08-21 21:27:49,1289,Carrier,Shipment delayed because of weather conditions.
SHP0007257,CAP,Capacity Constraint,Capacity,Medium,Closed,2025-03-20 15:04:14,2025-03-21 04:51:39,327,Carrier,Shipment delayed due to available trailer or dock capacity.
SHP0007259,MSCN,Missed Scan,Process,Medium,Closed,2025-03-05 02:04:57,2025-03-05 12:33:51,255,Operations,Expected scan was not captured on time.
SHP0007262,MSCN,Missed Scan,Process,Medium,Closed,2025-07-08 02:41:42,2025-07-08 16:55:57,447,Operations,Expected scan was not captured on time.
SHP0007263,CAP,Capacity Constraint,Capacity,Medium,Closed,2025-06-25 13:30:18,2025-06-26 09:26:50,605,Carrier,Shipment delayed due to available trailer or dock capacity.
SHP0007265,WX,Weather Delay,Weather,High,Closed,2025-03-04 21:58:56,2025-03-05 18:25:57,473,Carrier,Shipment delayed because of weather conditions.
SHP0007266,ADDR,Address Issue,Address,Medium,Closed,2025-04-21 14:23:35,2025-04-22 12:43:30,1083,Customer,Delivery address requires correction or validation.
SHP0007268,DAMG,Damaged Shipment,Damage,High,Closed,2025-01-13 20:21:54,2025-01-14 15:11:35,932,Carrier,Shipment flagged for damage inspection.
SHP0007269,DAMG,Damaged Shipment,Damage,High,Open,2025-05-20 06:56:09,,2199,Carrier,Shipment flagged for damage inspection.
SHP0007273,MECH,Equipment Failure,Mechanical,High,Closed,2025-01-30 18:04:04,2025-01-31 07:11:51,398,Carrier,Equipment failure caused an operational delay.
SHP0007274,ADDR,Address Issue,Address,Medium,Closed,2025-06-18 08:12:10,2025-06-18 18:29:32,874,Customer,Delivery address requires correction or validation.
SHP0007276,DAMG,Damaged Shipment,Damage,High,Closed,2025-03-07 03:16:11,2025-03-08 05:04:40,1472,Carrier,Shipment flagged for damage inspection.
SHP0007279,WX,Weather Delay,Weather,High,Closed,2025-03-19 10:27:01,2025-03-20 13:09:03,1159,Carrier,Shipment delayed because of weather conditions.
SHP0007284,DAMG,Damaged Shipment,Damage,High,Closed,2025-03-15 04:07:49,2025-03-16 07:39:57,1521,Carrier,Shipment flagged for damage inspection.
SHP0007285,WX,Weather Delay,Weather,High,Closed,2025-01-08 17:03:25,2025-01-09 01:34:37,258,Carrier,Shipment delayed because of weather conditions.
SHP0007290,MSCN,Missed Scan,Process,Medium,Closed,2025-03-19 12:50:06,2025-03-20 08:07:13,442,Operations,Expected scan was not captured on time.
SHP0007292,MSCN,Missed Scan,Process,Medium,Closed,2025-03-19 12:26:36,2025-03-20 00:13:45,219,Operations,Expected scan was not captured on time.
SHP0007296,ADDR,Address Issue,Address,Medium,Closed,2025-08-22 14:35:31,2025-08-23 01:33:40,153,Customer,Delivery address requires correction or validation.
SHP0007297,WX,Weather Delay,Weather,High,Closed,2025-03-28 01:43:43,2025-03-28 23:25:42,722,Carrier,Shipment delayed because of weather conditions.
SHP0007300,WX,Weather Delay,Weather,High,Closed,2025-02-10 19:41:30,2025-02-11 16:27:20,705,Carrier,Shipment delayed because of weather conditions.
SHP0007301,WX,Weather Delay,Weather,High,Closed,2025-07-14 13:49:22,2025-07-15 18:06:54,1427,Carrier,Shipment delayed because of weather conditions.
SHP0007302,ADDR,Address Issue,Address,Medium,Closed,2025-07-17 11:48:33,2025-07-18 04:22:21,459,Customer,Delivery address requires correction or validation.
SHP0007305,WX,Weather Delay,Weather,High,Closed,2025-03-03 08:18:40,2025-03-03 23:49:16,240,Carrier,Shipment delayed because of weather conditions.
SHP0007306,WX,Weather Delay,Weather,High,Closed,2025-02-21 00:50:39,2025-02-22 12:04:55,1303,Carrier,Shipment delayed because of weather conditions.
SHP0007308,WX,Weather Delay,Weather,High,Closed,2025-09-02 01:42:47,2025-09-03 05:14:34,1355,Carrier,Shipment delayed because of weather conditions.
SHP0007316,ADDR,Address Issue,Address,Medium,Closed,2025-09-24 10:07:23,2025-09-25 01:51:46,663,Customer,Delivery address requires correction or validation.
SHP0007318,WX,Weather Delay,Weather,High,Closed,2025-01-23 15:36:54,2025-01-24 16:01:41,1439,Carrier,Shipment delayed because of weather conditions.
SHP0007320,DAMG,Damaged Shipment,Damage,High,Closed,2025-04-14 15:25:34,2025-04-15 12:35:47,828,Carrier,Shipment flagged for damage inspection.
SHP0007321,CAP,Capacity Constraint,Capacity,Medium,Closed,2025-09-16 20:37:42,2025-09-17 20:22:03,692,Carrier,Shipment delayed due to available trailer or dock capacity.
SHP0007322,ADDR,Address Issue,Address,Medium,Closed,2025-02-18 18:21:56,2025-02-19 08:55:51,880,Customer,Delivery address requires correction or validation.
SHP0007323,MSCN,Missed Scan,Process,Medium,Closed,2025-03-13 18:35:43,2025-03-14 03:09:48,360,Operations,Expected scan was not captured on time.
SHP0007324,MECH,Equipment Failure,Mechanical,High,Open,2025-06-17 06:10:22,,905,Carrier,Equipment failure caused an operational delay.
SHP0007327,WX,Weather Delay,Weather,High,Closed,2025-07-10 14:12:08,2025-07-11 17:28:42,954,Carrier,Shipment delayed because of weather conditions.
SHP0007328,WX,Weather Delay,Weather,High,Closed,2025-01-30 18:11:45,2025-02-01 01:02:42,1550,Carrier,Shipment delayed because of weather conditions.
SHP0007329,WX,Weather Delay,Weather,High,Closed,2025-06-24 20:56:06,2025-06-25 08:46:18,530,Carrier,Shipment delayed because of weather conditions.
SHP0007332,WX,Weather Delay,Weather,High,Closed,2025-05-21 09:03:09,2025-05-22 23:32:01,1631,Carrier,Shipment delayed because of weather conditions.
SHP0007335,ADDR,Address Issue,Address,Medium,Closed,2025-07-15 05:22:04,2025-07-16 00:40:11,336,Customer,Delivery address requires correction or validation.
SHP0007336,MSCN,Missed Scan,Process,Medium,Closed,2025-08-21 06:24:57,2025-08-21 15:55:35,411,Operations,Expected scan was not captured on time.
SHP0007337,ADDR,Address Issue,Address,Medium,Closed,2025-06-03 06:11:53,2025-06-03 20:41:28,850,Customer,Delivery address requires correction or validation.
SHP0007338,DAMG,Damaged Shipment,Damage,High,Closed,2025-07-17 12:25:29,2025-07-18 19:22:09,1952,Carrier,Shipment flagged for damage inspection.
SHP0007340,MECH,Equipment Failure,Mechanical,High,Closed,2025-08-25 01:09:08,2025-08-25 15:51:41,323,Carrier,Equipment failure caused an operational delay.
SHP0007342,ADDR,Address Issue,Address,Medium,Closed,2025-05-01 00:25:20,2025-05-02 10:26:43,1335,Customer,Delivery address requires correction or validation.
SHP0007343,MECH,Equipment Failure,Mechanical,High,Closed,2025-07-02 13:44:40,2025-07-03 09:43:32,415,Carrier,Equipment failure caused an operational delay.
SHP0007345,WX,Weather Delay,Weather,High,Closed,2025-05-10 15:35:05,2025-05-11 07:44:06,1075,Carrier,Shipment delayed because of weather conditions.
SHP0007346,WX,Weather Delay,Weather,High,Closed,2025-06-03 16:33:38,2025-06-04 07:32:57,513,Carrier,Shipment delayed because of weather conditions.
SHP0007347,CAP,Capacity Constraint,Capacity,Medium,Closed,2025-01-26 10:04:22,2025-01-26 22:39:22,639,Carrier,Shipment delayed due to available trailer or dock capacity.
SHP0007349,WX,Weather Delay,Weather,High,Closed,2025-02-27 08:03:46,2025-02-28 03:05:06,720,Carrier,Shipment delayed because of weather conditions.
SHP0007350,ADDR,Address Issue,Address,Medium,Closed,2025-02-20 09:21:57,2025-02-20 20:48:57,489,Customer,Delivery address requires correction or validation.
SHP0007353,DAMG,Damaged Shipment,Damage,High,Open,2025-05-16 22:51:33,,2797,Carrier,Shipment flagged for damage inspection.
SHP0007355,DAMG,Damaged Shipment,Damage,High,Closed,2025-08-26 14:39:13,2025-08-27 09:12:20,929,Carrier,Shipment flagged for damage inspection.
SHP0007356,MECH,Equipment Failure,Mechanical,High,Closed,2025-03-03 05:25:10,2025-03-04 06:14:40,1305,Carrier,Equipment failure caused an operational delay.
SHP0007357,MECH,Equipment Failure,Mechanical,High,Open,2025-09-30 21:47:02,,755,Carrier,Equipment failure caused an operational delay.
SHP0007358,MECH,Equipment Failure,Mechanical,High,Closed,2025-05-30 16:38:41,2025-05-31 15:59:22,1285,Carrier,Equipment failure caused an operational delay.
SHP0007360,CAP,Capacity Constraint,Capacity,Medium,Closed,2025-02-18 06:38:38,2025-02-19 05:11:49,916,Carrier,Shipment delayed due to available trailer or dock capacity.
SHP0007365,DAMG,Damaged Shipment,Damage,High,Closed,2025-06-17 23:29:08,2025-06-19 20:26:31,2771,Carrier,Shipment flagged for damage inspection.
SHP0007367,DAMG,Damaged Shipment,Damage,High,Closed,2025-06-24 16:19:25,2025-06-25 05:19:33,580,Carrier,Shipment flagged for damage inspection.
SHP0007368,WX,Weather Delay,Weather,High,Closed,2025-07-09 16:43:34,2025-07-10 05:44:15,417,Carrier,Shipment delayed because of weather conditions.
SHP0007370,MSCN,Missed Scan,Process,Medium,Closed,2025-08-29 16:43:49,2025-08-30 06:24:40,477,Operations,Expected scan was not captured on time.
SHP0007371,ADDR,Address Issue,Address,Medium,Closed,2025-02-27 08:30:49,2025-02-28 13:09:03,1123,Customer,Delivery address requires correction or validation.
SHP0007377,WX,Weather Delay,Weather,High,Closed,2025-06-13 23:26:15,2025-06-14 18:43:37,1093,Carrier,Shipment delayed because of weather conditions.
SHP0007379,WX,Weather Delay,Weather,High,Closed,2025-09-09 15:48:20,2025-09-11 06:40:41,1627,Carrier,Shipment delayed because of weather conditions.
SHP0007380,MSCN,Missed Scan,Process,Medium,Closed,2025-06-06 10:58:22,2025-06-07 03:46:41,523,Operations,Expected scan was not captured on time.
SHP0007381,WX,Weather Delay,Weather,High,Closed,2025-04-26 02:49:52,2025-04-27 07:46:01,1643,Carrier,Shipment delayed because of weather conditions.
SHP0007383,WX,Weather Delay,Weather,High,Closed,2025-04-05 10:39:30,2025-04-06 12:40:12,1399,Carrier,Shipment delayed because of weather conditions.
SHP0007393,WX,Weather Delay,Weather,High,Closed,2025-02-06 10:17:14,2025-02-07 09:16:50,881,Carrier,Shipment delayed because of weather conditions.
SHP0007394,WX,Weather Delay,Weather,High,Open,2025-06-26 15:59:28,,925,Carrier,Shipment delayed because of weather conditions.
SHP0007396,ADDR,Address Issue,Address,Medium,Closed,2025-09-09 08:46:54,2025-09-10 18:12:40,1427,Customer,Delivery address requires correction or validation.
SHP0007398,MSCN,Missed Scan,Process,Medium,Closed,2025-02-10 07:02:21,2025-02-10 17:29:46,59,Operations,Expected scan was not captured on time.
SHP0007401,MECH,Equipment Failure,Mechanical,High,Closed,2025-08-05 03:12:18,2025-08-05 22:17:53,1009,Carrier,Equipment failure caused an operational delay.
SHP0007402,DAMG,Damaged Shipment,Damage,High,Closed,2025-02-13 19:35:31,2025-02-14 09:28:13,552,Carrier,Shipment flagged for damage inspection.
SHP0007403,MSCN,Missed Scan,Process,Medium,Closed,2025-01-17 02:31:21,2025-01-17 12:23:00,448,Operations,Expected scan was not captured on time.
SHP0007404,ADDR,Address Issue,Address,Medium,Closed,2025-06-23 16:02:25,2025-06-24 14:07:16,902,Customer,Delivery address requires correction or validation.
SHP0007408,WX,Weather Delay,Weather,High,Closed,2025-04-27 04:45:49,2025-04-28 05:33:34,1182,Carrier,Shipment delayed because of weather conditions.
SHP0007409,MSCN,Missed Scan,Process,Medium,Closed,2025-01-31 05:18:05,2025-02-01 02:26:04,497,Operations,Expected scan was not captured on time.
SHP0007410,WX,Weather Delay,Weather,High,Closed,2025-06-23 01:42:21,2025-06-23 14:47:26,665,Carrier,Shipment delayed because of weather conditions.
SHP0007412,ADDR,Address Issue,Address,Medium,Closed,2025-07-21 07:15:48,2025-07-21 14:57:55,361,Customer,Delivery address requires correction or validation.
SHP0007416,MECH,Equipment Failure,Mechanical,High,Closed,2025-07-23 06:32:26,2025-07-24 12:06:35,1259,Carrier,Equipment failure caused an operational delay.
SHP0007418,ADDR,Address Issue,Address,Medium,Closed,2025-01-23 10:09:39,2025-01-24 02:55:25,454,Customer,Delivery address requires correction or validation.
SHP0007423,DAMG,Damaged Shipment,Damage,High,Closed,2025-01-09 02:16:02,2025-01-09 19:48:53,573,Carrier,Shipment flagged for damage inspection.
SHP0007424,WX,Weather Delay,Weather,High,Closed,2025-02-27 19:37:01,2025-02-28 16:43:45,845,Carrier,Shipment delayed because of weather conditions.
SHP0007426,ADDR,Address Issue,Address,Medium,Closed,2025-03-23 05:33:02,2025-03-24 07:46:41,941,Customer,Delivery address requires correction or validation.
SHP0007427,WX,Weather Delay,Weather,High,Closed,2025-04-07 20:51:48,2025-04-08 07:32:54,659,Carrier,Shipment delayed because of weather conditions.
SHP0007428,WX,Weather Delay,Weather,High,Closed,2025-09-01 15:23:51,2025-09-02 03:12:22,668,Carrier,Shipment delayed because of weather conditions.
SHP0007432,MECH,Equipment Failure,Mechanical,High,Closed,2025-05-06 22:00:58,2025-05-07 19:40:37,835,Carrier,Equipment failure caused an operational delay.
SHP0007433,MSCN,Missed Scan,Process,Medium,Closed,2025-04-07 00:38:34,2025-04-07 16:56:58,488,Operations,Expected scan was not captured on time.
SHP0007436,WX,Weather Delay,Weather,High,Closed,2025-06-01 00:26:18,2025-06-02 08:00:37,1337,Carrier,Shipment delayed because of weather conditions.
SHP0007437,MECH,Equipment Failure,Mechanical,High,Closed,2025-08-22 23:49:24,2025-08-23 13:34:13,303,Carrier,Equipment failure caused an operational delay.
SHP0007440,WX,Weather Delay,Weather,High,Closed,2025-03-16 03:55:23,2025-03-16 19:08:33,854,Carrier,Shipment delayed because of weather conditions.
SHP0007443,MSCN,Missed Scan,Process,Medium,Closed,2025-07-31 09:32:27,2025-07-31 16:49:35,359,Operations,Expected scan was not captured on time.
SHP0007444,ADDR,Address Issue,Address,Medium,Closed,2025-01-01 22:18:05,2025-01-03 03:47:50,1241,Customer,Delivery address requires correction or validation.
SHP0007445,CAP,Capacity Constraint,Capacity,Medium,Closed,2025-05-30 02:24:01,2025-05-30 16:34:30,582,Carrier,Shipment delayed due to available trailer or dock capacity.
SHP0007448,DAMG,Damaged Shipment,Damage,High,Closed,2025-07-07 15:39:47,2025-07-08 05:00:00,519,Carrier,Shipment flagged for damage inspection.
SHP0007449,MSCN,Missed Scan,Process,Medium,Closed,2025-03-24 16:22:52,2025-03-25 05:50:56,486,Operations,Expected scan was not captured on time.
SHP0007455,MECH,Equipment Failure,Mechanical,High,Closed,2025-03-06 17:17:15,2025-03-07 17:27:32,687,Carrier,Equipment failure caused an operational delay.
SHP0007462,WX,Weather Delay,Weather,High,Closed,2025-07-31 12:36:39,2025-08-01 02:20:29,658,Carrier,Shipment delayed because of weather conditions.
SHP0007463,WX,Weather Delay,Weather,High,Closed,2025-08-27 11:56:32,2025-08-28 18:34:53,1430,Carrier,Shipment delayed because of weather conditions.
SHP0007464,WX,Weather Delay,Weather,High,Closed,2025-05-20 05:30:02,2025-05-21 09:40:02,903,Carrier,Shipment delayed because of weather conditions.
SHP0007468,MSCN,Missed Scan,Process,Medium,Closed,2025-04-04 19:47:57,2025-04-05 08:22:46,530,Operations,Expected scan was not captured on time.
SHP0007469,MECH,Equipment Failure,Mechanical,High,Closed,2025-03-18 23:17:34,2025-03-19 13:10:54,883,Carrier,Equipment failure caused an operational delay.
SHP0007471,CAP,Capacity Constraint,Capacity,Medium,Open,2025-03-21 22:30:39,,189,Carrier,Shipment delayed due to available trailer or dock capacity.
SHP0007484,ADDR,Address Issue,Address,Medium,Closed,2025-09-28 07:25:51,2025-09-29 05:20:50,591,Customer,Delivery address requires correction or validation.
SHP0007487,ADDR,Address Issue,Address,Medium,Closed,2025-07-23 00:15:34,2025-07-23 18:04:46,736,Customer,Delivery address requires correction or validation.
SHP0007494,MSCN,Missed Scan,Process,Medium,Closed,2025-06-15 19:34:32,2025-06-16 03:10:25,444,Operations,Expected scan was not captured on time.
SHP0007501,ADDR,Address Issue,Address,Medium,Closed,2025-05-07 20:49:01,2025-05-08 07:17:46,325,Customer,Delivery address requires correction or validation.
SHP0007502,MECH,Equipment Failure,Mechanical,High,Open,2025-05-02 07:51:45,,305,Carrier,Equipment failure caused an operational delay.
SHP0007504,ADDR,Address Issue,Address,Medium,Closed,2025-03-20 13:49:00,2025-03-21 04:28:21,357,Customer,Delivery address requires correction or validation.
SHP0007505,MSCN,Missed Scan,Process,Medium,Closed,2025-09-16 12:29:49,2025-09-16 17:46:56,165,Operations,Expected scan was not captured on time.
SHP0007507,WX,Weather Delay,Weather,High,Closed,2025-09-23 23:21:36,2025-09-24 03:24:15,258,Carrier,Shipment delayed because of weather conditions.
SHP0007508,WX,Weather Delay,Weather,High,Closed,2025-01-25 21:11:19,2025-01-26 07:49:33,675,Carrier,Shipment delayed because of weather conditions.
SHP0007509,DAMG,Damaged Shipment,Damage,High,Closed,2025-09-12 07:00:56,2025-09-13 17:01:06,1728,Carrier,Shipment flagged for damage inspection.
SHP0007510,WX,Weather Delay,Weather,High,Closed,2025-03-23 00:15:27,2025-03-23 15:45:04,618,Carrier,Shipment delayed because of weather conditions.
SHP0007513,WX,Weather Delay,Weather,High,Closed,2025-01-29 21:20:56,2025-01-30 17:37:53,365,Carrier,Shipment delayed because of weather conditions.
SHP0007516,WX,Weather Delay,Weather,High,Closed,2025-06-13 06:09:04,2025-06-14 08:14:03,920,Carrier,Shipment delayed because of weather conditions.
SHP0007517,MSCN,Missed Scan,Process,Medium,Closed,2025-06-01 06:30:38,2025-06-01 12:51:07,233,Operations,Expected scan was not captured on time.
SHP0007519,WX,Weather Delay,Weather,High,Closed,2025-05-31 19:55:48,2025-06-01 22:06:09,1316,Carrier,Shipment delayed because of weather conditions.
SHP0007521,DAMG,Damaged Shipment,Damage,High,Closed,2025-04-22 01:47:28,2025-04-23 13:59:38,2047,Carrier,Shipment flagged for damage inspection.
SHP0007522,DAMG,Damaged Shipment,Damage,High,Closed,2025-05-27 13:34:49,2025-05-29 14:11:38,2560,Carrier,Shipment flagged for damage inspection.
SHP0007524,MSCN,Missed Scan,Process,Medium,Closed,2025-01-03 18:49:33,2025-01-04 06:21:42,366,Operations,Expected scan was not captured on time.
SHP0007526,ADDR,Address Issue,Address,Medium,Closed,2025-09-15 06:47:07,2025-09-16 09:35:48,1128,Customer,Delivery address requires correction or validation.
SHP0007527,ADDR,Address Issue,Address,Medium,Closed,2025-01-17 17:23:16,2025-01-18 21:51:16,1288,Customer,Delivery address requires correction or validation.
SHP0007529,CAP,Capacity Constraint,Capacity,Medium,Closed,2025-09-19 23:01:59,2025-09-20 03:36:29,108,Carrier,Shipment delayed due to available trailer or dock capacity.
SHP0007532,MSCN,Missed Scan,Process,Medium,Closed,2025-07-12 13:48:11,2025-07-13 05:41:03,305,Operations,Expected scan was not captured on time.
SHP0007533,WX,Weather Delay,Weather,High,Closed,2025-08-22 11:07:23,2025-08-23 00:25:03,410,Carrier,Shipment delayed because of weather conditions.
SHP0007542,ADDR,Address Issue,Address,Medium,Closed,2025-04-10 23:37:04,2025-04-12 05:08:20,1090,Customer,Delivery address requires correction or validation.
SHP0007548,ADDR,Address Issue,Address,Medium,Closed,2025-02-03 01:17:54,2025-02-03 08:56:17,344,Customer,Delivery address requires correction or validation.
SHP0007553,WX,Weather Delay,Weather,High,Closed,2025-08-05 23:18:40,2025-08-06 08:45:53,501,Carrier,Shipment delayed because of weather conditions.
SHP0007554,CAP,Capacity Constraint,Capacity,Medium,Closed,2025-08-30 09:19:53,2025-08-31 02:03:48,688,Carrier,Shipment delayed due to available trailer or dock capacity.
SHP0007555,DAMG,Damaged Shipment,Damage,High,Closed,2025-07-17 09:14:39,2025-07-19 00:07:52,2092,Carrier,Shipment flagged for damage inspection.
SHP0007557,WX,Weather Delay,Weather,High,Closed,2025-03-20 18:03:14,2025-03-21 08:47:12,270,Carrier,Shipment delayed because of weather conditions.
SHP0007562,MECH,Equipment Failure,Mechanical,High,Closed,2025-09-19 08:58:05,2025-09-20 10:48:05,1214,Carrier,Equipment failure caused an operational delay.
SHP0007564,DAMG,Damaged Shipment,Damage,High,Closed,2025-05-03 18:01:18,2025-05-05 10:15:27,2159,Carrier,Shipment flagged for damage inspection.
SHP0007568,ADDR,Address Issue,Address,Medium,Open,2025-05-28 07:16:59,,367,Customer,Delivery address requires correction or validation.
SHP0007569,DAMG,Damaged Shipment,Damage,High,Closed,2025-02-17 05:46:33,2025-02-19 03:39:24,2275,Carrier,Shipment flagged for damage inspection.
SHP0007570,MSCN,Missed Scan,Process,Medium,Closed,2025-09-02 19:14:27,2025-09-03 12:54:48,311,Operations,Expected scan was not captured on time.
SHP0007571,DAMG,Damaged Shipment,Damage,High,Closed,2025-08-01 06:05:44,2025-08-02 00:38:29,784,Carrier,Shipment flagged for damage inspection.
SHP0007574,WX,Weather Delay,Weather,High,Closed,2025-08-29 11:37:06,2025-08-30 11:31:05,879,Carrier,Shipment delayed because of weather conditions.
SHP0007576,CAP,Capacity Constraint,Capacity,Medium,Closed,2025-03-07 04:23:17,2025-03-07 16:53:35,72,Carrier,Shipment delayed due to available trailer or dock capacity.
SHP0007580,DAMG,Damaged Shipment,Damage,High,Closed,2025-05-07 17:51:55,2025-05-08 11:34:27,640,Carrier,Shipment flagged for damage inspection.
SHP0007583,MSCN,Missed Scan,Process,Medium,Closed,2025-04-09 00:03:32,2025-04-09 12:35:42,289,Operations,Expected scan was not captured on time.
SHP0007584,WX,Weather Delay,Weather,High,Closed,2025-04-04 11:49:13,2025-04-06 02:30:50,1465,Carrier,Shipment delayed because of weather conditions.
SHP0007592,MECH,Equipment Failure,Mechanical,High,Closed,2025-03-07 12:54:45,2025-03-07 21:50:46,377,Carrier,Equipment failure caused an operational delay.
SHP0007595,WX,Weather Delay,Weather,High,Closed,2025-05-01 23:43:16,2025-05-03 01:00:11,930,Carrier,Shipment delayed because of weather conditions.
SHP0007607,ADDR,Address Issue,Address,Medium,Closed,2025-07-27 03:54:19,2025-07-27 23:09:58,914,Customer,Delivery address requires correction or validation.
SHP0007614,CAP,Capacity Constraint,Capacity,Medium,Closed,2025-03-09 14:31:24,2025-03-10 16:31:09,782,Carrier,Shipment delayed due to available trailer or dock capacity.
SHP0007615,WX,Weather Delay,Weather,High,Closed,2025-02-05 23:37:31,2025-02-06 21:26:08,1007,Carrier,Shipment delayed because of weather conditions.
SHP0007618,MSCN,Missed Scan,Process,Medium,Open,2025-09-14 18:58:15,,336,Operations,Expected scan was not captured on time.
SHP0007624,MSCN,Missed Scan,Process,Medium,Closed,2025-01-25 19:44:32,2025-01-26 05:45:57,287,Operations,Expected scan was not captured on time.
SHP0007625,WX,Weather Delay,Weather,High,Closed,2025-09-13 19:20:09,2025-09-14 23:16:40,1251,Carrier,Shipment delayed because of weather conditions.
SHP0007628,MSCN,Missed Scan,Process,Medium,Closed,2025-07-28 06:37:41,2025-07-28 18:07:58,250,Operations,Expected scan was not captured on time.
SHP0007630,MSCN,Missed Scan,Process,Medium,Closed,2025-08-08 19:04:52,2025-08-09 05:52:22,267,Operations,Expected scan was not captured on time.
SHP0007631,WX,Weather Delay,Weather,High,Closed,2025-06-21 05:09:38,2025-06-22 01:22:03,888,Carrier,Shipment delayed because of weather conditions.
SHP0007632,WX,Weather Delay,Weather,High,Closed,2025-04-14 03:37:57,2025-04-14 19:58:48,290,Carrier,Shipment delayed because of weather conditions.
SHP0007633,DAMG,Damaged Shipment,Damage,High,Closed,2025-06-18 03:35:16,2025-06-19 08:18:28,1377,Carrier,Shipment flagged for damage inspection.
SHP0007634,ADDR,Address Issue,Address,Medium,Closed,2025-08-11 13:45:28,2025-08-12 05:03:33,224,Customer,Delivery address requires correction or validation.
SHP0007635,ADDR,Address Issue,Address,Medium,Closed,2025-03-15 21:19:12,2025-03-16 06:10:23,1290,Customer,Delivery address requires correction or validation.
SHP0007637,WX,Weather Delay,Weather,High,Closed,2025-08-17 04:01:59,2025-08-18 06:30:47,1032,Carrier,Shipment delayed because of weather conditions.
SHP0007638,WX,Weather Delay,Weather,High,Closed,2025-05-30 21:54:48,2025-05-31 22:54:21,1456,Carrier,Shipment delayed because of weather conditions.
SHP0007643,CAP,Capacity Constraint,Capacity,Medium,Closed,2025-08-27 12:25:12,2025-08-28 14:15:07,810,Carrier,Shipment delayed due to available trailer or dock capacity.
SHP0007644,CAP,Capacity Constraint,Capacity,Medium,Closed,2025-06-08 07:11:37,2025-06-08 15:08:19,683,Carrier,Shipment delayed due to available trailer or dock capacity.
SHP0007645,WX,Weather Delay,Weather,High,Closed,2025-09-11 22:00:19,2025-09-12 18:23:03,617,Carrier,Shipment delayed because of weather conditions.
SHP0007646,MSCN,Missed Scan,Process,Medium,Closed,2025-03-17 16:31:55,2025-03-17 21:22:34,71,Operations,Expected scan was not captured on time.
SHP0007647,MECH,Equipment Failure,Mechanical,High,Closed,2025-04-17 02:53:19,2025-04-18 01:50:15,737,Carrier,Equipment failure caused an operational delay.
SHP0007648,WX,Weather Delay,Weather,High,Open,2025-01-20 19:10:54,,1620,Carrier,Shipment delayed because of weather conditions.
SHP0007654,MSCN,Missed Scan,Process,Medium,Closed,2025-05-23 16:05:55,2025-05-23 19:07:22,45,Operations,Expected scan was not captured on time.
SHP0007655,DAMG,Damaged Shipment,Damage,High,Closed,2025-02-27 19:53:59,2025-03-01 16:30:58,2760,Carrier,Shipment flagged for damage inspection.
SHP0007656,WX,Weather Delay,Weather,High,Closed,2025-05-25 19:13:05,2025-05-26 16:12:53,1085,Carrier,Shipment delayed because of weather conditions.
SHP0007658,WX,Weather Delay,Weather,High,Closed,2025-01-24 11:12:22,2025-01-25 13:49:24,1639,Carrier,Shipment delayed because of weather conditions.
SHP0007666,MSCN,Missed Scan,Process,Medium,Closed,2025-03-29 23:44:10,2025-03-30 05:12:55,334,Operations,Expected scan was not captured on time.
SHP0007671,MSCN,Missed Scan,Process,Medium,Closed,2025-05-24 02:09:02,2025-05-24 06:50:19,254,Operations,Expected scan was not captured on time.
SHP0007676,ADDR,Address Issue,Address,Medium,Closed,2025-07-17 12:31:26,2025-07-18 00:58:22,682,Customer,Delivery address requires correction or validation.
SHP0007680,WX,Weather Delay,Weather,High,Closed,2025-02-05 23:37:47,2025-02-07 02:15:23,1146,Carrier,Shipment delayed because of weather conditions.
SHP0007684,DAMG,Damaged Shipment,Damage,High,Closed,2025-03-21 14:56:16,2025-03-22 10:04:22,672,Carrier,Shipment flagged for damage inspection.
SHP0007687,DAMG,Damaged Shipment,Damage,High,Closed,2025-01-19 11:25:08,2025-01-20 01:49:08,719,Carrier,Shipment flagged for damage inspection.
SHP0007693,MSCN,Missed Scan,Process,Medium,Closed,2025-07-11 00:22:17,2025-07-11 13:27:23,392,Operations,Expected scan was not captured on time.
SHP0007696,ADDR,Address Issue,Address,Medium,Closed,2025-06-23 07:19:41,2025-06-23 22:20:21,612,Customer,Delivery address requires correction or validation.
SHP0007701,WX,Weather Delay,Weather,High,Closed,2025-05-09 10:11:00,2025-05-10 00:59:51,304,Carrier,Shipment delayed because of weather conditions.
SHP0007702,ADDR,Address Issue,Address,Medium,Closed,2025-06-21 22:02:12,2025-06-22 06:08:18,238,Customer,Delivery address requires correction or validation.
SHP0007703,ADDR,Address Issue,Address,Medium,Closed,2025-01-11 03:24:53,2025-01-11 21:48:15,1360,Customer,Delivery address requires correction or validation.
SHP0007709,DAMG,Damaged Shipment,Damage,High,Closed,2025-05-26 01:17:08,2025-05-27 20:29:29,2531,Carrier,Shipment flagged for damage inspection.
SHP0007710,MSCN,Missed Scan,Process,Medium,Closed,2025-03-18 03:13:54,2025-03-18 18:57:44,267,Operations,Expected scan was not captured on time.
SHP0007711,CAP,Capacity Constraint,Capacity,Medium,Closed,2025-07-18 14:07:12,2025-07-18 22:22:34,505,Carrier,Shipment delayed due to available trailer or dock capacity.
SHP0007712,MSCN,Missed Scan,Process,Medium,Closed,2025-01-26 07:34:57,2025-01-26 21:08:19,176,Operations,Expected scan was not captured on time.
SHP0007713,WX,Weather Delay,Weather,High,Closed,2025-04-15 04:55:22,2025-04-15 21:10:11,445,Carrier,Shipment delayed because of weather conditions.
SHP0007714,WX,Weather Delay,Weather,High,Closed,2025-01-16 05:34:55,2025-01-17 07:50:40,1285,Carrier,Shipment delayed because of weather conditions.
SHP0007715,WX,Weather Delay,Weather,High,Closed,2025-07-07 08:56:35,2025-07-08 12:09:14,1059,Carrier,Shipment delayed because of weather conditions.
SHP0007718,MECH,Equipment Failure,Mechanical,High,Closed,2025-02-11 10:09:46,2025-02-12 03:37:01,443,Carrier,Equipment failure caused an operational delay.
SHP0007719,CAP,Capacity Constraint,Capacity,Medium,Closed,2025-07-09 02:09:40,2025-07-09 10:24:10,309,Carrier,Shipment delayed due to available trailer or dock capacity.
SHP0007723,DAMG,Damaged Shipment,Damage,High,Closed,2025-01-28 02:47:07,2025-01-29 19:06:39,2449,Carrier,Shipment flagged for damage inspection.
SHP0007724,DAMG,Damaged Shipment,Damage,High,Closed,2025-05-25 04:47:01,2025-05-26 15:57:35,1556,Carrier,Shipment flagged for damage inspection.
SHP0007726,MSCN,Missed Scan,Process,Medium,Closed,2025-01-25 03:19:36,2025-01-25 11:53:16,166,Operations,Expected scan was not captured on time.
SHP0007728,CAP,Capacity Constraint,Capacity,Medium,Closed,2025-02-16 16:53:36,2025-02-17 05:39:16,551,Carrier,Shipment delayed due to available trailer or dock capacity.
SHP0007730,WX,Weather Delay,Weather,High,Closed,2025-03-09 18:58:21,2025-03-10 14:54:58,1024,Carrier,Shipment delayed because of weather conditions.
SHP0007732,CAP,Capacity Constraint,Capacity,Medium,Closed,2025-03-02 10:28:25,2025-03-03 13:55:38,856,Carrier,Shipment delayed due to available trailer or dock capacity.
SHP0007736,DAMG,Damaged Shipment,Damage,High,Closed,2025-07-16 18:28:08,2025-07-18 18:52:53,2285,Carrier,Shipment flagged for damage inspection.
SHP0007739,MSCN,Missed Scan,Process,Medium,Closed,2025-08-28 01:36:39,2025-08-28 14:21:03,144,Operations,Expected scan was not captured on time.
SHP0007740,ADDR,Address Issue,Address,Medium,Closed,2025-09-22 08:57:37,2025-09-23 01:11:56,294,Customer,Delivery address requires correction or validation.
SHP0007742,ADDR,Address Issue,Address,Medium,Open,2025-08-29 19:19:13,,232,Customer,Delivery address requires correction or validation.
SHP0007744,MECH,Equipment Failure,Mechanical,High,Closed,2025-03-06 06:29:37,2025-03-06 22:53:16,630,Carrier,Equipment failure caused an operational delay.
SHP0007746,WX,Weather Delay,Weather,High,Closed,2025-01-27 11:55:54,2025-01-28 17:32:48,1176,Carrier,Shipment delayed because of weather conditions.
SHP0007747,MSCN,Missed Scan,Process,Medium,Closed,2025-04-17 05:42:14,2025-04-17 14:38:15,372,Operations,Expected scan was not captured on time.
SHP0007749,WX,Weather Delay,Weather,High,Closed,2025-06-18 23:57:24,2025-06-20 01:17:02,815,Carrier,Shipment delayed because of weather conditions.
SHP0007750,MECH,Equipment Failure,Mechanical,High,Closed,2025-02-03 06:40:09,2025-02-04 08:31:55,1112,Carrier,Equipment failure caused an operational delay.
SHP0007753,ADDR,Address Issue,Address,Medium,Closed,2025-04-23 15:21:07,2025-04-24 08:28:00,914,Customer,Delivery address requires correction or validation.
SHP0007754,DAMG,Damaged Shipment,Damage,High,Closed,2025-03-21 02:39:40,2025-03-21 09:11:35,1723,Carrier,Shipment flagged for damage inspection.
SHP0007755,CAP,Capacity Constraint,Capacity,Medium,Closed,2025-06-03 04:48:35,2025-06-04 00:06:34,768,Carrier,Shipment delayed due to available trailer or dock capacity.
SHP0007759,WX,Weather Delay,Weather,High,Closed,2025-04-01 11:57:46,2025-04-02 15:46:11,1527,Carrier,Shipment delayed because of weather conditions.
SHP0007760,WX,Weather Delay,Weather,High,Closed,2025-05-10 06:46:42,2025-05-10 23:59:59,640,Carrier,Shipment delayed because of weather conditions.
SHP0007761,ADDR,Address Issue,Address,Medium,Closed,2025-03-06 06:56:24,2025-03-07 06:19:45,777,Customer,Delivery address requires correction or validation.
SHP0007763,DAMG,Damaged Shipment,Damage,High,Closed,2025-07-23 14:56:48,2025-07-24 07:05:54,546,Carrier,Shipment flagged for damage inspection.
SHP0007766,MSCN,Missed Scan,Process,Medium,Closed,2025-05-23 17:27:14,2025-05-24 10:52:27,451,Operations,Expected scan was not captured on time.
SHP0007770,DAMG,Damaged Shipment,Damage,High,Closed,2025-05-18 11:46:33,2025-05-20 20:26:49,2852,Carrier,Shipment flagged for damage inspection.
SHP0007772,MSCN,Missed Scan,Process,Medium,Closed,2025-05-03 02:52:06,2025-05-03 13:02:24,396,Operations,Expected scan was not captured on time.
SHP0007775,MSCN,Missed Scan,Process,Medium,Closed,2025-01-13 01:39:58,2025-01-13 12:53:17,166,Operations,Expected scan was not captured on time.
SHP0007776,MECH,Equipment Failure,Mechanical,High,Closed,2025-04-21 01:39:48,2025-04-21 10:00:00,306,Carrier,Equipment failure caused an operational delay.
SHP0007778,WX,Weather Delay,Weather,High,Open,2025-05-05 11:37:44,,928,Carrier,Shipment delayed because of weather conditions.
SHP0007782,MSCN,Missed Scan,Process,Medium,Closed,2025-09-30 05:47:08,2025-09-30 10:54:25,73,Operations,Expected scan was not captured on time.
SHP0007783,MSCN,Missed Scan,Process,Medium,Closed,2025-02-13 13:20:11,2025-02-14 04:15:57,363,Operations,Expected scan was not captured on time.
SHP0007784,WX,Weather Delay,Weather,High,Closed,2025-01-15 06:36:57,2025-01-16 12:36:15,1655,Carrier,Shipment delayed because of weather conditions.
SHP0007785,WX,Weather Delay,Weather,High,Open,2025-07-07 23:11:36,,406,Carrier,Shipment delayed because of weather conditions.
SHP0007789,CAP,Capacity Constraint,Capacity,Medium,Closed,2025-04-19 13:33:37,2025-04-19 21:17:28,343,Carrier,Shipment delayed due to available trailer or dock capacity.
SHP0007790,ADDR,Address Issue,Address,Medium,Open,2025-05-31 04:22:25,,1260,Customer,Delivery address requires correction or validation.
SHP0007795,WX,Weather Delay,Weather,High,Closed,2025-07-22 19:18:20,2025-07-23 19:14:30,843,Carrier,Shipment delayed because of weather conditions.
SHP0007797,CAP,Capacity Constraint,Capacity,Medium,Closed,2025-02-16 01:42:44,2025-02-16 19:14:03,447,Carrier,Shipment delayed due to available trailer or dock capacity.
SHP0007798,WX,Weather Delay,Weather,High,Closed,2025-05-26 21:27:26,2025-05-28 07:21:25,1366,Carrier,Shipment delayed because of weather conditions.
SHP0007802,MSCN,Missed Scan,Process,Medium,Closed,2025-08-26 05:45:04,2025-08-26 18:15:30,192,Operations,Expected scan was not captured on time.
SHP0007803,WX,Weather Delay,Weather,High,Closed,2025-05-21 00:56:30,2025-05-21 16:09:57,330,Carrier,Shipment delayed because of weather conditions.
SHP0007813,MSCN,Missed Scan,Process,Medium,Closed,2025-09-27 16:50:36,2025-09-27 19:48:00,93,Operations,Expected scan was not captured on time.
SHP0007814,MSCN,Missed Scan,Process,Medium,Closed,2025-06-27 16:02:15,2025-06-27 23:42:00,347,Operations,Expected scan was not captured on time.
SHP0007815,MSCN,Missed Scan,Process,Medium,Closed,2025-03-06 04:12:57,2025-03-06 16:15:55,123,Operations,Expected scan was not captured on time.
SHP0007816,WX,Weather Delay,Weather,High,Closed,2025-06-20 19:59:56,2025-06-22 05:00:39,1350,Carrier,Shipment delayed because of weather conditions.
SHP0007817,WX,Weather Delay,Weather,High,Closed,2025-01-12 09:50:30,2025-01-13 13:08:33,1434,Carrier,Shipment delayed because of weather conditions.
SHP0007819,WX,Weather Delay,Weather,High,Open,2025-01-11 01:43:25,,441,Carrier,Shipment delayed because of weather conditions.
SHP0007827,DAMG,Damaged Shipment,Damage,High,Closed,2025-06-17 09:51:53,2025-06-19 08:10:08,2167,Carrier,Shipment flagged for damage inspection.
SHP0007829,CAP,Capacity Constraint,Capacity,Medium,Closed,2025-02-01 17:47:53,2025-02-02 11:35:07,654,Carrier,Shipment delayed due to available trailer or dock capacity.
SHP0007830,MECH,Equipment Failure,Mechanical,High,Open,2025-03-03 08:19:29,,1154,Carrier,Equipment failure caused an operational delay.
SHP0007837,WX,Weather Delay,Weather,High,Closed,2025-09-14 19:58:41,2025-09-16 06:57:18,1333,Carrier,Shipment delayed because of weather conditions.
SHP0007842,DAMG,Damaged Shipment,Damage,High,Closed,2025-08-25 12:56:33,2025-08-26 19:44:56,1632,Carrier,Shipment flagged for damage inspection.
SHP0007843,DAMG,Damaged Shipment,Damage,High,Closed,2025-04-11 15:50:07,2025-04-12 22:19:23,1243,Carrier,Shipment flagged for damage inspection.
SHP0007844,ADDR,Address Issue,Address,Medium,Closed,2025-05-04 08:19:16,2025-05-05 17:57:56,1336,Customer,Delivery address requires correction or validation.
SHP0007849,WX,Weather Delay,Weather,High,Closed,2025-05-16 04:50:47,2025-05-16 19:48:43,545,Carrier,Shipment delayed because of weather conditions.
SHP0007850,DAMG,Damaged Shipment,Damage,High,Closed,2025-02-27 03:19:21,2025-03-01 07:00:30,2448,Carrier,Shipment flagged for damage inspection.
SHP0007851,WX,Weather Delay,Weather,High,Closed,2025-05-16 19:40:20,2025-05-17 18:05:26,836,Carrier,Shipment delayed because of weather conditions.
SHP0007854,DAMG,Damaged Shipment,Damage,High,Closed,2025-04-13 01:52:20,2025-04-14 04:15:52,1065,Carrier,Shipment flagged for damage inspection.
SHP0007859,MSCN,Missed Scan,Process,Medium,Closed,2025-09-29 12:29:26,2025-09-30 08:36:18,517,Operations,Expected scan was not captured on time.
SHP0007860,MSCN,Missed Scan,Process,Medium,Open,2025-08-27 06:21:04,,390,Operations,Expected scan was not captured on time.
SHP0007862,ADDR,Address Issue,Address,Medium,Open,2025-05-28 12:07:21,,1053,Customer,Delivery address requires correction or validation.
SHP0007864,DAMG,Damaged Shipment,Damage,High,Closed,2025-09-20 07:02:16,2025-09-21 17:56:52,1734,Carrier,Shipment flagged for damage inspection.
SHP0007867,CAP,Capacity Constraint,Capacity,Medium,Closed,2025-03-14 04:06:27,2025-03-14 20:23:06,842,Carrier,Shipment delayed due to available trailer or dock capacity.
SHP0007872,WX,Weather Delay,Weather,High,Closed,2025-04-18 15:21:25,2025-04-19 10:20:02,712,Carrier,Shipment delayed because of weather conditions.
SHP0007874,MECH,Equipment Failure,Mechanical,High,Closed,2025-04-13 07:33:24,2025-04-13 21:01:37,586,Carrier,Equipment failure caused an operational delay.
SHP0007879,CAP,Capacity Constraint,Capacity,Medium,Closed,2025-04-19 20:27:56,2025-04-20 09:04:49,200,Carrier,Shipment delayed due to available trailer or dock capacity.
SHP0007880,WX,Weather Delay,Weather,High,Closed,2025-05-13 03:01:46,2025-05-13 19:38:48,1017,Carrier,Shipment delayed because of weather conditions.
SHP0007887,ADDR,Address Issue,Address,Medium,Closed,2025-01-11 03:40:44,2025-01-12 01:08:06,1082,Customer,Delivery address requires correction or validation.
SHP0007890,WX,Weather Delay,Weather,High,Closed,2025-06-21 18:27:53,2025-06-22 04:16:26,963,Carrier,Shipment delayed because of weather conditions.
SHP0007891,CAP,Capacity Constraint,Capacity,Medium,Closed,2025-01-22 06:20:16,2025-01-22 06:36:55,111,Carrier,Shipment delayed due to available trailer or dock capacity.
SHP0007894,ADDR,Address Issue,Address,Medium,Closed,2025-07-04 00:09:39,2025-07-04 10:44:00,204,Customer,Delivery address requires correction or validation.
SHP0007895,WX,Weather Delay,Weather,High,Closed,2025-06-06 02:14:28,2025-06-06 23:05:33,1034,Carrier,Shipment delayed because of weather conditions.
SHP0007896,MECH,Equipment Failure,Mechanical,High,Closed,2025-01-10 05:30:38,2025-01-10 23:20:09,491,Carrier,Equipment failure caused an operational delay.
SHP0007899,MSCN,Missed Scan,Process,Medium,Closed,2025-03-02 01:31:47,2025-03-02 08:30:55,170,Operations,Expected scan was not captured on time.
SHP0007900,DAMG,Damaged Shipment,Damage,High,Closed,2025-04-01 09:31:36,2025-04-03 01:51:34,2329,Carrier,Shipment flagged for damage inspection.
SHP0007903,ADDR,Address Issue,Address,Medium,Closed,2025-04-27 03:58:12,2025-04-27 19:05:08,569,Customer,Delivery address requires correction or validation.
SHP0007907,DAMG,Damaged Shipment,Damage,High,Closed,2025-08-19 06:47:15,2025-08-20 00:12:18,632,Carrier,Shipment flagged for damage inspection.
SHP0007909,DAMG,Damaged Shipment,Damage,High,Closed,2025-01-22 14:13:49,2025-01-24 21:31:26,2710,Carrier,Shipment flagged for damage inspection.
SHP0007914,WX,Weather Delay,Weather,High,Closed,2025-01-11 12:50:03,2025-01-12 14:22:55,836,Carrier,Shipment delayed because of weather conditions.
SHP0007915,WX,Weather Delay,Weather,High,Closed,2025-06-08 19:54:17,2025-06-10 07:14:42,1474,Carrier,Shipment delayed because of weather conditions.
SHP0007916,ADDR,Address Issue,Address,Medium,Closed,2025-02-18 02:00:29,2025-02-18 08:23:51,231,Customer,Delivery address requires correction or validation.
SHP0007920,CAP,Capacity Constraint,Capacity,Medium,Open,2025-04-02 13:26:51,,846,Carrier,Shipment delayed due to available trailer or dock capacity.
SHP0007922,DAMG,Damaged Shipment,Damage,High,Closed,2025-04-13 19:39:55,2025-04-14 12:05:06,844,Carrier,Shipment flagged for damage inspection.
SHP0007923,MSCN,Missed Scan,Process,Medium,Closed,2025-03-25 08:14:45,2025-03-25 10:47:35,66,Operations,Expected scan was not captured on time.
SHP0007924,DAMG,Damaged Shipment,Damage,High,Closed,2025-05-11 20:04:47,2025-05-12 16:31:13,1207,Carrier,Shipment flagged for damage inspection.
SHP0007928,ADDR,Address Issue,Address,Medium,Closed,2025-06-15 03:37:05,2025-06-16 15:44:55,1420,Customer,Delivery address requires correction or validation.
SHP0007929,MSCN,Missed Scan,Process,Medium,Closed,2025-06-10 14:44:31,2025-06-11 05:42:35,205,Operations,Expected scan was not captured on time.
SHP0007933,WX,Weather Delay,Weather,High,Closed,2025-05-26 13:15:38,2025-05-27 09:45:11,904,Carrier,Shipment delayed because of weather conditions.
SHP0007935,ADDR,Address Issue,Address,Medium,Closed,2025-07-12 20:38:11,2025-07-13 07:15:44,554,Customer,Delivery address requires correction or validation.
SHP0007938,CAP,Capacity Constraint,Capacity,Medium,Closed,2025-07-23 11:29:02,2025-07-23 21:07:42,685,Carrier,Shipment delayed due to available trailer or dock capacity.
SHP0007939,WX,Weather Delay,Weather,High,Open,2025-08-08 23:17:15,,385,Carrier,Shipment delayed because of weather conditions.
SHP0007940,DAMG,Damaged Shipment,Damage,High,Closed,2025-03-12 12:47:32,2025-03-12 19:06:43,2739,Carrier,Shipment flagged for damage inspection.
SHP0007944,MSCN,Missed Scan,Process,Medium,Closed,2025-04-06 00:18:10,2025-04-06 03:59:25,162,Operations,Expected scan was not captured on time.
SHP0007947,DAMG,Damaged Shipment,Damage,High,Closed,2025-03-08 04:12:11,2025-03-09 00:25:51,1082,Carrier,Shipment flagged for damage inspection.
SHP0007948,WX,Weather Delay,Weather,High,Closed,2025-09-09 13:29:11,2025-09-10 08:38:35,1118,Carrier,Shipment delayed because of weather conditions.
SHP0007951,MECH,Equipment Failure,Mechanical,High,Closed,2025-02-14 15:57:17,2025-02-15 04:01:15,668,Carrier,Equipment failure caused an operational delay.
SHP0007955,DAMG,Damaged Shipment,Damage,High,Closed,2025-01-26 13:26:21,2025-01-27 03:35:43,417,Carrier,Shipment flagged for damage inspection.
SHP0007958,MSCN,Missed Scan,Process,Medium,Closed,2025-04-18 02:19:51,2025-04-18 06:30:24,231,Operations,Expected scan was not captured on time.
SHP0007959,DAMG,Damaged Shipment,Damage,High,Closed,2025-06-13 13:46:13,2025-06-14 19:14:58,1077,Carrier,Shipment flagged for damage inspection.
SHP0007962,WX,Weather Delay,Weather,High,Closed,2025-02-08 01:01:11,2025-02-09 02:57:32,1027,Carrier,Shipment delayed because of weather conditions.
SHP0007963,MECH,Equipment Failure,Mechanical,High,Closed,2025-07-08 03:27:24,2025-07-08 15:15:59,475,Carrier,Equipment failure caused an operational delay.
SHP0007966,MSCN,Missed Scan,Process,Medium,Closed,2025-02-19 12:43:21,2025-02-19 23:01:53,76,Operations,Expected scan was not captured on time.
SHP0007968,DAMG,Damaged Shipment,Damage,High,Closed,2025-02-17 18:58:33,2025-02-18 11:46:31,460,Carrier,Shipment flagged for damage inspection.
SHP0007969,ADDR,Address Issue,Address,Medium,Open,2025-02-27 20:49:51,,524,Customer,Delivery address requires correction or validation.
SHP0007971,ADDR,Address Issue,Address,Medium,Closed,2025-08-31 21:41:00,2025-09-02 00:56:15,947,Customer,Delivery address requires correction or validation.
SHP0007978,MSCN,Missed Scan,Process,Medium,Closed,2025-09-24 15:57:40,2025-09-24 22:41:15,127,Operations,Expected scan was not captured on time.
SHP0007980,MSCN,Missed Scan,Process,Medium,Closed,2025-07-12 03:58:11,2025-07-12 18:22:25,127,Operations,Expected scan was not captured on time.
SHP0007985,ADDR,Address Issue,Address,Medium,Closed,2025-06-07 11:41:49,2025-06-08 00:06:01,641,Customer,Delivery address requires correction or validation.
SHP0007987,DAMG,Damaged Shipment,Damage,High,Closed,2025-02-05 21:52:59,2025-02-08 05:25:23,2874,Carrier,Shipment flagged for damage inspection.
SHP0007989,WX,Weather Delay,Weather,High,Closed,2025-01-13 08:59:11,2025-01-14 02:21:49,281,Carrier,Shipment delayed because of weather conditions.
SHP0007990,MSCN,Missed Scan,Process,Medium,Closed,2025-07-25 18:09:06,2025-07-26 10:54:57,220,Operations,Expected scan was not captured on time.
SHP0007997,ADDR,Address Issue,Address,Medium,Closed,2025-09-02 01:54:59,2025-09-03 07:40:40,1039,Customer,Delivery address requires correction or validation.
SHP0008000,DAMG,Damaged Shipment,Damage,High,Closed,2025-06-06 07:52:25,2025-06-07 21:06:53,1737,Carrier,Shipment flagged for damage inspection.
SHP0008002,MSCN,Missed Scan,Process,Medium,Closed,2025-01-22 20:29:56,2025-01-23 04:17:22,196,Operations,Expected scan was not captured on time.
SHP0008009,MSCN,Missed Scan,Process,Medium,Closed,2025-06-29 10:02:13,2025-06-29 23:44:19,460,Operations,Expected scan was not captured on time.
SHP0008010,WX,Weather Delay,Weather,High,Closed,2025-08-05 03:28:57,2025-08-06 07:10:46,1565,Carrier,Shipment delayed because of weather conditions.
SHP0008012,MSCN,Missed Scan,Process,Medium,Closed,2025-06-30 13:11:14,2025-06-30 22:15:48,286,Operations,Expected scan was not captured on time.
SHP0008013,WX,Weather Delay,Weather,High,Closed,2025-03-26 09:12:06,2025-03-27 04:52:45,1025,Carrier,Shipment delayed because of weather conditions.
SHP0008014,DAMG,Damaged Shipment,Damage,High,Open,2025-01-23 17:28:31,,1574,Carrier,Shipment flagged for damage inspection.
SHP0008016,MECH,Equipment Failure,Mechanical,High,Closed,2025-09-12 23:17:51,2025-09-13 20:13:54,549,Carrier,Equipment failure caused an operational delay.
SHP0008018,ADDR,Address Issue,Address,Medium,Closed,2025-08-03 05:25:58,2025-08-03 19:26:20,225,Customer,Delivery address requires correction or validation.
SHP0008024,CAP,Capacity Constraint,Capacity,Medium,Closed,2025-07-14 08:50:29,2025-07-15 03:02:49,683,Carrier,Shipment delayed due to available trailer or dock capacity.
SHP0008026,ADDR,Address Issue,Address,Medium,Closed,2025-06-17 14:15:59,2025-06-18 20:13:37,949,Customer,Delivery address requires correction or validation.
SHP0008031,WX,Weather Delay,Weather,High,Closed,2025-06-09 08:09:10,2025-06-10 14:26:32,1613,Carrier,Shipment delayed because of weather conditions.
SHP0008032,MSCN,Missed Scan,Process,Medium,Closed,2025-02-03 13:14:52,2025-02-04 08:55:37,516,Operations,Expected scan was not captured on time.
SHP0008033,MSCN,Missed Scan,Process,Medium,Closed,2025-08-05 13:06:12,2025-08-06 02:47:11,84,Operations,Expected scan was not captured on time.
SHP0008035,MECH,Equipment Failure,Mechanical,High,Closed,2025-09-03 23:03:52,2025-09-04 16:30:10,617,Carrier,Equipment failure caused an operational delay.
SHP0008038,DAMG,Damaged Shipment,Damage,High,Closed,2025-05-31 14:47:16,2025-06-01 21:05:42,1118,Carrier,Shipment flagged for damage inspection.
SHP0008042,WX,Weather Delay,Weather,High,Closed,2025-05-06 03:30:40,2025-05-07 13:50:38,1423,Carrier,Shipment delayed because of weather conditions.
SHP0008044,ADDR,Address Issue,Address,Medium,Closed,2025-04-26 02:44:09,2025-04-26 19:02:05,604,Customer,Delivery address requires correction or validation.
SHP0008046,ADDR,Address Issue,Address,Medium,Closed,2025-07-06 06:16:15,2025-07-06 16:50:50,646,Customer,Delivery address requires correction or validation.
SHP0008047,CAP,Capacity Constraint,Capacity,Medium,Closed,2025-07-01 15:36:40,2025-07-02 12:12:52,468,Carrier,Shipment delayed due to available trailer or dock capacity.
SHP0008048,DAMG,Damaged Shipment,Damage,High,Closed,2025-06-05 21:51:30,2025-06-06 14:40:19,928,Carrier,Shipment flagged for damage inspection.
SHP0008054,WX,Weather Delay,Weather,High,Closed,2025-06-28 11:54:12,2025-06-29 11:47:36,991,Carrier,Shipment delayed because of weather conditions.
SHP0008057,ADDR,Address Issue,Address,Medium,Closed,2025-09-01 14:46:18,2025-09-02 20:19:13,1408,Customer,Delivery address requires correction or validation.
SHP0008059,WX,Weather Delay,Weather,High,Closed,2025-08-21 18:18:58,2025-08-22 19:26:34,1539,Carrier,Shipment delayed because of weather conditions.
SHP0008060,ADDR,Address Issue,Address,Medium,Closed,2025-02-04 21:54:13,2025-02-05 09:07:08,530,Customer,Delivery address requires correction or validation.
SHP0008065,WX,Weather Delay,Weather,High,Closed,2025-09-08 03:11:24,2025-09-09 09:22:51,1565,Carrier,Shipment delayed because of weather conditions.
SHP0008067,WX,Weather Delay,Weather,High,Closed,2025-07-13 19:33:21,2025-07-14 13:06:07,314,Carrier,Shipment delayed because of weather conditions.
SHP0008071,MECH,Equipment Failure,Mechanical,High,Closed,2025-02-09 06:24:36,2025-02-10 02:41:16,953,Carrier,Equipment failure caused an operational delay.
SHP0008073,WX,Weather Delay,Weather,High,Closed,2025-09-02 17:07:43,2025-09-04 02:42:46,1224,Carrier,Shipment delayed because of weather conditions.
SHP0008075,CAP,Capacity Constraint,Capacity,Medium,Closed,2025-05-04 19:39:05,2025-05-05 07:13:14,495,Carrier,Shipment delayed due to available trailer or dock capacity.
SHP0008076,MSCN,Missed Scan,Process,Medium,Closed,2025-08-08 09:35:33,2025-08-09 01:37:00,443,Operations,Expected scan was not captured on time.
SHP0008081,DAMG,Damaged Shipment,Damage,High,Closed,2025-04-30 12:29:49,2025-05-01 09:07:54,1112,Carrier,Shipment flagged for damage inspection.
SHP0008085,WX,Weather Delay,Weather,High,Closed,2025-08-20 15:45:54,2025-08-21 05:17:33,637,Carrier,Shipment delayed because of weather conditions.
SHP0008086,MECH,Equipment Failure,Mechanical,High,Closed,2025-02-12 16:30:57,2025-02-13 08:02:33,595,Carrier,Equipment failure caused an operational delay.
SHP0008087,DAMG,Damaged Shipment,Damage,High,Closed,2025-04-02 07:23:47,2025-04-04 05:18:57,1900,Carrier,Shipment flagged for damage inspection.
SHP0008095,WX,Weather Delay,Weather,High,Closed,2025-03-14 00:24:20,2025-03-15 07:42:28,1672,Carrier,Shipment delayed because of weather conditions.
SHP0008096,MSCN,Missed Scan,Process,Medium,Closed,2025-07-17 17:09:04,2025-07-18 02:03:26,327,Operations,Expected scan was not captured on time.
SHP0008098,MSCN,Missed Scan,Process,Medium,Closed,2025-08-21 03:44:43,2025-08-21 11:03:48,189,Operations,Expected scan was not captured on time.
SHP0008102,WX,Weather Delay,Weather,High,Closed,2025-04-09 20:02:34,2025-04-10 16:07:27,557,Carrier,Shipment delayed because of weather conditions.
SHP0008103,MECH,Equipment Failure,Mechanical,High,Closed,2025-04-12 10:21:50,2025-04-13 02:51:47,203,Carrier,Equipment failure caused an operational delay.
SHP0008104,DAMG,Damaged Shipment,Damage,High,Closed,2025-01-23 17:42:35,2025-01-26 01:05:15,2636,Carrier,Shipment flagged for damage inspection.
SHP0008109,WX,Weather Delay,Weather,High,Closed,2025-01-12 05:23:00,2025-01-13 11:57:00,1471,Carrier,Shipment delayed because of weather conditions.
SHP0008110,MSCN,Missed Scan,Process,Medium,Closed,2025-07-10 00:40:16,2025-07-10 14:03:18,319,Operations,Expected scan was not captured on time.
SHP0008111,MSCN,Missed Scan,Process,Medium,Closed,2025-03-02 08:25:11,2025-03-02 10:37:48,60,Operations,Expected scan was not captured on time.
SHP0008112,MECH,Equipment Failure,Mechanical,High,Closed,2025-04-13 14:18:09,2025-04-14 04:11:35,431,Carrier,Equipment failure caused an operational delay.
SHP0008115,ADDR,Address Issue,Address,Medium,Closed,2025-06-05 13:17:31,2025-06-06 18:28:39,1144,Customer,Delivery address requires correction or validation.
SHP0008121,WX,Weather Delay,Weather,High,Closed,2025-10-01 11:00:00,2025-10-02 10:34:11,891,Carrier,Shipment delayed because of weather conditions.
SHP0008123,MSCN,Missed Scan,Process,Medium,Closed,2025-09-30 10:25:47,2025-09-30 17:46:33,275,Operations,Expected scan was not captured on time.
SHP0008126,ADDR,Address Issue,Address,Medium,Open,2025-01-31 08:53:27,,910,Customer,Delivery address requires correction or validation.
SHP0008128,MSCN,Missed Scan,Process,Medium,Closed,2025-02-01 19:34:49,2025-02-02 02:47:06,289,Operations,Expected scan was not captured on time.
SHP0008129,DAMG,Damaged Shipment,Damage,High,Closed,2025-05-26 01:16:28,2025-05-26 22:03:39,1012,Carrier,Shipment flagged for damage inspection.
SHP0008130,DAMG,Damaged Shipment,Damage,High,Closed,2025-05-24 08:52:29,2025-05-24 23:00:31,383,Carrier,Shipment flagged for damage inspection.
SHP0008131,CAP,Capacity Constraint,Capacity,Medium,Closed,2025-07-30 11:53:58,2025-07-31 06:49:25,587,Carrier,Shipment delayed due to available trailer or dock capacity.
SHP0008134,DAMG,Damaged Shipment,Damage,High,Closed,2025-08-21 02:25:56,2025-08-22 18:52:38,1947,Carrier,Shipment flagged for damage inspection.
SHP0008137,MSCN,Missed Scan,Process,Medium,Closed,2025-08-10 03:10:49,2025-08-10 08:24:17,69,Operations,Expected scan was not captured on time.
SHP0008139,WX,Weather Delay,Weather,High,Closed,2025-05-25 03:52:07,2025-05-26 06:07:13,932,Carrier,Shipment delayed because of weather conditions.
SHP0008140,DAMG,Damaged Shipment,Damage,High,Closed,2025-02-13 13:00:13,2025-02-14 16:18:37,1411,Carrier,Shipment flagged for damage inspection.
SHP0008142,MSCN,Missed Scan,Process,Medium,Closed,2025-02-22 09:18:02,2025-02-22 23:22:23,250,Operations,Expected scan was not captured on time.
SHP0008143,WX,Weather Delay,Weather,High,Closed,2025-08-20 07:13:39,2025-08-21 06:40:19,1121,Carrier,Shipment delayed because of weather conditions.
SHP0008145,DAMG,Damaged Shipment,Damage,High,Closed,2025-06-17 21:04:04,2025-06-19 16:47:23,2180,Carrier,Shipment flagged for damage inspection.
SHP0008146,MSCN,Missed Scan,Process,Medium,Closed,2025-07-14 07:00:04,2025-07-14 23:46:01,466,Operations,Expected scan was not captured on time.
SHP0008153,DAMG,Damaged Shipment,Damage,High,Closed,2025-05-03 00:42:03,2025-05-04 17:43:19,1809,Carrier,Shipment flagged for damage inspection.
SHP0008155,ADDR,Address Issue,Address,Medium,Closed,2025-02-11 05:20:18,2025-02-12 03:08:17,1257,Customer,Delivery address requires correction or validation.
SHP0008157,ADDR,Address Issue,Address,Medium,Closed,2025-02-22 02:59:30,2025-02-23 08:20:51,1388,Customer,Delivery address requires correction or validation.
SHP0008159,WX,Weather Delay,Weather,High,Closed,2025-06-30 20:09:15,2025-07-02 10:26:20,1579,Carrier,Shipment delayed because of weather conditions.
SHP0008163,MSCN,Missed Scan,Process,Medium,Closed,2025-03-09 09:19:36,2025-03-09 17:01:50,286,Operations,Expected scan was not captured on time.
SHP0008164,MSCN,Missed Scan,Process,Medium,Closed,2025-05-03 10:02:06,2025-05-03 17:45:32,99,Operations,Expected scan was not captured on time.
SHP0008165,DAMG,Damaged Shipment,Damage,High,Closed,2025-07-27 15:19:58,2025-07-28 07:09:35,2506,Carrier,Shipment flagged for damage inspection.
SHP0008166,DAMG,Damaged Shipment,Damage,High,Closed,2025-05-03 14:38:06,2025-05-04 01:44:36,587,Carrier,Shipment flagged for damage inspection.
SHP0008168,CAP,Capacity Constraint,Capacity,Medium,Closed,2025-08-10 21:34:17,2025-08-11 02:35:37,244,Carrier,Shipment delayed due to available trailer or dock capacity.
SHP0008169,CAP,Capacity Constraint,Capacity,Medium,Closed,2025-05-20 18:57:58,2025-05-21 14:26:52,639,Carrier,Shipment delayed due to available trailer or dock capacity.
SHP0008170,MSCN,Missed Scan,Process,Medium,Closed,2025-07-28 15:09:30,2025-07-29 01:42:23,191,Operations,Expected scan was not captured on time.
SHP0008172,MSCN,Missed Scan,Process,Medium,Closed,2025-05-12 09:53:13,2025-05-12 19:49:35,356,Operations,Expected scan was not captured on time.
SHP0008173,MECH,Equipment Failure,Mechanical,High,Closed,2025-08-31 22:59:21,2025-09-01 05:04:34,243,Carrier,Equipment failure caused an operational delay.
SHP0008175,CAP,Capacity Constraint,Capacity,Medium,Closed,2025-02-12 18:47:26,2025-02-13 14:28:53,718,Carrier,Shipment delayed due to available trailer or dock capacity.
SHP0008179,ADDR,Address Issue,Address,Medium,Open,2025-01-08 19:05:04,,1122,Customer,Delivery address requires correction or validation.
SHP0008182,ADDR,Address Issue,Address,Medium,Closed,2025-04-25 22:13:01,2025-04-27 05:31:52,1351,Customer,Delivery address requires correction or validation.
SHP0008184,MECH,Equipment Failure,Mechanical,High,Closed,2025-02-07 01:15:11,2025-02-07 07:05:28,253,Carrier,Equipment failure caused an operational delay.
SHP0008187,WX,Weather Delay,Weather,High,Closed,2025-05-23 23:11:56,2025-05-24 18:41:40,385,Carrier,Shipment delayed because of weather conditions.
SHP0008188,WX,Weather Delay,Weather,High,Closed,2025-05-28 23:04:23,2025-05-30 03:40:01,1228,Carrier,Shipment delayed because of weather conditions.
SHP0008195,DAMG,Damaged Shipment,Damage,High,Closed,2025-05-24 00:57:08,2025-05-24 19:15:08,791,Carrier,Shipment flagged for damage inspection.
SHP0008197,MECH,Equipment Failure,Mechanical,High,Closed,2025-03-04 11:59:41,2025-03-05 14:23:48,1281,Carrier,Equipment failure caused an operational delay.
SHP0008199,MSCN,Missed Scan,Process,Medium,Closed,2025-04-22 01:46:25,2025-04-22 09:56:22,313,Operations,Expected scan was not captured on time.
SHP0008203,WX,Weather Delay,Weather,High,Closed,2025-02-10 20:35:46,2025-02-11 22:42:17,1398,Carrier,Shipment delayed because of weather conditions.
SHP0008212,CAP,Capacity Constraint,Capacity,Medium,Closed,2025-03-12 01:37:14,2025-03-12 12:20:12,424,Carrier,Shipment delayed due to available trailer or dock capacity.
SHP0008221,MSCN,Missed Scan,Process,Medium,Closed,2025-06-14 03:05:23,2025-06-14 06:08:24,120,Operations,Expected scan was not captured on time.
SHP0008223,DAMG,Damaged Shipment,Damage,High,Closed,2025-04-13 21:31:23,2025-04-14 13:27:24,807,Carrier,Shipment flagged for damage inspection.
SHP0008226,ADDR,Address Issue,Address,Medium,Closed,2025-03-13 18:17:11,2025-03-14 19:13:53,785,Customer,Delivery address requires correction or validation.
SHP0008232,ADDR,Address Issue,Address,Medium,Closed,2025-07-05 12:13:28,2025-07-06 19:53:57,1273,Customer,Delivery address requires correction or validation.
SHP0008234,CAP,Capacity Constraint,Capacity,Medium,Closed,2025-07-05 01:30:11,2025-07-05 13:08:58,747,Carrier,Shipment delayed due to available trailer or dock capacity.
SHP0008236,MECH,Equipment Failure,Mechanical,High,Closed,2025-05-28 04:05:21,2025-05-29 10:48:09,1247,Carrier,Equipment failure caused an operational delay.
SHP0008241,CAP,Capacity Constraint,Capacity,Medium,Closed,2025-02-03 03:24:34,2025-02-03 10:42:30,220,Carrier,Shipment delayed due to available trailer or dock capacity.
SHP0008243,ADDR,Address Issue,Address,Medium,Closed,2025-03-07 20:08:41,2025-03-08 08:43:51,216,Customer,Delivery address requires correction or validation.
SHP0008248,WX,Weather Delay,Weather,High,Closed,2025-04-06 16:09:17,2025-04-07 10:21:03,1153,Carrier,Shipment delayed because of weather conditions.
SHP0008250,WX,Weather Delay,Weather,High,Closed,2025-03-09 17:29:04,2025-03-10 08:25:13,714,Carrier,Shipment delayed because of weather conditions.
SHP0008251,CAP,Capacity Constraint,Capacity,Medium,Closed,2025-03-12 11:29:07,2025-03-12 22:56:09,599,Carrier,Shipment delayed due to available trailer or dock capacity.
SHP0008253,ADDR,Address Issue,Address,Medium,Closed,2025-07-23 03:29:16,2025-07-23 15:08:59,138,Customer,Delivery address requires correction or validation.
SHP0008255,CAP,Capacity Constraint,Capacity,Medium,Closed,2025-08-13 08:57:52,2025-08-14 03:18:19,540,Carrier,Shipment delayed due to available trailer or dock capacity.
SHP0008258,DAMG,Damaged Shipment,Damage,High,Closed,2025-04-23 03:24:19,2025-04-24 22:00:37,2612,Carrier,Shipment flagged for damage inspection.
SHP0008260,DAMG,Damaged Shipment,Damage,High,Closed,2025-07-05 16:33:57,2025-07-08 00:31:47,2767,Carrier,Shipment flagged for damage inspection.
SHP0008263,ADDR,Address Issue,Address,Medium,Closed,2025-06-08 22:45:35,2025-06-09 08:09:02,199,Customer,Delivery address requires correction or validation.
SHP0008269,MSCN,Missed Scan,Process,Medium,Closed,2025-01-30 15:30:03,2025-01-30 23:00:48,363,Operations,Expected scan was not captured on time.
SHP0008270,MSCN,Missed Scan,Process,Medium,Closed,2025-07-22 11:37:07,2025-07-22 19:25:06,56,Operations,Expected scan was not captured on time.
SHP0008271,MSCN,Missed Scan,Process,Medium,Closed,2025-04-29 06:00:45,2025-04-29 21:59:24,69,Operations,Expected scan was not captured on time.
SHP0008272,WX,Weather Delay,Weather,High,Closed,2025-07-19 09:00:43,2025-07-19 22:53:23,752,Carrier,Shipment delayed because of weather conditions.
SHP0008274,DAMG,Damaged Shipment,Damage,High,Closed,2025-05-31 16:08:19,2025-06-02 07:54:36,1992,Carrier,Shipment flagged for damage inspection.
SHP0008276,DAMG,Damaged Shipment,Damage,High,Closed,2025-03-30 11:08:39,2025-04-01 02:27:24,1874,Carrier,Shipment flagged for damage inspection.
SHP0008281,MSCN,Missed Scan,Process,Medium,Closed,2025-06-26 16:34:04,2025-06-27 06:33:01,236,Operations,Expected scan was not captured on time.
SHP0008284,DAMG,Damaged Shipment,Damage,High,Closed,2025-01-11 01:02:58,2025-01-13 01:22:12,2695,Carrier,Shipment flagged for damage inspection.
SHP0008287,MSCN,Missed Scan,Process,Medium,Closed,2025-02-01 16:42:27,2025-02-01 21:07:55,192,Operations,Expected scan was not captured on time.
SHP0008290,CAP,Capacity Constraint,Capacity,Medium,Closed,2025-01-17 10:46:33,2025-01-18 05:39:59,753,Carrier,Shipment delayed due to available trailer or dock capacity.
SHP0008294,MSCN,Missed Scan,Process,Medium,Closed,2025-09-12 09:55:00,2025-09-13 01:34:41,232,Operations,Expected scan was not captured on time.
SHP0008295,MSCN,Missed Scan,Process,Medium,Closed,2025-09-13 23:49:32,2025-09-14 13:24:56,475,Operations,Expected scan was not captured on time.
SHP0008297,WX,Weather Delay,Weather,High,Closed,2025-01-05 21:38:28,2025-01-06 22:32:19,1322,Carrier,Shipment delayed because of weather conditions.
SHP0008301,ADDR,Address Issue,Address,Medium,Closed,2025-04-30 13:28:10,2025-05-01 14:30:10,898,Customer,Delivery address requires correction or validation.
SHP0008302,ADDR,Address Issue,Address,Medium,Closed,2025-02-13 22:08:56,2025-02-14 09:02:46,199,Customer,Delivery address requires correction or validation.
SHP0008303,MSCN,Missed Scan,Process,Medium,Closed,2025-09-25 12:48:26,2025-09-26 05:12:05,534,Operations,Expected scan was not captured on time.
SHP0008305,MSCN,Missed Scan,Process,Medium,Closed,2025-06-20 07:31:58,2025-06-20 22:08:43,165,Operations,Expected scan was not captured on time.
SHP0008311,ADDR,Address Issue,Address,Medium,Closed,2025-06-13 20:08:01,2025-06-14 15:34:25,718,Customer,Delivery address requires correction or validation.
SHP0008314,CAP,Capacity Constraint,Capacity,Medium,Closed,2025-03-14 08:19:50,2025-03-14 18:40:56,161,Carrier,Shipment delayed due to available trailer or dock capacity.
SHP0008319,DAMG,Damaged Shipment,Damage,High,Open,2025-02-01 03:42:24,,1525,Carrier,Shipment flagged for damage inspection.
SHP0008321,ADDR,Address Issue,Address,Medium,Closed,2025-04-07 07:46:24,2025-04-07 20:22:24,351,Customer,Delivery address requires correction or validation.
SHP0008327,MSCN,Missed Scan,Process,Medium,Closed,2025-05-19 11:43:40,2025-05-20 00:35:39,180,Operations,Expected scan was not captured on time.
SHP0008328,WX,Weather Delay,Weather,High,Closed,2025-03-07 03:19:25,2025-03-08 06:49:45,1297,Carrier,Shipment delayed because of weather conditions.
SHP0008333,WX,Weather Delay,Weather,High,Closed,2025-03-18 02:03:47,2025-03-18 17:04:13,880,Carrier,Shipment delayed because of weather conditions.
SHP0008336,ADDR,Address Issue,Address,Medium,Closed,2025-07-03 19:31:11,2025-07-04 19:07:26,490,Customer,Delivery address requires correction or validation.
SHP0008339,CAP,Capacity Constraint,Capacity,Medium,Closed,2025-07-01 11:18:12,2025-07-02 08:05:12,899,Carrier,Shipment delayed due to available trailer or dock capacity.
SHP0008341,MECH,Equipment Failure,Mechanical,High,Open,2025-01-10 18:48:40,,453,Carrier,Equipment failure caused an operational delay.
SHP0008343,CAP,Capacity Constraint,Capacity,Medium,Closed,2025-05-01 23:13:08,2025-05-02 06:24:31,82,Carrier,Shipment delayed due to available trailer or dock capacity.
SHP0008345,DAMG,Damaged Shipment,Damage,High,Closed,2025-09-08 06:52:25,2025-09-09 09:02:11,1291,Carrier,Shipment flagged for damage inspection.
SHP0008347,ADDR,Address Issue,Address,Medium,Closed,2025-05-30 20:54:27,2025-05-31 16:45:32,904,Customer,Delivery address requires correction or validation.
SHP0008348,WX,Weather Delay,Weather,High,Closed,2025-09-17 19:56:17,2025-09-18 12:27:38,844,Carrier,Shipment delayed because of weather conditions.
SHP0008356,DAMG,Damaged Shipment,Damage,High,Closed,2025-04-19 12:13:47,2025-04-19 21:25:22,397,Carrier,Shipment flagged for damage inspection.
SHP0008357,WX,Weather Delay,Weather,High,Closed,2025-03-06 13:38:07,2025-03-07 05:48:07,704,Carrier,Shipment delayed because of weather conditions.
SHP0008358,WX,Weather Delay,Weather,High,Open,2025-06-27 21:31:59,,572,Carrier,Shipment delayed because of weather conditions.
SHP0008360,MSCN,Missed Scan,Process,Medium,Closed,2025-05-01 13:51:28,2025-05-01 22:47:12,125,Operations,Expected scan was not captured on time.
SHP0008361,MSCN,Missed Scan,Process,Medium,Open,2025-09-24 23:37:02,,221,Operations,Expected scan was not captured on time.
SHP0008363,MECH,Equipment Failure,Mechanical,High,Closed,2025-05-21 13:53:58,2025-05-22 10:03:27,557,Carrier,Equipment failure caused an operational delay.
SHP0008368,MSCN,Missed Scan,Process,Medium,Open,2025-07-25 08:16:32,,529,Operations,Expected scan was not captured on time.
SHP0008370,MSCN,Missed Scan,Process,Medium,Closed,2025-03-24 06:19:41,2025-03-24 20:32:03,332,Operations,Expected scan was not captured on time.
SHP0008372,MSCN,Missed Scan,Process,Medium,Closed,2025-01-21 00:02:41,2025-01-21 08:40:42,360,Operations,Expected scan was not captured on time.
SHP0008373,MSCN,Missed Scan,Process,Medium,Closed,2025-04-28 15:09:40,2025-04-29 13:59:34,511,Operations,Expected scan was not captured on time.
SHP0008374,ADDR,Address Issue,Address,Medium,Closed,2025-02-11 13:39:04,2025-02-12 04:40:05,751,Customer,Delivery address requires correction or validation.
SHP0008379,WX,Weather Delay,Weather,High,Closed,2025-03-28 07:21:44,2025-03-28 21:32:15,600,Carrier,Shipment delayed because of weather conditions.
SHP0008380,ADDR,Address Issue,Address,Medium,Closed,2025-02-22 21:08:28,2025-02-24 02:54:58,1134,Customer,Delivery address requires correction or validation.
SHP0008383,WX,Weather Delay,Weather,High,Closed,2025-05-27 12:53:42,2025-05-28 14:15:04,693,Carrier,Shipment delayed because of weather conditions.
SHP0008386,MSCN,Missed Scan,Process,Medium,Closed,2025-07-23 18:58:57,2025-07-24 10:20:06,147,Operations,Expected scan was not captured on time.
SHP0008389,WX,Weather Delay,Weather,High,Closed,2025-06-28 10:32:51,2025-06-29 22:35:37,1464,Carrier,Shipment delayed because of weather conditions.
SHP0008394,DAMG,Damaged Shipment,Damage,High,Closed,2025-08-18 01:31:18,2025-08-18 18:47:29,2367,Carrier,Shipment flagged for damage inspection.
SHP0008395,MSCN,Missed Scan,Process,Medium,Closed,2025-08-14 16:41:32,2025-08-15 08:40:34,228,Operations,Expected scan was not captured on time.
SHP0008397,WX,Weather Delay,Weather,High,Closed,2025-07-16 11:54:25,2025-07-16 22:02:00,429,Carrier,Shipment delayed because of weather conditions.
SHP0008398,CAP,Capacity Constraint,Capacity,Medium,Closed,2025-05-01 13:31:59,2025-05-01 16:41:56,259,Carrier,Shipment delayed due to available trailer or dock capacity.
SHP0008399,ADDR,Address Issue,Address,Medium,Closed,2025-07-14 12:53:40,2025-07-15 05:00:30,743,Customer,Delivery address requires correction or validation.
SHP0008403,WX,Weather Delay,Weather,High,Closed,2025-03-10 03:47:23,2025-03-11 09:36:38,1500,Carrier,Shipment delayed because of weather conditions.
SHP0008405,WX,Weather Delay,Weather,High,Closed,2025-01-25 17:48:39,2025-01-27 02:55:16,1244,Carrier,Shipment delayed because of weather conditions.
SHP0008407,ADDR,Address Issue,Address,Medium,Closed,2025-02-08 19:52:22,2025-02-09 10:54:48,515,Customer,Delivery address requires correction or validation.
SHP0008412,CAP,Capacity Constraint,Capacity,Medium,Closed,2025-09-09 06:57:11,2025-09-09 18:21:51,79,Carrier,Shipment delayed due to available trailer or dock capacity.
SHP0008413,ADDR,Address Issue,Address,Medium,Closed,2025-02-07 00:13:14,2025-02-08 09:05:23,1203,Customer,Delivery address requires correction or validation.
SHP0008414,WX,Weather Delay,Weather,High,Closed,2025-09-15 03:42:09,2025-09-15 16:38:16,484,Carrier,Shipment delayed because of weather conditions.
SHP0008417,MSCN,Missed Scan,Process,Medium,Closed,2025-08-25 12:42:50,2025-08-25 17:06:02,292,Operations,Expected scan was not captured on time.
SHP0008419,WX,Weather Delay,Weather,High,Closed,2025-03-21 03:18:49,2025-03-21 23:25:24,750,Carrier,Shipment delayed because of weather conditions.
SHP0008420,DAMG,Damaged Shipment,Damage,High,Open,2025-06-09 05:51:47,,561,Carrier,Shipment flagged for damage inspection.
SHP0008421,MSCN,Missed Scan,Process,Medium,Open,2025-09-03 11:29:02,,430,Operations,Expected scan was not captured on time.
SHP0008426,ADDR,Address Issue,Address,Medium,Closed,2025-09-27 22:02:40,2025-09-28 19:54:40,1104,Customer,Delivery address requires correction or validation.
SHP0008427,MSCN,Missed Scan,Process,Medium,Closed,2025-07-02 06:19:10,2025-07-02 09:17:41,149,Operations,Expected scan was not captured on time.
SHP0008431,ADDR,Address Issue,Address,Medium,Closed,2025-09-25 13:35:10,2025-09-26 15:52:05,1191,Customer,Delivery address requires correction or validation.
SHP0008433,MECH,Equipment Failure,Mechanical,High,Open,2025-01-23 03:44:39,,1230,Carrier,Equipment failure caused an operational delay.
SHP0008439,WX,Weather Delay,Weather,High,Closed,2025-05-06 01:23:30,2025-05-06 22:19:50,1395,Carrier,Shipment delayed because of weather conditions.
SHP0008440,DAMG,Damaged Shipment,Damage,High,Closed,2025-09-28 19:16:20,2025-09-30 12:16:37,2364,Carrier,Shipment flagged for damage inspection.
SHP0008442,ADDR,Address Issue,Address,Medium,Closed,2025-09-14 04:14:03,2025-09-15 09:50:01,1330,Customer,Delivery address requires correction or validation.
SHP0008443,MSCN,Missed Scan,Process,Medium,Closed,2025-06-27 20:46:22,2025-06-28 13:11:16,298,Operations,Expected scan was not captured on time.
SHP0008445,CAP,Capacity Constraint,Capacity,Medium,Closed,2025-04-09 03:45:36,2025-04-09 18:49:12,622,Carrier,Shipment delayed due to available trailer or dock capacity.
SHP0008448,WX,Weather Delay,Weather,High,Closed,2025-06-15 06:03:39,2025-06-15 19:41:19,386,Carrier,Shipment delayed because of weather conditions.
SHP0008451,MSCN,Missed Scan,Process,Medium,Closed,2025-01-14 02:50:08,2025-01-14 08:45:50,406,Operations,Expected scan was not captured on time.
SHP0008452,WX,Weather Delay,Weather,High,Closed,2025-03-21 10:27:47,2025-03-22 02:31:43,544,Carrier,Shipment delayed because of weather conditions.
SHP0008453,CAP,Capacity Constraint,Capacity,Medium,Closed,2025-07-07 15:49:10,2025-07-08 09:20:18,563,Carrier,Shipment delayed due to available trailer or dock capacity.
SHP0008459,MSCN,Missed Scan,Process,Medium,Closed,2025-09-22 03:51:03,2025-09-22 14:42:12,305,Operations,Expected scan was not captured on time.
SHP0008460,DAMG,Damaged Shipment,Damage,High,Closed,2025-06-18 12:08:31,2025-06-20 01:00:53,1614,Carrier,Shipment flagged for damage inspection.
SHP0008463,DAMG,Damaged Shipment,Damage,High,Closed,2025-03-18 11:28:10,2025-03-20 12:03:35,2389,Carrier,Shipment flagged for damage inspection.
SHP0008467,ADDR,Address Issue,Address,Medium,Closed,2025-09-13 17:19:26,2025-09-14 12:55:13,1101,Customer,Delivery address requires correction or validation.
SHP0008472,WX,Weather Delay,Weather,High,Closed,2025-06-22 02:29:56,2025-06-22 17:40:17,736,Carrier,Shipment delayed because of weather conditions.
SHP0008474,ADDR,Address Issue,Address,Medium,Closed,2025-06-05 13:06:21,2025-06-06 06:12:28,929,Customer,Delivery address requires correction or validation.
SHP0008482,WX,Weather Delay,Weather,High,Closed,2025-08-13 14:39:42,2025-08-14 19:20:34,1177,Carrier,Shipment delayed because of weather conditions.
SHP0008484,CAP,Capacity Constraint,Capacity,Medium,Closed,2025-02-12 01:06:35,2025-02-12 09:56:38,500,Carrier,Shipment delayed due to available trailer or dock capacity.
SHP0008486,WX,Weather Delay,Weather,High,Closed,2025-07-08 20:50:21,2025-07-09 23:29:43,1442,Carrier,Shipment delayed because of weather conditions.
SHP0008487,DAMG,Damaged Shipment,Damage,High,Closed,2025-08-06 06:41:09,2025-08-07 21:34:53,2096,Carrier,Shipment flagged for damage inspection.
SHP0008500,CAP,Capacity Constraint,Capacity,Medium,Closed,2025-02-19 20:38:44,2025-02-20 03:59:39,395,Carrier,Shipment delayed due to available trailer or dock capacity.
SHP0008501,MSCN,Missed Scan,Process,Medium,Closed,2025-08-24 18:35:58,2025-08-25 05:29:33,228,Operations,Expected scan was not captured on time.
SHP0008505,WX,Weather Delay,Weather,High,Closed,2025-09-16 13:31:37,2025-09-17 19:47:28,1469,Carrier,Shipment delayed because of weather conditions.
SHP0008508,MSCN,Missed Scan,Process,Medium,Closed,2025-04-05 13:56:58,2025-04-05 17:38:54,345,Operations,Expected scan was not captured on time.
SHP0008509,MSCN,Missed Scan,Process,Medium,Closed,2025-02-14 15:04:30,2025-02-15 07:26:16,267,Operations,Expected scan was not captured on time.
SHP0008510,DAMG,Damaged Shipment,Damage,High,Closed,2025-04-18 04:34:48,2025-04-19 13:21:10,1577,Carrier,Shipment flagged for damage inspection.
SHP0008511,WX,Weather Delay,Weather,High,Closed,2025-01-12 13:17:13,2025-01-13 14:59:23,1369,Carrier,Shipment delayed because of weather conditions.
SHP0008513,CAP,Capacity Constraint,Capacity,Medium,Closed,2025-09-21 07:43:31,2025-09-22 03:20:18,656,Carrier,Shipment delayed due to available trailer or dock capacity.
SHP0008515,ADDR,Address Issue,Address,Medium,Closed,2025-09-05 19:30:05,2025-09-05 23:44:54,164,Customer,Delivery address requires correction or validation.
SHP0008517,WX,Weather Delay,Weather,High,Closed,2025-04-16 12:13:51,2025-04-17 21:20:48,1367,Carrier,Shipment delayed because of weather conditions.
SHP0008518,WX,Weather Delay,Weather,High,Closed,2025-04-05 14:59:01,2025-04-06 09:22:37,1174,Carrier,Shipment delayed because of weather conditions.
SHP0008519,DAMG,Damaged Shipment,Damage,High,Closed,2025-09-08 16:54:44,2025-09-10 07:58:13,2315,Carrier,Shipment flagged for damage inspection.
SHP0008521,MSCN,Missed Scan,Process,Medium,Closed,2025-01-07 08:15:08,2025-01-07 23:43:36,230,Operations,Expected scan was not captured on time.
SHP0008523,WX,Weather Delay,Weather,High,Closed,2025-03-07 05:15:41,2025-03-08 10:34:55,1074,Carrier,Shipment delayed because of weather conditions.
SHP0008529,WX,Weather Delay,Weather,High,Closed,2025-07-23 16:26:43,2025-07-24 05:06:00,287,Carrier,Shipment delayed because of weather conditions.
SHP0008535,MECH,Equipment Failure,Mechanical,High,Closed,2025-05-05 12:44:24,2025-05-06 18:11:29,1280,Carrier,Equipment failure caused an operational delay.
SHP0008539,CAP,Capacity Constraint,Capacity,Medium,Closed,2025-05-21 03:09:34,2025-05-21 08:11:40,191,Carrier,Shipment delayed due to available trailer or dock capacity.
SHP0008541,ADDR,Address Issue,Address,Medium,Closed,2025-08-18 16:06:33,2025-08-19 18:30:32,1059,Customer,Delivery address requires correction or validation.
SHP0008542,WX,Weather Delay,Weather,High,Closed,2025-07-17 07:32:20,2025-07-17 20:24:00,882,Carrier,Shipment delayed because of weather conditions.
SHP0008544,DAMG,Damaged Shipment,Damage,High,Closed,2025-04-12 05:03:35,2025-04-12 21:13:00,572,Carrier,Shipment flagged for damage inspection.
SHP0008547,CAP,Capacity Constraint,Capacity,Medium,Closed,2025-05-22 06:33:40,2025-05-22 16:58:41,271,Carrier,Shipment delayed due to available trailer or dock capacity.
SHP0008548,MECH,Equipment Failure,Mechanical,High,Closed,2025-03-15 10:26:42,2025-03-15 22:00:55,733,Carrier,Equipment failure caused an operational delay.
SHP0008552,MSCN,Missed Scan,Process,Medium,Closed,2025-02-14 00:19:32,2025-02-14 13:12:37,232,Operations,Expected scan was not captured on time.
SHP0008553,WX,Weather Delay,Weather,High,Closed,2025-09-18 05:21:14,2025-09-19 05:19:30,1382,Carrier,Shipment delayed because of weather conditions.
SHP0008556,CAP,Capacity Constraint,Capacity,Medium,Closed,2025-01-26 06:53:07,2025-01-27 00:37:21,529,Carrier,Shipment delayed due to available trailer or dock capacity.
SHP0008559,ADDR,Address Issue,Address,Medium,Closed,2025-09-18 23:37:15,2025-09-19 12:38:55,151,Customer,Delivery address requires correction or validation.
SHP0008560,WX,Weather Delay,Weather,High,Closed,2025-07-07 17:21:01,2025-07-08 17:45:18,1429,Carrier,Shipment delayed because of weather conditions.
SHP0008561,MSCN,Missed Scan,Process,Medium,Closed,2025-05-31 01:05:44,2025-05-31 13:56:15,340,Operations,Expected scan was not captured on time.
SHP0008563,CAP,Capacity Constraint,Capacity,Medium,Closed,2025-01-08 21:30:19,2025-01-09 15:44:11,596,Carrier,Shipment delayed due to available trailer or dock capacity.
SHP0008565,WX,Weather Delay,Weather,High,Closed,2025-09-15 09:00:41,2025-09-16 17:27:38,1370,Carrier,Shipment delayed because of weather conditions.
SHP0008567,MECH,Equipment Failure,Mechanical,High,Closed,2025-07-11 10:23:26,2025-07-12 03:29:49,823,Carrier,Equipment failure caused an operational delay.
SHP0008569,MSCN,Missed Scan,Process,Medium,Closed,2025-06-19 22:44:20,2025-06-20 07:16:31,508,Operations,Expected scan was not captured on time.
SHP0008570,WX,Weather Delay,Weather,High,Closed,2025-06-13 06:18:13,2025-06-14 00:59:19,535,Carrier,Shipment delayed because of weather conditions.
SHP0008571,DAMG,Damaged Shipment,Damage,High,Closed,2025-04-29 17:01:31,2025-04-30 13:06:51,1167,Carrier,Shipment flagged for damage inspection.
SHP0008572,DAMG,Damaged Shipment,Damage,High,Closed,2025-03-09 16:20:42,2025-03-10 18:37:34,1269,Carrier,Shipment flagged for damage inspection.
SHP0008576,WX,Weather Delay,Weather,High,Closed,2025-05-07 20:09:12,2025-05-08 22:58:39,1254,Carrier,Shipment delayed because of weather conditions.
SHP0008577,MSCN,Missed Scan,Process,Medium,Closed,2025-08-25 11:37:03,2025-08-25 21:07:54,390,Operations,Expected scan was not captured on time.
SHP0008580,MSCN,Missed Scan,Process,Medium,Open,2025-07-25 12:55:59,,290,Operations,Expected scan was not captured on time.
SHP0008581,WX,Weather Delay,Weather,High,Closed,2025-01-06 09:34:57,2025-01-07 12:32:59,1437,Carrier,Shipment delayed because of weather conditions.
SHP0008582,DAMG,Damaged Shipment,Damage,High,Open,2025-07-12 17:18:25,,1415,Carrier,Shipment flagged for damage inspection.
SHP0008584,WX,Weather Delay,Weather,High,Closed,2025-04-26 08:12:52,2025-04-27 17:12:53,1543,Carrier,Shipment delayed because of weather conditions.
SHP0008585,MSCN,Missed Scan,Process,Medium,Closed,2025-05-27 21:36:25,2025-05-28 15:17:34,422,Operations,Expected scan was not captured on time.
SHP0008586,WX,Weather Delay,Weather,High,Closed,2025-07-06 21:01:25,2025-07-08 04:05:46,1244,Carrier,Shipment delayed because of weather conditions.
SHP0008588,MSCN,Missed Scan,Process,Medium,Closed,2025-09-01 17:17:41,2025-09-02 09:11:55,255,Operations,Expected scan was not captured on time.
SHP0008594,CAP,Capacity Constraint,Capacity,Medium,Closed,2025-07-05 08:29:59,2025-07-05 23:24:06,454,Carrier,Shipment delayed due to available trailer or dock capacity.
SHP0008597,WX,Weather Delay,Weather,High,Closed,2025-03-01 12:53:55,2025-03-02 21:04:56,1631,Carrier,Shipment delayed because of weather conditions.
SHP0008603,MSCN,Missed Scan,Process,Medium,Closed,2025-07-19 03:42:14,2025-07-19 22:43:26,479,Operations,Expected scan was not captured on time.
SHP0008606,DAMG,Damaged Shipment,Damage,High,Closed,2025-01-23 20:45:37,2025-01-26 01:25:59,2577,Carrier,Shipment flagged for damage inspection.
SHP0008608,ADDR,Address Issue,Address,Medium,Closed,2025-03-28 07:29:00,2025-03-29 15:47:04,1226,Customer,Delivery address requires correction or validation.
SHP0008609,DAMG,Damaged Shipment,Damage,High,Closed,2025-09-17 05:18:02,2025-09-19 03:33:22,2159,Carrier,Shipment flagged for damage inspection.
SHP0008611,WX,Weather Delay,Weather,High,Closed,2025-08-11 15:47:31,2025-08-12 09:00:38,881,Carrier,Shipment delayed because of weather conditions.
SHP0008612,ADDR,Address Issue,Address,Medium,Closed,2025-09-22 06:31:53,2025-09-22 20:08:31,419,Customer,Delivery address requires correction or validation.
SHP0008613,CAP,Capacity Constraint,Capacity,Medium,Closed,2025-01-06 11:56:56,2025-01-07 00:07:11,460,Carrier,Shipment delayed due to available trailer or dock capacity.
SHP0008616,MSCN,Missed Scan,Process,Medium,Closed,2025-02-24 02:49:53,2025-02-24 20:17:08,505,Operations,Expected scan was not captured on time.
SHP0008617,WX,Weather Delay,Weather,High,Open,2025-09-07 16:42:36,,1084,Carrier,Shipment delayed because of weather conditions.
SHP0008618,ADDR,Address Issue,Address,Medium,Closed,2025-02-19 08:39:00,2025-02-20 11:49:34,984,Customer,Delivery address requires correction or validation.
SHP0008622,ADDR,Address Issue,Address,Medium,Closed,2025-07-17 06:01:54,2025-07-18 07:30:16,979,Customer,Delivery address requires correction or validation.
SHP0008623,ADDR,Address Issue,Address,Medium,Closed,2025-07-23 04:40:00,2025-07-24 08:55:10,1111,Customer,Delivery address requires correction or validation.
SHP0008624,CAP,Capacity Constraint,Capacity,Medium,Closed,2025-07-21 10:02:08,2025-07-22 06:55:51,768,Carrier,Shipment delayed due to available trailer or dock capacity.
SHP0008625,CAP,Capacity Constraint,Capacity,Medium,Closed,2025-05-04 01:34:39,2025-05-04 17:07:54,547,Carrier,Shipment delayed due to available trailer or dock capacity.
SHP0008626,WX,Weather Delay,Weather,High,Closed,2025-06-14 14:29:30,2025-06-15 07:26:12,557,Carrier,Shipment delayed because of weather conditions.
SHP0008628,CAP,Capacity Constraint,Capacity,Medium,Closed,2025-05-01 07:26:09,2025-05-02 00:51:27,339,Carrier,Shipment delayed due to available trailer or dock capacity.
SHP0008631,DAMG,Damaged Shipment,Damage,High,Closed,2025-08-01 17:12:34,2025-08-03 09:11:35,1967,Carrier,Shipment flagged for damage inspection.
SHP0008637,DAMG,Damaged Shipment,Damage,High,Closed,2025-02-27 18:15:22,2025-02-28 11:44:37,439,Carrier,Shipment flagged for damage inspection.
SHP0008643,CAP,Capacity Constraint,Capacity,Medium,Closed,2025-04-10 16:55:21,2025-04-11 04:35:42,365,Carrier,Shipment delayed due to available trailer or dock capacity.
SHP0008647,WX,Weather Delay,Weather,High,Closed,2025-01-08 08:21:00,2025-01-09 15:23:04,1671,Carrier,Shipment delayed because of weather conditions.
SHP0008648,WX,Weather Delay,Weather,High,Closed,2025-04-05 04:08:42,2025-04-05 18:31:33,556,Carrier,Shipment delayed because of weather conditions.
SHP0008650,DAMG,Damaged Shipment,Damage,High,Closed,2025-08-13 22:09:16,2025-08-14 23:19:41,1093,Carrier,Shipment flagged for damage inspection.
SHP0008651,MSCN,Missed Scan,Process,Medium,Open,2025-07-02 11:32:39,,161,Operations,Expected scan was not captured on time.
SHP0008654,WX,Weather Delay,Weather,High,Closed,2025-02-21 05:10:28,2025-02-21 17:17:50,734,Carrier,Shipment delayed because of weather conditions.
SHP0008657,MSCN,Missed Scan,Process,Medium,Closed,2025-05-08 12:50:38,2025-05-09 01:33:12,357,Operations,Expected scan was not captured on time.
SHP0008658,WX,Weather Delay,Weather,High,Closed,2025-04-02 15:17:12,2025-04-03 02:56:18,626,Carrier,Shipment delayed because of weather conditions.
SHP0008670,MSCN,Missed Scan,Process,Medium,Closed,2025-09-16 03:00:34,2025-09-16 19:23:24,518,Operations,Expected scan was not captured on time.
SHP0008671,MECH,Equipment Failure,Mechanical,High,Closed,2025-05-28 05:54:50,2025-05-28 15:23:13,288,Carrier,Equipment failure caused an operational delay.
SHP0008673,MSCN,Missed Scan,Process,Medium,Closed,2025-07-24 10:35:48,2025-07-25 00:09:13,277,Operations,Expected scan was not captured on time.
SHP0008674,WX,Weather Delay,Weather,High,Closed,2025-07-15 23:59:38,2025-07-16 23:32:09,1118,Carrier,Shipment delayed because of weather conditions.
SHP0008675,WX,Weather Delay,Weather,High,Closed,2025-02-19 02:48:50,2025-02-20 11:14:01,1181,Carrier,Shipment delayed because of weather conditions.
SHP0008677,WX,Weather Delay,Weather,High,Closed,2025-06-25 00:39:47,2025-06-25 13:02:33,737,Carrier,Shipment delayed because of weather conditions.
SHP0008679,MSCN,Missed Scan,Process,Medium,Closed,2025-03-14 20:57:41,2025-03-15 03:08:33,60,Operations,Expected scan was not captured on time.
SHP0008680,MECH,Equipment Failure,Mechanical,High,Closed,2025-02-23 07:48:51,2025-02-23 19:48:44,414,Carrier,Equipment failure caused an operational delay.
SHP0008681,ADDR,Address Issue,Address,Medium,Open,2025-06-25 12:18:52,,296,Customer,Delivery address requires correction or validation.
SHP0008682,DAMG,Damaged Shipment,Damage,High,Closed,2025-02-11 02:21:10,2025-02-12 04:39:36,958,Carrier,Shipment flagged for damage inspection.
SHP0008683,WX,Weather Delay,Weather,High,Closed,2025-09-10 10:08:54,2025-09-12 00:25:28,1577,Carrier,Shipment delayed because of weather conditions.
SHP0008687,WX,Weather Delay,Weather,High,Closed,2025-04-20 04:11:59,2025-04-20 19:36:46,315,Carrier,Shipment delayed because of weather conditions.
SHP0008688,MSCN,Missed Scan,Process,Medium,Closed,2025-07-05 00:34:19,2025-07-05 09:12:53,191,Operations,Expected scan was not captured on time.
SHP0008691,MECH,Equipment Failure,Mechanical,High,Closed,2025-01-05 16:40:21,2025-01-06 21:28:04,976,Carrier,Equipment failure caused an operational delay.
SHP0008696,CAP,Capacity Constraint,Capacity,Medium,Closed,2025-07-10 20:15:26,2025-07-11 03:47:11,314,Carrier,Shipment delayed due to available trailer or dock capacity.
SHP0008697,MECH,Equipment Failure,Mechanical,High,Closed,2025-09-16 21:30:47,2025-09-17 17:45:20,1053,Carrier,Equipment failure caused an operational delay.
SHP0008698,MECH,Equipment Failure,Mechanical,High,Closed,2025-08-24 15:20:11,2025-08-25 15:38:50,1015,Carrier,Equipment failure caused an operational delay.
SHP0008700,DAMG,Damaged Shipment,Damage,High,Closed,2025-09-06 06:25:51,2025-09-07 00:57:28,1672,Carrier,Shipment flagged for damage inspection.
SHP0008707,MECH,Equipment Failure,Mechanical,High,Closed,2025-04-11 13:34:12,2025-04-12 11:29:54,963,Carrier,Equipment failure caused an operational delay.
SHP0008711,MSCN,Missed Scan,Process,Medium,Closed,2025-06-20 18:27:06,2025-06-21 05:37:28,160,Operations,Expected scan was not captured on time.
SHP0008714,MSCN,Missed Scan,Process,Medium,Closed,2025-05-18 13:03:37,2025-05-19 01:50:32,305,Operations,Expected scan was not captured on time.
SHP0008724,MSCN,Missed Scan,Process,Medium,Open,2025-07-30 04:04:13,,193,Operations,Expected scan was not captured on time.
SHP0008731,WX,Weather Delay,Weather,High,Open,2025-09-11 15:54:31,,1122,Carrier,Shipment delayed because of weather conditions.
SHP0008736,MSCN,Missed Scan,Process,Medium,Closed,2025-05-11 08:32:23,2025-05-11 11:38:53,164,Operations,Expected scan was not captured on time.
SHP0008737,WX,Weather Delay,Weather,High,Closed,2025-03-13 09:59:56,2025-03-13 19:47:42,304,Carrier,Shipment delayed because of weather conditions.
SHP0008743,DAMG,Damaged Shipment,Damage,High,Closed,2025-03-23 23:27:07,2025-03-26 03:09:31,2524,Carrier,Shipment flagged for damage inspection.
SHP0008744,MSCN,Missed Scan,Process,Medium,Closed,2025-07-15 21:12:08,2025-07-16 08:02:48,147,Operations,Expected scan was not captured on time.
SHP0008745,WX,Weather Delay,Weather,High,Closed,2025-03-08 18:09:19,2025-03-09 10:19:20,534,Carrier,Shipment delayed because of weather conditions.
SHP0008750,MSCN,Missed Scan,Process,Medium,Open,2025-06-26 07:52:27,,471,Operations,Expected scan was not captured on time.
SHP0008752,ADDR,Address Issue,Address,Medium,Open,2025-05-16 16:58:54,,1138,Customer,Delivery address requires correction or validation.
SHP0008753,WX,Weather Delay,Weather,High,Closed,2025-02-12 18:40:21,2025-02-14 06:42:41,1598,Carrier,Shipment delayed because of weather conditions.
SHP0008758,MSCN,Missed Scan,Process,Medium,Closed,2025-08-12 06:26:04,2025-08-13 04:27:22,484,Operations,Expected scan was not captured on time.
SHP0008760,DAMG,Damaged Shipment,Damage,High,Closed,2025-04-08 17:57:06,2025-04-09 06:34:43,1347,Carrier,Shipment flagged for damage inspection.
SHP0008764,WX,Weather Delay,Weather,High,Closed,2025-05-17 09:51:10,2025-05-17 23:08:44,839,Carrier,Shipment delayed because of weather conditions.
SHP0008765,MSCN,Missed Scan,Process,Medium,Closed,2025-06-30 15:19:12,2025-07-01 03:37:06,333,Operations,Expected scan was not captured on time.
SHP0008768,WX,Weather Delay,Weather,High,Closed,2025-08-30 19:03:04,2025-09-01 07:25:57,1538,Carrier,Shipment delayed because of weather conditions.
SHP0008777,DAMG,Damaged Shipment,Damage,High,Closed,2025-07-13 09:10:04,2025-07-15 09:22:25,2394,Carrier,Shipment flagged for damage inspection.
SHP0008781,WX,Weather Delay,Weather,High,Closed,2025-06-05 20:29:50,2025-06-07 01:20:54,1305,Carrier,Shipment delayed because of weather conditions.
SHP0008782,MSCN,Missed Scan,Process,Medium,Closed,2025-09-06 19:27:50,2025-09-07 15:09:12,410,Operations,Expected scan was not captured on time.
SHP0008791,MSCN,Missed Scan,Process,Medium,Open,2025-04-26 20:26:54,,394,Operations,Expected scan was not captured on time.
SHP0008792,DAMG,Damaged Shipment,Damage,High,Closed,2025-04-06 04:50:17,2025-04-08 04:08:36,2115,Carrier,Shipment flagged for damage inspection.
SHP0008793,MECH,Equipment Failure,Mechanical,High,Closed,2025-03-31 20:37:21,2025-04-02 05:10:04,1253,Carrier,Equipment failure caused an operational delay.
SHP0008794,MSCN,Missed Scan,Process,Medium,Closed,2025-05-24 13:35:23,2025-05-25 03:13:14,118,Operations,Expected scan was not captured on time.
SHP0008796,MSCN,Missed Scan,Process,Medium,Closed,2025-01-31 21:25:50,2025-02-01 11:32:08,300,Operations,Expected scan was not captured on time.
SHP0008801,MECH,Equipment Failure,Mechanical,High,Open,2025-02-28 09:01:59,,1193,Carrier,Equipment failure caused an operational delay.
SHP0008803,CAP,Capacity Constraint,Capacity,Medium,Closed,2025-02-06 20:59:39,2025-02-07 17:57:44,571,Carrier,Shipment delayed due to available trailer or dock capacity.
SHP0008805,MSCN,Missed Scan,Process,Medium,Closed,2025-08-12 22:54:42,2025-08-13 01:15:22,160,Operations,Expected scan was not captured on time.
SHP0008806,MSCN,Missed Scan,Process,Medium,Closed,2025-07-17 06:54:52,2025-07-17 13:14:22,269,Operations,Expected scan was not captured on time.
SHP0008809,WX,Weather Delay,Weather,High,Closed,2025-05-29 05:31:52,2025-05-30 10:37:15,1307,Carrier,Shipment delayed because of weather conditions.
SHP0008816,WX,Weather Delay,Weather,High,Closed,2025-09-23 14:39:59,2025-09-23 22:08:34,276,Carrier,Shipment delayed because of weather conditions.
SHP0008823,CAP,Capacity Constraint,Capacity,Medium,Closed,2025-03-05 21:02:47,2025-03-06 03:41:17,281,Carrier,Shipment delayed due to available trailer or dock capacity.
SHP0008824,WX,Weather Delay,Weather,High,Closed,2025-08-26 21:24:21,2025-08-28 00:24:13,856,Carrier,Shipment delayed because of weather conditions.
SHP0008825,MSCN,Missed Scan,Process,Medium,Closed,2025-08-23 04:28:28,2025-08-23 05:40:13,107,Operations,Expected scan was not captured on time.
SHP0008830,DAMG,Damaged Shipment,Damage,High,Closed,2025-04-25 12:17:26,2025-04-26 14:47:09,931,Carrier,Shipment flagged for damage inspection.
SHP0008832,MECH,Equipment Failure,Mechanical,High,Closed,2025-08-05 23:11:55,2025-08-06 14:43:10,992,Carrier,Equipment failure caused an operational delay.
SHP0008834,MECH,Equipment Failure,Mechanical,High,Closed,2025-09-10 00:35:28,2025-09-10 11:31:49,447,Carrier,Equipment failure caused an operational delay.
SHP0008838,MSCN,Missed Scan,Process,Medium,Closed,2025-08-25 13:40:03,2025-08-25 22:43:18,259,Operations,Expected scan was not captured on time.
SHP0008842,MSCN,Missed Scan,Process,Medium,Closed,2025-05-08 16:51:44,2025-05-09 07:18:27,366,Operations,Expected scan was not captured on time.
SHP0008843,WX,Weather Delay,Weather,High,Closed,2025-05-29 23:06:33,2025-05-31 05:03:24,1454,Carrier,Shipment delayed because of weather conditions.
SHP0008844,MSCN,Missed Scan,Process,Medium,Closed,2025-06-20 03:58:17,2025-06-20 07:01:15,141,Operations,Expected scan was not captured on time.
SHP0008847,DAMG,Damaged Shipment,Damage,High,Closed,2025-07-09 20:13:47,2025-07-11 20:57:16,2182,Carrier,Shipment flagged for damage inspection.
SHP0008848,WX,Weather Delay,Weather,High,Closed,2025-02-11 00:18:54,2025-02-12 16:30:21,1667,Carrier,Shipment delayed because of weather conditions.
SHP0008850,MSCN,Missed Scan,Process,Medium,Closed,2025-07-14 10:25:28,2025-07-14 11:10:36,47,Operations,Expected scan was not captured on time.
SHP0008854,DAMG,Damaged Shipment,Damage,High,Closed,2025-02-27 07:42:23,2025-02-28 21:58:24,1879,Carrier,Shipment flagged for damage inspection.
SHP0008855,MSCN,Missed Scan,Process,Medium,Closed,2025-08-19 00:41:12,2025-08-19 13:37:31,295,Operations,Expected scan was not captured on time.
SHP0008856,WX,Weather Delay,Weather,High,Closed,2025-07-25 04:06:20,2025-07-26 17:47:21,1506,Carrier,Shipment delayed because of weather conditions.
SHP0008859,MSCN,Missed Scan,Process,Medium,Open,2025-02-02 17:13:53,,440,Operations,Expected scan was not captured on time.
SHP0008861,MECH,Equipment Failure,Mechanical,High,Closed,2025-05-31 01:26:32,2025-05-31 23:27:10,1282,Carrier,Equipment failure caused an operational delay.
SHP0008863,MSCN,Missed Scan,Process,Medium,Closed,2025-04-08 16:47:02,2025-04-09 09:14:18,406,Operations,Expected scan was not captured on time.
SHP0008870,WX,Weather Delay,Weather,High,Closed,2025-03-13 02:34:30,2025-03-14 00:02:02,927,Carrier,Shipment delayed because of weather conditions.
SHP0008871,WX,Weather Delay,Weather,High,Closed,2025-07-16 18:50:38,2025-07-17 11:13:51,1038,Carrier,Shipment delayed because of weather conditions.
SHP0008878,ADDR,Address Issue,Address,Medium,Closed,2025-06-05 21:11:12,2025-06-06 12:52:16,633,Customer,Delivery address requires correction or validation.
SHP0008879,WX,Weather Delay,Weather,High,Closed,2025-01-11 12:27:20,2025-01-12 19:51:25,1645,Carrier,Shipment delayed because of weather conditions.
SHP0008881,MSCN,Missed Scan,Process,Medium,Closed,2025-01-09 16:15:35,2025-01-10 01:03:04,184,Operations,Expected scan was not captured on time.
SHP0008882,WX,Weather Delay,Weather,High,Closed,2025-05-07 01:35:16,2025-05-07 15:53:54,378,Carrier,Shipment delayed because of weather conditions.
SHP0008883,WX,Weather Delay,Weather,High,Closed,2025-03-10 00:47:32,2025-03-10 21:29:10,1329,Carrier,Shipment delayed because of weather conditions.
SHP0008888,ADDR,Address Issue,Address,Medium,Closed,2025-02-23 07:22:25,2025-02-24 08:50:12,992,Customer,Delivery address requires correction or validation.
SHP0008891,CAP,Capacity Constraint,Capacity,Medium,Closed,2025-04-20 08:35:57,2025-04-21 04:27:07,732,Carrier,Shipment delayed due to available trailer or dock capacity.
SHP0008900,WX,Weather Delay,Weather,High,Closed,2025-07-14 18:03:45,2025-07-15 11:25:18,421,Carrier,Shipment delayed because of weather conditions.
SHP0008904,DAMG,Damaged Shipment,Damage,High,Closed,2025-07-04 14:30:59,2025-07-05 13:24:30,691,Carrier,Shipment flagged for damage inspection.
SHP0008906,CAP,Capacity Constraint,Capacity,Medium,Closed,2025-08-15 22:12:29,2025-08-16 15:21:32,400,Carrier,Shipment delayed due to available trailer or dock capacity.
SHP0008907,ADDR,Address Issue,Address,Medium,Closed,2025-04-24 20:38:46,2025-04-25 12:35:33,252,Customer,Delivery address requires correction or validation.
SHP0008908,MECH,Equipment Failure,Mechanical,High,Open,2025-08-03 22:29:43,,1297,Carrier,Equipment failure caused an operational delay.
SHP0008910,DAMG,Damaged Shipment,Damage,High,Closed,2025-06-20 16:44:10,2025-06-21 20:28:33,1708,Carrier,Shipment flagged for damage inspection.
SHP0008912,DAMG,Damaged Shipment,Damage,High,Closed,2025-02-07 11:11:14,2025-02-09 09:06:51,2258,Carrier,Shipment flagged for damage inspection.
SHP0008913,WX,Weather Delay,Weather,High,Closed,2025-04-03 04:14:13,2025-04-03 15:32:37,368,Carrier,Shipment delayed because of weather conditions.
SHP0008914,ADDR,Address Issue,Address,Medium,Closed,2025-02-15 06:10:12,2025-02-16 04:58:49,1104,Customer,Delivery address requires correction or validation.
SHP0008915,MSCN,Missed Scan,Process,Medium,Closed,2025-03-29 10:35:59,2025-03-29 19:39:16,91,Operations,Expected scan was not captured on time.
SHP0008916,MECH,Equipment Failure,Mechanical,High,Closed,2025-04-26 01:52:41,2025-04-26 23:58:57,847,Carrier,Equipment failure caused an operational delay.
SHP0008917,ADDR,Address Issue,Address,Medium,Closed,2025-05-11 18:11:48,2025-05-12 23:24:43,1273,Customer,Delivery address requires correction or validation.
SHP0008918,MECH,Equipment Failure,Mechanical,High,Closed,2025-04-24 00:28:32,2025-04-24 16:46:06,872,Carrier,Equipment failure caused an operational delay.
SHP0008920,WX,Weather Delay,Weather,High,Closed,2025-04-17 13:31:18,2025-04-18 21:57:27,1494,Carrier,Shipment delayed because of weather conditions.
SHP0008921,WX,Weather Delay,Weather,High,Closed,2025-07-17 14:43:29,2025-07-18 07:40:01,694,Carrier,Shipment delayed because of weather conditions.
SHP0008924,ADDR,Address Issue,Address,Medium,Closed,2025-01-06 08:55:24,2025-01-07 14:59:59,1003,Customer,Delivery address requires correction or validation.
SHP0008926,WX,Weather Delay,Weather,High,Closed,2025-06-04 03:44:13,2025-06-05 11:09:18,1534,Carrier,Shipment delayed because of weather conditions.
SHP0008927,MSCN,Missed Scan,Process,Medium,Closed,2025-02-02 02:33:54,2025-02-02 14:26:13,317,Operations,Expected scan was not captured on time.
SHP0008928,ADDR,Address Issue,Address,Medium,Closed,2025-01-31 19:15:32,2025-02-01 01:17:50,168,Customer,Delivery address requires correction or validation.
SHP0008930,ADDR,Address Issue,Address,Medium,Closed,2025-05-05 18:08:35,2025-05-06 03:58:47,389,Customer,Delivery address requires correction or validation.
SHP0008932,WX,Weather Delay,Weather,High,Closed,2025-08-26 11:32:43,2025-08-27 02:09:33,264,Carrier,Shipment delayed because of weather conditions.
SHP0008933,DAMG,Damaged Shipment,Damage,High,Closed,2025-09-20 20:32:31,2025-09-23 02:24:44,2748,Carrier,Shipment flagged for damage inspection.
SHP0008935,ADDR,Address Issue,Address,Medium,Closed,2025-01-13 21:06:53,2025-01-14 11:54:01,885,Customer,Delivery address requires correction or validation.
SHP0008938,CAP,Capacity Constraint,Capacity,Medium,Closed,2025-03-25 22:50:22,2025-03-26 12:15:44,433,Carrier,Shipment delayed due to available trailer or dock capacity.
SHP0008939,CAP,Capacity Constraint,Capacity,Medium,Closed,2025-09-04 16:05:46,2025-09-05 00:14:59,140,Carrier,Shipment delayed due to available trailer or dock capacity.
SHP0008942,WX,Weather Delay,Weather,High,Closed,2025-05-24 23:30:06,2025-05-25 18:21:05,1001,Carrier,Shipment delayed because of weather conditions.
SHP0008943,MSCN,Missed Scan,Process,Medium,Closed,2025-01-21 21:44:19,2025-01-22 07:23:12,403,Operations,Expected scan was not captured on time.
SHP0008944,WX,Weather Delay,Weather,High,Closed,2025-03-03 10:23:31,2025-03-04 18:49:45,1481,Carrier,Shipment delayed because of weather conditions.
SHP0008946,MSCN,Missed Scan,Process,Medium,Closed,2025-07-01 14:00:27,2025-07-01 23:09:41,208,Operations,Expected scan was not captured on time.
SHP0008947,ADDR,Address Issue,Address,Medium,Open,2025-03-20 16:58:49,,1028,Customer,Delivery address requires correction or validation.
SHP0008950,DAMG,Damaged Shipment,Damage,High,Closed,2025-01-20 11:54:41,2025-01-22 01:46:37,1822,Carrier,Shipment flagged for damage inspection.
SHP0008952,DAMG,Damaged Shipment,Damage,High,Closed,2025-04-22 21:51:55,2025-04-23 18:58:47,636,Carrier,Shipment flagged for damage inspection.
SHP0008955,WX,Weather Delay,Weather,High,Closed,2025-05-31 15:52:37,2025-06-01 08:40:03,926,Carrier,Shipment delayed because of weather conditions.
SHP0008960,DAMG,Damaged Shipment,Damage,High,Closed,2025-03-14 16:11:44,2025-03-16 07:39:10,2139,Carrier,Shipment flagged for damage inspection.
SHP0008961,MSCN,Missed Scan,Process,Medium,Closed,2025-08-08 15:23:14,2025-08-09 01:28:54,478,Operations,Expected scan was not captured on time.
SHP0008962,ADDR,Address Issue,Address,Medium,Closed,2025-07-09 06:55:32,2025-07-10 17:26:04,1387,Customer,Delivery address requires correction or validation.
SHP0008965,CAP,Capacity Constraint,Capacity,Medium,Closed,2025-05-04 00:30:21,2025-05-04 19:13:35,805,Carrier,Shipment delayed due to available trailer or dock capacity.
SHP0008966,MECH,Equipment Failure,Mechanical,High,Closed,2025-08-12 14:49:16,2025-08-13 11:03:24,546,Carrier,Equipment failure caused an operational delay.
SHP0008967,DAMG,Damaged Shipment,Damage,High,Closed,2025-09-17 17:57:30,2025-09-19 08:23:11,2129,Carrier,Shipment flagged for damage inspection.
SHP0008972,DAMG,Damaged Shipment,Damage,High,Closed,2025-01-03 12:54:13,2025-01-04 11:28:45,1133,Carrier,Shipment flagged for damage inspection.
SHP0008976,WX,Weather Delay,Weather,High,Closed,2025-03-02 05:00:18,2025-03-02 19:26:22,625,Carrier,Shipment delayed because of weather conditions.
SHP0008978,CAP,Capacity Constraint,Capacity,Medium,Closed,2025-06-24 13:28:38,2025-06-25 17:33:41,794,Carrier,Shipment delayed due to available trailer or dock capacity.
SHP0008982,WX,Weather Delay,Weather,High,Closed,2025-09-04 20:16:56,2025-09-06 04:11:22,1196,Carrier,Shipment delayed because of weather conditions.
SHP0008983,MSCN,Missed Scan,Process,Medium,Closed,2025-04-13 06:24:28,2025-04-14 04:32:08,523,Operations,Expected scan was not captured on time.
SHP0008984,MSCN,Missed Scan,Process,Medium,Closed,2025-01-05 05:11:23,2025-01-05 20:38:25,368,Operations,Expected scan was not captured on time.
SHP0008985,DAMG,Damaged Shipment,Damage,High,Closed,2025-08-07 08:47:34,2025-08-07 21:44:23,602,Carrier,Shipment flagged for damage inspection.
SHP0008986,WX,Weather Delay,Weather,High,Closed,2025-01-17 20:07:38,2025-01-18 22:36:21,981,Carrier,Shipment delayed because of weather conditions.
SHP0008989,MSCN,Missed Scan,Process,Medium,Closed,2025-03-05 06:55:23,2025-03-06 02:59:30,537,Operations,Expected scan was not captured on time.
SHP0008990,ADDR,Address Issue,Address,Medium,Open,2025-06-23 19:23:40,,1347,Customer,Delivery address requires correction or validation.
SHP0008994,WX,Weather Delay,Weather,High,Closed,2025-05-20 13:24:29,2025-05-21 13:20:31,760,Carrier,Shipment delayed because of weather conditions.
SHP0008999,CAP,Capacity Constraint,Capacity,Medium,Closed,2025-09-14 21:44:50,2025-09-15 11:31:58,527,Carrier,Shipment delayed due to available trailer or dock capacity.
SHP0009004,DAMG,Damaged Shipment,Damage,High,Closed,2025-06-18 00:29:05,2025-06-19 02:14:04,1110,Carrier,Shipment flagged for damage inspection.
SHP0009006,DAMG,Damaged Shipment,Damage,High,Open,2025-01-24 10:40:56,,794,Carrier,Shipment flagged for damage inspection.
SHP0009007,DAMG,Damaged Shipment,Damage,High,Closed,2025-08-27 16:08:05,2025-08-29 01:07:48,1344,Carrier,Shipment flagged for damage inspection.
SHP0009008,WX,Weather Delay,Weather,High,Closed,2025-05-01 18:03:18,2025-05-02 20:15:14,1393,Carrier,Shipment delayed because of weather conditions.
SHP0009012,WX,Weather Delay,Weather,High,Open,2025-06-25 23:55:51,,1567,Carrier,Shipment delayed because of weather conditions.
SHP0009013,WX,Weather Delay,Weather,High,Closed,2025-04-18 07:35:34,2025-04-18 17:16:10,241,Carrier,Shipment delayed because of weather conditions.
SHP0009018,CAP,Capacity Constraint,Capacity,Medium,Open,2025-05-11 05:20:34,,678,Carrier,Shipment delayed due to available trailer or dock capacity.
SHP0009022,ADDR,Address Issue,Address,Medium,Open,2025-01-07 19:55:54,,597,Customer,Delivery address requires correction or validation.
SHP0009024,CAP,Capacity Constraint,Capacity,Medium,Closed,2025-08-04 05:26:16,2025-08-05 08:31:46,844,Carrier,Shipment delayed due to available trailer or dock capacity.
SHP0009027,ADDR,Address Issue,Address,Medium,Closed,2025-07-31 19:35:58,2025-08-02 08:01:07,1344,Customer,Delivery address requires correction or validation.
SHP0009031,ADDR,Address Issue,Address,Medium,Closed,2025-06-28 00:36:55,2025-06-28 19:59:06,466,Customer,Delivery address requires correction or validation.
SHP0009033,ADDR,Address Issue,Address,Medium,Closed,2025-04-19 02:03:59,2025-04-20 08:42:41,1106,Customer,Delivery address requires correction or validation.
SHP0009035,WX,Weather Delay,Weather,High,Closed,2025-09-23 03:14:43,2025-09-23 18:49:57,785,Carrier,Shipment delayed because of weather conditions.
SHP0009037,WX,Weather Delay,Weather,High,Closed,2025-06-14 14:35:01,2025-06-15 04:31:02,409,Carrier,Shipment delayed because of weather conditions.
SHP0009040,CAP,Capacity Constraint,Capacity,Medium,Closed,2025-09-12 15:23:32,2025-09-13 11:31:23,735,Carrier,Shipment delayed due to available trailer or dock capacity.
SHP0009041,MECH,Equipment Failure,Mechanical,High,Closed,2025-01-02 22:43:51,2025-01-03 17:32:34,589,Carrier,Equipment failure caused an operational delay.
SHP0009051,ADDR,Address Issue,Address,Medium,Closed,2025-08-25 14:25:40,2025-08-26 15:57:51,763,Customer,Delivery address requires correction or validation.
SHP0009053,WX,Weather Delay,Weather,High,Closed,2025-02-01 03:43:57,2025-02-02 12:19:08,1356,Carrier,Shipment delayed because of weather conditions.
SHP0009054,DAMG,Damaged Shipment,Damage,High,Closed,2025-06-27 09:08:07,2025-06-27 21:29:42,646,Carrier,Shipment flagged for damage inspection.
SHP0009058,MECH,Equipment Failure,Mechanical,High,Closed,2025-06-27 04:53:11,2025-06-28 03:46:16,1204,Carrier,Equipment failure caused an operational delay.
SHP0009059,CAP,Capacity Constraint,Capacity,Medium,Closed,2025-08-12 23:21:44,2025-08-13 05:01:55,72,Carrier,Shipment delayed due to available trailer or dock capacity.
SHP0009061,ADDR,Address Issue,Address,Medium,Closed,2025-01-16 09:16:32,2025-01-16 14:37:38,308,Customer,Delivery address requires correction or validation.
SHP0009065,DAMG,Damaged Shipment,Damage,High,Open,2025-07-05 18:37:04,,899,Carrier,Shipment flagged for damage inspection.
SHP0009066,WX,Weather Delay,Weather,High,Closed,2025-04-07 04:52:46,2025-04-08 18:27:48,1537,Carrier,Shipment delayed because of weather conditions.
SHP0009068,DAMG,Damaged Shipment,Damage,High,Closed,2025-09-30 11:03:39,2025-10-01 02:14:12,2096,Carrier,Shipment flagged for damage inspection.
SHP0009069,MSCN,Missed Scan,Process,Medium,Closed,2025-05-26 06:19:32,2025-05-26 19:31:33,333,Operations,Expected scan was not captured on time.
SHP0009071,WX,Weather Delay,Weather,High,Closed,2025-08-03 16:38:39,2025-08-05 00:30:45,1591,Carrier,Shipment delayed because of weather conditions.
SHP0009072,MECH,Equipment Failure,Mechanical,High,Closed,2025-08-27 04:22:33,2025-08-28 03:14:48,1282,Carrier,Equipment failure caused an operational delay.
SHP0009073,ADDR,Address Issue,Address,Medium,Closed,2025-04-23 00:56:15,2025-04-23 22:55:08,988,Customer,Delivery address requires correction or validation.
SHP0009079,MSCN,Missed Scan,Process,Medium,Closed,2025-09-02 03:41:13,2025-09-02 08:43:04,137,Operations,Expected scan was not captured on time.
SHP0009080,MSCN,Missed Scan,Process,Medium,Closed,2025-04-27 05:54:10,2025-04-27 14:38:23,111,Operations,Expected scan was not captured on time.
SHP0009083,WX,Weather Delay,Weather,High,Closed,2025-07-30 06:10:04,2025-07-31 08:35:57,1044,Carrier,Shipment delayed because of weather conditions.
SHP0009089,MSCN,Missed Scan,Process,Medium,Closed,2025-05-21 13:02:18,2025-05-21 19:41:03,50,Operations,Expected scan was not captured on time.
SHP0009090,ADDR,Address Issue,Address,Medium,Closed,2025-07-09 22:24:51,2025-07-11 01:11:53,905,Customer,Delivery address requires correction or validation.
SHP0009091,CAP,Capacity Constraint,Capacity,Medium,Closed,2025-02-14 14:13:41,2025-02-14 23:53:26,84,Carrier,Shipment delayed due to available trailer or dock capacity.
SHP0009100,DAMG,Damaged Shipment,Damage,High,Closed,2025-09-19 01:25:51,2025-09-19 19:19:24,820,Carrier,Shipment flagged for damage inspection.
SHP0009102,ADDR,Address Issue,Address,Medium,Closed,2025-08-19 09:01:13,2025-08-19 13:46:55,212,Customer,Delivery address requires correction or validation.
SHP0009103,MECH,Equipment Failure,Mechanical,High,Closed,2025-04-07 18:51:28,2025-04-09 01:20:17,1118,Carrier,Equipment failure caused an operational delay.
SHP0009104,ADDR,Address Issue,Address,Medium,Closed,2025-01-11 20:30:02,2025-01-12 10:01:54,170,Customer,Delivery address requires correction or validation.
SHP0009105,WX,Weather Delay,Weather,High,Open,2025-03-14 14:24:37,,1490,Carrier,Shipment delayed because of weather conditions.
SHP0009112,ADDR,Address Issue,Address,Medium,Closed,2025-06-06 05:34:51,2025-06-06 16:51:14,477,Customer,Delivery address requires correction or validation.
SHP0009115,MSCN,Missed Scan,Process,Medium,Closed,2025-08-05 19:50:58,2025-08-06 10:09:51,309,Operations,Expected scan was not captured on time.
SHP0009119,ADDR,Address Issue,Address,Medium,Closed,2025-09-27 23:13:55,2025-09-29 00:24:28,1086,Customer,Delivery address requires correction or validation.
SHP0009121,WX,Weather Delay,Weather,High,Closed,2025-09-18 12:21:42,2025-09-18 20:53:59,519,Carrier,Shipment delayed because of weather conditions.
SHP0009122,WX,Weather Delay,Weather,High,Closed,2025-03-28 11:10:03,2025-03-29 11:56:47,1393,Carrier,Shipment delayed because of weather conditions.
SHP0009125,CAP,Capacity Constraint,Capacity,Medium,Closed,2025-02-24 02:49:42,2025-02-24 18:06:07,665,Carrier,Shipment delayed due to available trailer or dock capacity.
SHP0009129,ADDR,Address Issue,Address,Medium,Closed,2025-01-19 21:55:48,2025-01-20 17:34:45,678,Customer,Delivery address requires correction or validation.
SHP0009135,DAMG,Damaged Shipment,Damage,High,Closed,2025-04-04 15:30:51,2025-04-05 05:37:35,781,Carrier,Shipment flagged for damage inspection.
SHP0009141,WX,Weather Delay,Weather,High,Closed,2025-01-22 00:46:43,2025-01-22 10:24:14,302,Carrier,Shipment delayed because of weather conditions.
SHP0009145,DAMG,Damaged Shipment,Damage,High,Closed,2025-04-12 23:27:45,2025-04-14 13:42:29,1546,Carrier,Shipment flagged for damage inspection.
SHP0009149,ADDR,Address Issue,Address,Medium,Closed,2025-07-19 08:05:18,2025-07-20 07:21:11,575,Customer,Delivery address requires correction or validation.
SHP0009150,ADDR,Address Issue,Address,Medium,Closed,2025-09-13 17:35:58,2025-09-14 12:20:15,616,Customer,Delivery address requires correction or validation.
SHP0009151,WX,Weather Delay,Weather,High,Closed,2025-04-12 20:32:04,2025-04-13 12:22:56,478,Carrier,Shipment delayed because of weather conditions.
SHP0009152,WX,Weather Delay,Weather,High,Open,2025-01-02 12:02:59,,1153,Carrier,Shipment delayed because of weather conditions.
SHP0009154,ADDR,Address Issue,Address,Medium,Open,2025-06-20 06:44:44,,305,Customer,Delivery address requires correction or validation.
SHP0009155,MECH,Equipment Failure,Mechanical,High,Open,2025-06-01 11:03:07,,1221,Carrier,Equipment failure caused an operational delay.
SHP0009157,CAP,Capacity Constraint,Capacity,Medium,Open,2025-09-19 01:39:27,,826,Carrier,Shipment delayed due to available trailer or dock capacity.
SHP0009161,DAMG,Damaged Shipment,Damage,High,Closed,2025-02-15 14:35:54,2025-02-16 07:27:17,468,Carrier,Shipment flagged for damage inspection.
SHP0009162,CAP,Capacity Constraint,Capacity,Medium,Closed,2025-03-31 13:48:37,2025-04-01 12:19:03,926,Carrier,Shipment delayed due to available trailer or dock capacity.
SHP0009165,WX,Weather Delay,Weather,High,Closed,2025-04-19 05:53:06,2025-04-19 23:35:47,595,Carrier,Shipment delayed because of weather conditions.
SHP0009172,WX,Weather Delay,Weather,High,Closed,2025-05-14 22:12:26,2025-05-15 19:41:19,876,Carrier,Shipment delayed because of weather conditions.
SHP0009173,WX,Weather Delay,Weather,High,Closed,2025-08-10 07:02:18,2025-08-11 02:35:41,815,Carrier,Shipment delayed because of weather conditions.
SHP0009174,MSCN,Missed Scan,Process,Medium,Closed,2025-07-03 12:51:02,2025-07-03 19:54:59,394,Operations,Expected scan was not captured on time.
SHP0009175,MECH,Equipment Failure,Mechanical,High,Closed,2025-05-14 02:02:28,2025-05-14 06:36:33,289,Carrier,Equipment failure caused an operational delay.
SHP0009178,ADDR,Address Issue,Address,Medium,Closed,2025-07-31 04:39:00,2025-07-31 16:43:37,328,Customer,Delivery address requires correction or validation.
SHP0009179,MSCN,Missed Scan,Process,Medium,Closed,2025-02-25 21:27:55,2025-02-25 23:34:13,43,Operations,Expected scan was not captured on time.
SHP0009181,CAP,Capacity Constraint,Capacity,Medium,Closed,2025-09-17 09:24:01,2025-09-18 00:10:55,695,Carrier,Shipment delayed due to available trailer or dock capacity.
SHP0009184,MSCN,Missed Scan,Process,Medium,Closed,2025-04-21 19:20:59,2025-04-22 06:43:43,39,Operations,Expected scan was not captured on time.
SHP0009188,DAMG,Damaged Shipment,Damage,High,Open,2025-04-09 16:28:09,,2124,Carrier,Shipment flagged for damage inspection.
SHP0009189,DAMG,Damaged Shipment,Damage,High,Closed,2025-08-21 16:27:13,2025-08-22 09:54:52,511,Carrier,Shipment flagged for damage inspection.
SHP0009192,DAMG,Damaged Shipment,Damage,High,Open,2025-02-10 09:40:53,,1664,Carrier,Shipment flagged for damage inspection.
SHP0009195,MSCN,Missed Scan,Process,Medium,Closed,2025-06-28 16:11:30,2025-06-29 05:08:01,201,Operations,Expected scan was not captured on time.
SHP0009198,DAMG,Damaged Shipment,Damage,High,Closed,2025-04-03 14:19:23,2025-04-04 20:34:57,1098,Carrier,Shipment flagged for damage inspection.
SHP0009200,MSCN,Missed Scan,Process,Medium,Closed,2025-01-11 08:37:48,2025-01-11 20:41:59,523,Operations,Expected scan was not captured on time.
SHP0009201,MSCN,Missed Scan,Process,Medium,Closed,2025-07-21 06:15:15,2025-07-21 14:51:59,431,Operations,Expected scan was not captured on time.
SHP0009202,WX,Weather Delay,Weather,High,Closed,2025-01-11 15:46:20,2025-01-12 11:38:36,884,Carrier,Shipment delayed because of weather conditions.
SHP0009207,ADDR,Address Issue,Address,Medium,Closed,2025-04-01 14:01:04,2025-04-02 02:57:44,559,Customer,Delivery address requires correction or validation.
SHP0009210,CAP,Capacity Constraint,Capacity,Medium,Closed,2025-04-14 06:12:14,2025-04-14 23:41:36,835,Carrier,Shipment delayed due to available trailer or dock capacity.
SHP0009211,WX,Weather Delay,Weather,High,Closed,2025-04-17 04:08:36,2025-04-18 02:39:51,594,Carrier,Shipment delayed because of weather conditions.
SHP0009215,MSCN,Missed Scan,Process,Medium,Closed,2025-09-05 05:25:32,2025-09-05 15:56:00,331,Operations,Expected scan was not captured on time.
SHP0009226,DAMG,Damaged Shipment,Damage,High,Closed,2025-05-29 04:55:23,2025-05-29 20:02:54,749,Carrier,Shipment flagged for damage inspection.
SHP0009227,MSCN,Missed Scan,Process,Medium,Closed,2025-03-14 19:35:17,2025-03-15 03:22:50,451,Operations,Expected scan was not captured on time.
SHP0009228,CAP,Capacity Constraint,Capacity,Medium,Closed,2025-04-01 04:30:59,2025-04-01 20:02:01,285,Carrier,Shipment delayed due to available trailer or dock capacity.
SHP0009229,WX,Weather Delay,Weather,High,Closed,2025-09-12 19:52:04,2025-09-14 09:26:03,1633,Carrier,Shipment delayed because of weather conditions.
SHP0009230,WX,Weather Delay,Weather,High,Closed,2025-01-14 21:58:42,2025-01-15 15:19:49,814,Carrier,Shipment delayed because of weather conditions.
SHP0009233,CAP,Capacity Constraint,Capacity,Medium,Open,2025-04-16 12:33:39,,691,Carrier,Shipment delayed due to available trailer or dock capacity.
SHP0009234,ADDR,Address Issue,Address,Medium,Closed,2025-07-20 02:01:04,2025-07-21 05:17:15,973,Customer,Delivery address requires correction or validation.
SHP0009244,ADDR,Address Issue,Address,Medium,Closed,2025-08-04 07:17:07,2025-08-04 19:36:32,232,Customer,Delivery address requires correction or validation.
SHP0009245,WX,Weather Delay,Weather,High,Open,2025-02-12 03:30:25,,748,Carrier,Shipment delayed because of weather conditions.
SHP0009247,WX,Weather Delay,Weather,High,Closed,2025-06-28 08:43:56,2025-06-29 13:49:35,1043,Carrier,Shipment delayed because of weather conditions.
SHP0009250,MSCN,Missed Scan,Process,Medium,Closed,2025-07-25 02:49:44,2025-07-25 07:16:11,117,Operations,Expected scan was not captured on time.
SHP0009251,WX,Weather Delay,Weather,High,Closed,2025-05-31 22:12:21,2025-06-02 05:00:58,1201,Carrier,Shipment delayed because of weather conditions.
SHP0009253,MSCN,Missed Scan,Process,Medium,Closed,2025-09-28 19:03:44,2025-09-28 19:35:51,112,Operations,Expected scan was not captured on time.
SHP0009254,WX,Weather Delay,Weather,High,Closed,2025-02-22 14:38:33,2025-02-23 09:01:23,848,Carrier,Shipment delayed because of weather conditions.
SHP0009256,WX,Weather Delay,Weather,High,Closed,2025-03-24 02:11:39,2025-03-24 21:39:11,384,Carrier,Shipment delayed because of weather conditions.
SHP0009260,MSCN,Missed Scan,Process,Medium,Closed,2025-01-26 21:08:09,2025-01-27 07:33:33,194,Operations,Expected scan was not captured on time.
SHP0009261,WX,Weather Delay,Weather,High,Closed,2025-05-26 03:30:34,2025-05-27 11:34:33,1538,Carrier,Shipment delayed because of weather conditions.
SHP0009263,DAMG,Damaged Shipment,Damage,High,Closed,2025-06-13 17:26:49,2025-06-14 12:34:01,1182,Carrier,Shipment flagged for damage inspection.
SHP0009267,CAP,Capacity Constraint,Capacity,Medium,Closed,2025-04-05 21:00:38,2025-04-06 17:35:11,908,Carrier,Shipment delayed due to available trailer or dock capacity.
SHP0009268,CAP,Capacity Constraint,Capacity,Medium,Closed,2025-03-19 05:22:37,2025-03-20 00:02:07,324,Carrier,Shipment delayed due to available trailer or dock capacity.
SHP0009269,DAMG,Damaged Shipment,Damage,High,Closed,2025-03-20 10:49:57,2025-03-21 22:26:39,1479,Carrier,Shipment flagged for damage inspection.
SHP0009270,MECH,Equipment Failure,Mechanical,High,Closed,2025-09-15 12:20:08,2025-09-16 19:00:06,1262,Carrier,Equipment failure caused an operational delay.
SHP0009273,ADDR,Address Issue,Address,Medium,Closed,2025-04-16 10:22:43,2025-04-17 14:15:44,1054,Customer,Delivery address requires correction or validation.
SHP0009275,CAP,Capacity Constraint,Capacity,Medium,Closed,2025-07-31 05:35:48,2025-08-01 00:36:48,448,Carrier,Shipment delayed due to available trailer or dock capacity.
SHP0009276,MSCN,Missed Scan,Process,Medium,Closed,2025-09-27 04:30:03,2025-09-27 17:18:52,176,Operations,Expected scan was not captured on time.
SHP0009278,MECH,Equipment Failure,Mechanical,High,Open,2025-01-26 12:07:19,,755,Carrier,Equipment failure caused an operational delay.
SHP0009280,MSCN,Missed Scan,Process,Medium,Closed,2025-01-19 01:19:57,2025-01-19 19:53:03,513,Operations,Expected scan was not captured on time.
SHP0009284,WX,Weather Delay,Weather,High,Closed,2025-02-22 09:58:55,2025-02-23 03:49:13,393,Carrier,Shipment delayed because of weather conditions.
SHP0009286,DAMG,Damaged Shipment,Damage,High,Closed,2025-07-13 20:31:26,2025-07-15 10:10:08,2027,Carrier,Shipment flagged for damage inspection.
SHP0009288,MECH,Equipment Failure,Mechanical,High,Closed,2025-07-13 18:46:30,2025-07-14 01:45:15,478,Carrier,Equipment failure caused an operational delay.
SHP0009297,WX,Weather Delay,Weather,High,Closed,2025-09-24 09:37:29,2025-09-24 16:05:18,449,Carrier,Shipment delayed because of weather conditions.
SHP0009298,MSCN,Missed Scan,Process,Medium,Closed,2025-06-21 08:10:55,2025-06-21 11:29:21,279,Operations,Expected scan was not captured on time.
SHP0009301,CAP,Capacity Constraint,Capacity,Medium,Closed,2025-07-05 02:50:06,2025-07-05 13:25:37,323,Carrier,Shipment delayed due to available trailer or dock capacity.
SHP0009303,WX,Weather Delay,Weather,High,Closed,2025-04-16 16:44:48,2025-04-18 05:08:04,1518,Carrier,Shipment delayed because of weather conditions.
SHP0009306,CAP,Capacity Constraint,Capacity,Medium,Closed,2025-03-06 14:36:14,2025-03-07 12:06:08,596,Carrier,Shipment delayed due to available trailer or dock capacity.
SHP0009311,WX,Weather Delay,Weather,High,Closed,2025-08-12 12:06:18,2025-08-13 05:57:46,1065,Carrier,Shipment delayed because of weather conditions.
SHP0009315,WX,Weather Delay,Weather,High,Closed,2025-02-15 18:29:21,2025-02-16 11:58:21,711,Carrier,Shipment delayed because of weather conditions.
SHP0009317,MECH,Equipment Failure,Mechanical,High,Closed,2025-06-13 09:00:21,2025-06-13 17:25:34,234,Carrier,Equipment failure caused an operational delay.
SHP0009319,DAMG,Damaged Shipment,Damage,High,Closed,2025-05-30 15:41:30,2025-05-31 22:04:07,1388,Carrier,Shipment flagged for damage inspection.
SHP0009322,MSCN,Missed Scan,Process,Medium,Open,2025-07-11 23:36:09,,237,Operations,Expected scan was not captured on time.
SHP0009328,ADDR,Address Issue,Address,Medium,Closed,2025-01-31 18:58:37,2025-02-01 20:19:06,1204,Customer,Delivery address requires correction or validation.
SHP0009329,WX,Weather Delay,Weather,High,Closed,2025-06-24 11:33:57,2025-06-25 06:08:18,788,Carrier,Shipment delayed because of weather conditions.
SHP0009331,DAMG,Damaged Shipment,Damage,High,Closed,2025-06-30 06:41:30,2025-07-01 05:39:42,789,Carrier,Shipment flagged for damage inspection.
SHP0009334,MSCN,Missed Scan,Process,Medium,Closed,2025-04-03 09:36:30,2025-04-03 12:59:11,294,Operations,Expected scan was not captured on time.
SHP0009335,ADDR,Address Issue,Address,Medium,Closed,2025-09-26 13:22:22,2025-09-27 08:17:09,236,Customer,Delivery address requires correction or validation.
SHP0009336,DAMG,Damaged Shipment,Damage,High,Closed,2025-08-12 09:10:29,2025-08-13 00:39:29,698,Carrier,Shipment flagged for damage inspection.
SHP0009338,WX,Weather Delay,Weather,High,Closed,2025-04-16 11:35:37,2025-04-17 17:02:57,1261,Carrier,Shipment delayed because of weather conditions.
SHP0009339,WX,Weather Delay,Weather,High,Closed,2025-06-04 12:03:33,2025-06-05 09:55:45,754,Carrier,Shipment delayed because of weather conditions.
SHP0009344,WX,Weather Delay,Weather,High,Closed,2025-09-17 06:17:58,2025-09-17 19:16:46,311,Carrier,Shipment delayed because of weather conditions.
SHP0009345,ADDR,Address Issue,Address,Medium,Open,2025-05-14 18:25:57,,913,Customer,Delivery address requires correction or validation.
SHP0009346,CAP,Capacity Constraint,Capacity,Medium,Closed,2025-06-19 23:45:15,2025-06-20 18:42:17,483,Carrier,Shipment delayed due to available trailer or dock capacity.
SHP0009348,DAMG,Damaged Shipment,Damage,High,Closed,2025-07-28 22:26:51,2025-07-31 07:33:11,2780,Carrier,Shipment flagged for damage inspection.
SHP0009349,ADDR,Address Issue,Address,Medium,Closed,2025-09-13 02:29:46,2025-09-13 18:45:08,232,Customer,Delivery address requires correction or validation.
SHP0009351,CAP,Capacity Constraint,Capacity,Medium,Open,2025-07-14 05:46:54,,496,Carrier,Shipment delayed due to available trailer or dock capacity.
SHP0009354,WX,Weather Delay,Weather,High,Closed,2025-07-02 09:51:29,2025-07-03 04:38:14,789,Carrier,Shipment delayed because of weather conditions.
SHP0009359,MSCN,Missed Scan,Process,Medium,Closed,2025-02-09 22:59:00,2025-02-10 07:24:57,169,Operations,Expected scan was not captured on time.
SHP0009360,MSCN,Missed Scan,Process,Medium,Closed,2025-05-02 19:09:13,2025-05-03 00:07:25,192,Operations,Expected scan was not captured on time.
SHP0009366,MSCN,Missed Scan,Process,Medium,Closed,2025-03-07 08:02:58,2025-03-07 18:22:57,277,Operations,Expected scan was not captured on time.
SHP0009368,DAMG,Damaged Shipment,Damage,High,Closed,2025-03-14 04:09:29,2025-03-15 15:03:51,2023,Carrier,Shipment flagged for damage inspection.
SHP0009369,WX,Weather Delay,Weather,High,Closed,2025-04-19 05:32:46,2025-04-19 23:21:26,1085,Carrier,Shipment delayed because of weather conditions.
SHP0009373,MECH,Equipment Failure,Mechanical,High,Closed,2025-08-25 19:56:35,2025-08-26 15:59:08,853,Carrier,Equipment failure caused an operational delay.
SHP0009376,CAP,Capacity Constraint,Capacity,Medium,Closed,2025-05-19 17:26:53,2025-05-20 04:09:01,259,Carrier,Shipment delayed due to available trailer or dock capacity.
SHP0009379,WX,Weather Delay,Weather,High,Closed,2025-04-18 18:50:32,2025-04-19 13:27:34,869,Carrier,Shipment delayed because of weather conditions.
SHP0009380,WX,Weather Delay,Weather,High,Closed,2025-09-04 20:17:20,2025-09-05 12:32:18,844,Carrier,Shipment delayed because of weather conditions.
SHP0009383,CAP,Capacity Constraint,Capacity,Medium,Closed,2025-08-05 22:11:12,2025-08-06 21:30:26,812,Carrier,Shipment delayed due to available trailer or dock capacity.
SHP0009385,CAP,Capacity Constraint,Capacity,Medium,Closed,2025-01-12 12:52:37,2025-01-13 06:47:51,631,Carrier,Shipment delayed due to available trailer or dock capacity.
SHP0009386,WX,Weather Delay,Weather,High,Closed,2025-05-05 17:39:01,2025-05-06 11:33:30,923,Carrier,Shipment delayed because of weather conditions.
SHP0009387,ADDR,Address Issue,Address,Medium,Closed,2025-01-25 15:38:25,2025-01-26 20:15:04,1155,Customer,Delivery address requires correction or validation.
SHP0009389,ADDR,Address Issue,Address,Medium,Closed,2025-02-13 10:10:56,2025-02-13 23:29:23,351,Customer,Delivery address requires correction or validation.
SHP0009391,DAMG,Damaged Shipment,Damage,High,Closed,2025-01-05 07:09:19,2025-01-06 06:05:07,796,Carrier,Shipment flagged for damage inspection.
SHP0009393,CAP,Capacity Constraint,Capacity,Medium,Closed,2025-04-23 02:36:41,2025-04-23 07:04:59,143,Carrier,Shipment delayed due to available trailer or dock capacity.
SHP0009398,ADDR,Address Issue,Address,Medium,Closed,2025-04-26 11:46:08,2025-04-27 13:44:48,1272,Customer,Delivery address requires correction or validation.
SHP0009401,WX,Weather Delay,Weather,High,Closed,2025-01-28 22:34:03,2025-01-29 21:01:04,1060,Carrier,Shipment delayed because of weather conditions.
SHP0009402,WX,Weather Delay,Weather,High,Closed,2025-07-08 20:00:36,2025-07-10 06:52:32,1240,Carrier,Shipment delayed because of weather conditions.
SHP0009408,DAMG,Damaged Shipment,Damage,High,Closed,2025-06-03 06:17:53,2025-06-04 22:19:54,1691,Carrier,Shipment flagged for damage inspection.
SHP0009411,WX,Weather Delay,Weather,High,Closed,2025-02-18 14:36:52,2025-02-19 10:02:15,808,Carrier,Shipment delayed because of weather conditions.
SHP0009414,WX,Weather Delay,Weather,High,Closed,2025-09-19 08:03:31,2025-09-20 12:57:52,1462,Carrier,Shipment delayed because of weather conditions.
SHP0009417,ADDR,Address Issue,Address,Medium,Closed,2025-06-22 07:16:56,2025-06-22 18:04:08,172,Customer,Delivery address requires correction or validation.
SHP0009420,MECH,Equipment Failure,Mechanical,High,Closed,2025-07-12 19:30:15,2025-07-13 08:22:32,544,Carrier,Equipment failure caused an operational delay.
SHP0009423,WX,Weather Delay,Weather,High,Closed,2025-04-26 17:58:17,2025-04-27 16:18:21,740,Carrier,Shipment delayed because of weather conditions.
SHP0009424,WX,Weather Delay,Weather,High,Closed,2025-07-04 11:24:16,2025-07-05 16:49:13,1580,Carrier,Shipment delayed because of weather conditions.
SHP0009425,CAP,Capacity Constraint,Capacity,Medium,Open,2025-01-21 15:00:37,,232,Carrier,Shipment delayed due to available trailer or dock capacity.
SHP0009426,CAP,Capacity Constraint,Capacity,Medium,Closed,2025-05-27 18:34:54,2025-05-28 03:14:41,132,Carrier,Shipment delayed due to available trailer or dock capacity.
SHP0009427,ADDR,Address Issue,Address,Medium,Closed,2025-09-29 01:59:45,2025-09-29 17:37:30,978,Customer,Delivery address requires correction or validation.
SHP0009437,MECH,Equipment Failure,Mechanical,High,Closed,2025-05-26 16:24:26,2025-05-28 01:09:34,1192,Carrier,Equipment failure caused an operational delay.
SHP0009441,MSCN,Missed Scan,Process,Medium,Closed,2025-05-27 17:24:04,2025-05-28 07:59:12,304,Operations,Expected scan was not captured on time.
SHP0009444,MSCN,Missed Scan,Process,Medium,Closed,2025-03-25 07:10:00,2025-03-25 12:29:48,313,Operations,Expected scan was not captured on time.
SHP0009445,WX,Weather Delay,Weather,High,Closed,2025-08-29 15:16:21,2025-08-29 20:48:35,303,Carrier,Shipment delayed because of weather conditions.
SHP0009448,ADDR,Address Issue,Address,Medium,Closed,2025-09-23 22:50:42,2025-09-24 13:48:39,161,Customer,Delivery address requires correction or validation.
SHP0009450,WX,Weather Delay,Weather,High,Closed,2025-04-06 16:17:51,2025-04-07 13:13:45,1069,Carrier,Shipment delayed because of weather conditions.
SHP0009452,MSCN,Missed Scan,Process,Medium,Closed,2025-05-21 15:34:55,2025-05-22 00:17:37,142,Operations,Expected scan was not captured on time.
SHP0009453,WX,Weather Delay,Weather,High,Closed,2025-03-21 08:26:28,2025-03-22 07:22:02,763,Carrier,Shipment delayed because of weather conditions.
SHP0009454,DAMG,Damaged Shipment,Damage,High,Closed,2025-09-08 20:46:43,2025-09-10 01:26:23,1091,Carrier,Shipment flagged for damage inspection.
SHP0009455,MSCN,Missed Scan,Process,Medium,Closed,2025-08-26 23:35:45,2025-08-27 03:57:04,398,Operations,Expected scan was not captured on time.
SHP0009457,MSCN,Missed Scan,Process,Medium,Closed,2025-04-14 19:06:27,2025-04-15 01:59:02,299,Operations,Expected scan was not captured on time.
SHP0009468,WX,Weather Delay,Weather,High,Closed,2025-05-12 07:01:42,2025-05-13 07:47:48,864,Carrier,Shipment delayed because of weather conditions.
SHP0009469,MSCN,Missed Scan,Process,Medium,Closed,2025-04-23 00:46:52,2025-04-23 17:40:02,202,Operations,Expected scan was not captured on time.
SHP0009475,WX,Weather Delay,Weather,High,Closed,2025-07-10 04:08:26,2025-07-11 15:20:30,1499,Carrier,Shipment delayed because of weather conditions.
SHP0009477,ADDR,Address Issue,Address,Medium,Closed,2025-08-15 15:14:05,2025-08-16 14:17:26,1174,Customer,Delivery address requires correction or validation.
SHP0009479,ADDR,Address Issue,Address,Medium,Closed,2025-02-28 04:19:38,2025-02-28 11:50:41,124,Customer,Delivery address requires correction or validation.
SHP0009480,ADDR,Address Issue,Address,Medium,Closed,2025-07-02 04:42:00,2025-07-03 09:44:27,1124,Customer,Delivery address requires correction or validation.
SHP0009481,DAMG,Damaged Shipment,Damage,High,Closed,2025-07-10 10:23:13,2025-07-12 11:46:29,2158,Carrier,Shipment flagged for damage inspection.
SHP0009482,MSCN,Missed Scan,Process,Medium,Closed,2025-04-10 13:09:58,2025-04-10 20:04:45,164,Operations,Expected scan was not captured on time.
SHP0009485,WX,Weather Delay,Weather,High,Closed,2025-09-17 12:27:33,2025-09-18 11:49:53,754,Carrier,Shipment delayed because of weather conditions.
SHP0009487,DAMG,Damaged Shipment,Damage,High,Closed,2025-08-16 19:51:54,2025-08-18 10:36:44,1704,Carrier,Shipment flagged for damage inspection.
SHP0009488,DAMG,Damaged Shipment,Damage,High,Closed,2025-09-03 08:31:20,2025-09-05 06:44:01,2198,Carrier,Shipment flagged for damage inspection.
SHP0009490,WX,Weather Delay,Weather,High,Closed,2025-07-09 17:05:29,2025-07-10 15:29:45,681,Carrier,Shipment delayed because of weather conditions.
SHP0009493,WX,Weather Delay,Weather,High,Closed,2025-07-10 16:20:26,2025-07-10 23:37:19,328,Carrier,Shipment delayed because of weather conditions.
SHP0009494,ADDR,Address Issue,Address,Medium,Closed,2025-05-14 10:32:51,2025-05-14 23:24:17,570,Customer,Delivery address requires correction or validation.
SHP0009495,CAP,Capacity Constraint,Capacity,Medium,Open,2025-04-18 05:33:54,,81,Carrier,Shipment delayed due to available trailer or dock capacity.
SHP0009496,CAP,Capacity Constraint,Capacity,Medium,Closed,2025-02-24 11:35:09,2025-02-24 20:03:10,137,Carrier,Shipment delayed due to available trailer or dock capacity.
SHP0009497,WX,Weather Delay,Weather,High,Closed,2025-07-30 08:12:40,2025-07-31 01:20:51,655,Carrier,Shipment delayed because of weather conditions.
SHP0009500,DAMG,Damaged Shipment,Damage,High,Closed,2025-02-15 05:12:51,2025-02-17 07:23:48,2799,Carrier,Shipment flagged for damage inspection.
SHP0009503,CAP,Capacity Constraint,Capacity,Medium,Closed,2025-02-12 21:30:04,2025-02-14 01:33:51,934,Carrier,Shipment delayed due to available trailer or dock capacity.
SHP0009506,DAMG,Damaged Shipment,Damage,High,Closed,2025-05-16 18:15:50,2025-05-18 15:39:10,2197,Carrier,Shipment flagged for damage inspection.
SHP0009510,DAMG,Damaged Shipment,Damage,High,Closed,2025-06-08 06:50:43,2025-06-10 07:01:53,2743,Carrier,Shipment flagged for damage inspection.
SHP0009511,MSCN,Missed Scan,Process,Medium,Closed,2025-08-25 15:43:07,2025-08-26 01:55:10,316,Operations,Expected scan was not captured on time.
SHP0009518,WX,Weather Delay,Weather,High,Closed,2025-01-20 06:36:16,2025-01-20 18:26:34,412,Carrier,Shipment delayed because of weather conditions.
SHP0009519,DAMG,Damaged Shipment,Damage,High,Closed,2025-06-01 04:15:51,2025-06-02 20:26:24,2431,Carrier,Shipment flagged for damage inspection.
SHP0009525,CAP,Capacity Constraint,Capacity,Medium,Closed,2025-04-21 09:21:10,2025-04-21 18:46:10,451,Carrier,Shipment delayed due to available trailer or dock capacity.
SHP0009526,WX,Weather Delay,Weather,High,Closed,2025-04-25 19:01:16,2025-04-27 05:32:08,1437,Carrier,Shipment delayed because of weather conditions.
SHP0009531,MSCN,Missed Scan,Process,Medium,Closed,2025-06-02 22:29:31,2025-06-03 09:36:51,58,Operations,Expected scan was not captured on time.
SHP0009533,MSCN,Missed Scan,Process,Medium,Closed,2025-01-13 12:24:25,2025-01-13 18:19:05,150,Operations,Expected scan was not captured on time.
SHP0009536,MSCN,Missed Scan,Process,Medium,Closed,2025-09-24 22:46:32,2025-09-25 17:39:19,371,Operations,Expected scan was not captured on time.
SHP0009540,MSCN,Missed Scan,Process,Medium,Closed,2025-05-12 11:11:57,2025-05-13 03:40:38,321,Operations,Expected scan was not captured on time.
SHP0009541,MSCN,Missed Scan,Process,Medium,Closed,2025-02-08 21:21:12,2025-02-09 17:57:36,532,Operations,Expected scan was not captured on time.
SHP0009544,WX,Weather Delay,Weather,High,Closed,2025-08-21 19:40:49,2025-08-22 05:22:37,472,Carrier,Shipment delayed because of weather conditions.
SHP0009547,CAP,Capacity Constraint,Capacity,Medium,Closed,2025-04-04 04:35:27,2025-04-04 20:04:34,774,Carrier,Shipment delayed due to available trailer or dock capacity.
SHP0009551,ADDR,Address Issue,Address,Medium,Closed,2025-07-14 01:39:41,2025-07-14 19:06:20,764,Customer,Delivery address requires correction or validation.
SHP0009553,WX,Weather Delay,Weather,High,Closed,2025-06-15 15:14:33,2025-06-16 04:54:33,775,Carrier,Shipment delayed because of weather conditions.
SHP0009557,MSCN,Missed Scan,Process,Medium,Closed,2025-05-06 13:46:08,2025-05-07 02:40:55,429,Operations,Expected scan was not captured on time.
SHP0009558,WX,Weather Delay,Weather,High,Closed,2025-04-03 18:02:59,2025-04-04 14:02:49,701,Carrier,Shipment delayed because of weather conditions.
SHP0009561,CAP,Capacity Constraint,Capacity,Medium,Closed,2025-08-27 05:23:08,2025-08-27 23:03:27,287,Carrier,Shipment delayed due to available trailer or dock capacity.
SHP0009562,DAMG,Damaged Shipment,Damage,High,Closed,2025-08-04 02:16:17,2025-08-05 14:38:38,1526,Carrier,Shipment flagged for damage inspection.
SHP0009567,MSCN,Missed Scan,Process,Medium,Closed,2025-07-17 04:54:12,2025-07-17 14:48:14,150,Operations,Expected scan was not captured on time.
SHP0009569,WX,Weather Delay,Weather,High,Closed,2025-09-07 19:09:38,2025-09-08 04:34:10,345,Carrier,Shipment delayed because of weather conditions.
SHP0009570,WX,Weather Delay,Weather,High,Closed,2025-01-19 07:59:55,2025-01-20 02:00:15,1125,Carrier,Shipment delayed because of weather conditions.
SHP0009571,MECH,Equipment Failure,Mechanical,High,Closed,2025-08-03 12:24:13,2025-08-04 05:41:11,698,Carrier,Equipment failure caused an operational delay.
SHP0009573,MSCN,Missed Scan,Process,Medium,Closed,2025-06-11 06:39:03,2025-06-11 16:10:48,288,Operations,Expected scan was not captured on time.
SHP0009576,DAMG,Damaged Shipment,Damage,High,Closed,2025-07-25 07:41:21,2025-07-26 12:23:28,1363,Carrier,Shipment flagged for damage inspection.
SHP0009577,MSCN,Missed Scan,Process,Medium,Closed,2025-04-10 22:43:44,2025-04-11 11:58:22,60,Operations,Expected scan was not captured on time.
SHP0009584,WX,Weather Delay,Weather,High,Closed,2025-01-23 12:48:01,2025-01-24 12:02:06,702,Carrier,Shipment delayed because of weather conditions.
SHP0009588,CAP,Capacity Constraint,Capacity,Medium,Closed,2025-09-24 10:39:45,2025-09-24 18:34:58,329,Carrier,Shipment delayed due to available trailer or dock capacity.
SHP0009590,CAP,Capacity Constraint,Capacity,Medium,Closed,2025-06-12 05:33:45,2025-06-12 17:44:24,297,Carrier,Shipment delayed due to available trailer or dock capacity.
SHP0009591,WX,Weather Delay,Weather,High,Closed,2025-01-23 06:09:17,2025-01-24 00:00:22,1155,Carrier,Shipment delayed because of weather conditions.
SHP0009592,MSCN,Missed Scan,Process,Medium,Closed,2025-09-16 18:57:31,2025-09-17 11:21:58,480,Operations,Expected scan was not captured on time.
SHP0009596,CAP,Capacity Constraint,Capacity,Medium,Closed,2025-05-22 22:42:26,2025-05-23 10:52:27,335,Carrier,Shipment delayed due to available trailer or dock capacity.
SHP0009600,WX,Weather Delay,Weather,High,Closed,2025-04-16 18:54:38,2025-04-17 20:37:36,919,Carrier,Shipment delayed because of weather conditions.
SHP0009602,ADDR,Address Issue,Address,Medium,Closed,2025-05-12 04:24:12,2025-05-12 15:46:37,455,Customer,Delivery address requires correction or validation.
SHP0009604,WX,Weather Delay,Weather,High,Closed,2025-03-28 13:55:32,2025-03-29 03:20:11,584,Carrier,Shipment delayed because of weather conditions.
SHP0009607,MECH,Equipment Failure,Mechanical,High,Closed,2025-10-01 01:23:27,2025-10-01 07:44:08,697,Carrier,Equipment failure caused an operational delay.
SHP0009616,MECH,Equipment Failure,Mechanical,High,Closed,2025-04-18 14:14:19,2025-04-19 15:16:12,704,Carrier,Equipment failure caused an operational delay.
SHP0009620,ADDR,Address Issue,Address,Medium,Closed,2025-03-28 15:10:48,2025-03-28 23:59:59,234,Customer,Delivery address requires correction or validation.
SHP0009621,MSCN,Missed Scan,Process,Medium,Closed,2025-01-30 12:38:04,2025-01-30 16:12:16,267,Operations,Expected scan was not captured on time.
SHP0009623,WX,Weather Delay,Weather,High,Closed,2025-07-14 17:58:24,2025-07-15 23:23:10,1437,Carrier,Shipment delayed because of weather conditions.
SHP0009627,ADDR,Address Issue,Address,Medium,Closed,2025-05-18 19:38:02,2025-05-19 18:37:14,1280,Customer,Delivery address requires correction or validation.
SHP0009628,ADDR,Address Issue,Address,Medium,Closed,2025-08-22 13:49:02,2025-08-23 03:05:02,337,Customer,Delivery address requires correction or validation.
SHP0009629,DAMG,Damaged Shipment,Damage,High,Closed,2025-02-10 00:18:50,2025-02-10 21:56:27,563,Carrier,Shipment flagged for damage inspection.
SHP0009631,WX,Weather Delay,Weather,High,Closed,2025-05-18 09:34:51,2025-05-19 19:02:14,1365,Carrier,Shipment delayed because of weather conditions.
SHP0009638,ADDR,Address Issue,Address,Medium,Closed,2025-08-19 05:16:40,2025-08-20 00:31:00,749,Customer,Delivery address requires correction or validation.
SHP0009640,ADDR,Address Issue,Address,Medium,Closed,2025-03-04 11:24:06,2025-03-04 22:47:11,1199,Customer,Delivery address requires correction or validation.
SHP0009641,DAMG,Damaged Shipment,Damage,High,Closed,2025-02-04 15:11:42,2025-02-06 05:54:32,2075,Carrier,Shipment flagged for damage inspection.
SHP0009651,WX,Weather Delay,Weather,High,Open,2025-04-07 05:55:04,,275,Carrier,Shipment delayed because of weather conditions.
SHP0009652,MSCN,Missed Scan,Process,Medium,Closed,2025-04-28 08:06:48,2025-04-28 18:04:19,429,Operations,Expected scan was not captured on time.
SHP0009653,DAMG,Damaged Shipment,Damage,High,Closed,2025-07-30 20:44:39,2025-08-02 00:37:38,2592,Carrier,Shipment flagged for damage inspection.
SHP0009654,DAMG,Damaged Shipment,Damage,High,Closed,2025-05-30 20:37:51,2025-06-01 20:30:36,2216,Carrier,Shipment flagged for damage inspection.
SHP0009656,MECH,Equipment Failure,Mechanical,High,Closed,2025-09-19 15:32:45,2025-09-20 12:24:25,1010,Carrier,Equipment failure caused an operational delay.
SHP0009658,ADDR,Address Issue,Address,Medium,Open,2025-08-30 19:20:10,,697,Customer,Delivery address requires correction or validation.
SHP0009660,ADDR,Address Issue,Address,Medium,Closed,2025-06-28 11:57:38,2025-06-29 17:45:53,1195,Customer,Delivery address requires correction or validation.
SHP0009664,WX,Weather Delay,Weather,High,Closed,2025-02-03 14:48:07,2025-02-04 09:33:55,702,Carrier,Shipment delayed because of weather conditions.
SHP0009665,WX,Weather Delay,Weather,High,Open,2025-08-28 09:12:05,,499,Carrier,Shipment delayed because of weather conditions.
SHP0009666,CAP,Capacity Constraint,Capacity,Medium,Closed,2025-02-19 01:30:57,2025-02-19 21:07:15,715,Carrier,Shipment delayed due to available trailer or dock capacity.
SHP0009667,ADDR,Address Issue,Address,Medium,Closed,2025-08-27 07:37:07,2025-08-27 13:44:44,268,Customer,Delivery address requires correction or validation.
SHP0009671,DAMG,Damaged Shipment,Damage,High,Closed,2025-09-13 06:19:23,2025-09-14 17:47:14,2151,Carrier,Shipment flagged for damage inspection.
SHP0009675,WX,Weather Delay,Weather,High,Closed,2025-04-03 13:38:19,2025-04-04 07:10:09,974,Carrier,Shipment delayed because of weather conditions.
SHP0009676,WX,Weather Delay,Weather,High,Closed,2025-05-05 19:57:30,2025-05-07 05:51:38,1464,Carrier,Shipment delayed because of weather conditions.
SHP0009677,DAMG,Damaged Shipment,Damage,High,Closed,2025-04-13 22:33:20,2025-04-15 05:34:43,1910,Carrier,Shipment flagged for damage inspection.
SHP0009684,ADDR,Address Issue,Address,Medium,Closed,2025-06-14 14:11:10,2025-06-15 09:53:22,898,Customer,Delivery address requires correction or validation.
SHP0009687,DAMG,Damaged Shipment,Damage,High,Closed,2025-03-16 15:47:15,2025-03-17 06:54:29,831,Carrier,Shipment flagged for damage inspection.
SHP0009690,WX,Weather Delay,Weather,High,Closed,2025-02-25 16:18:14,2025-02-26 14:10:31,809,Carrier,Shipment delayed because of weather conditions.
SHP0009697,MSCN,Missed Scan,Process,Medium,Open,2025-03-13 15:28:09,,465,Operations,Expected scan was not captured on time.
SHP0009698,MSCN,Missed Scan,Process,Medium,Closed,2025-06-25 04:19:55,2025-06-25 21:17:52,504,Operations,Expected scan was not captured on time.
SHP0009699,DAMG,Damaged Shipment,Damage,High,Closed,2025-01-15 02:34:51,2025-01-16 23:00:30,2100,Carrier,Shipment flagged for damage inspection.
SHP0009701,DAMG,Damaged Shipment,Damage,High,Closed,2025-07-16 19:51:18,2025-07-17 20:24:59,899,Carrier,Shipment flagged for damage inspection.
SHP0009704,DAMG,Damaged Shipment,Damage,High,Closed,2025-08-14 23:08:41,2025-08-16 14:48:54,2436,Carrier,Shipment flagged for damage inspection.
SHP0009707,ADDR,Address Issue,Address,Medium,Closed,2025-01-16 23:37:42,2025-01-17 15:04:23,618,Customer,Delivery address requires correction or validation.
SHP0009710,WX,Weather Delay,Weather,High,Closed,2025-07-14 02:54:46,2025-07-15 06:00:34,1579,Carrier,Shipment delayed because of weather conditions.
SHP0009715,WX,Weather Delay,Weather,High,Closed,2025-05-01 09:42:02,2025-05-02 15:22:50,1338,Carrier,Shipment delayed because of weather conditions.
SHP0009716,ADDR,Address Issue,Address,Medium,Closed,2025-07-02 06:44:43,2025-07-02 20:07:31,617,Customer,Delivery address requires correction or validation.
SHP0009719,WX,Weather Delay,Weather,High,Closed,2025-01-21 07:54:00,2025-01-22 09:14:27,955,Carrier,Shipment delayed because of weather conditions.
SHP0009721,MECH,Equipment Failure,Mechanical,High,Closed,2025-01-30 02:11:16,2025-01-30 18:03:29,772,Carrier,Equipment failure caused an operational delay.
SHP0009725,MSCN,Missed Scan,Process,Medium,Closed,2025-09-04 07:52:42,2025-09-04 22:52:23,168,Operations,Expected scan was not captured on time.
SHP0009726,MSCN,Missed Scan,Process,Medium,Closed,2025-09-24 22:22:47,2025-09-25 10:03:23,210,Operations,Expected scan was not captured on time.
SHP0009728,DAMG,Damaged Shipment,Damage,High,Closed,2025-09-07 21:48:04,2025-09-09 19:31:24,2414,Carrier,Shipment flagged for damage inspection.
SHP0009729,WX,Weather Delay,Weather,High,Closed,2025-01-03 16:16:20,2025-01-05 00:43:37,1278,Carrier,Shipment delayed because of weather conditions.
SHP0009733,WX,Weather Delay,Weather,High,Closed,2025-08-09 02:28:22,2025-08-10 13:26:24,1463,Carrier,Shipment delayed because of weather conditions.
SHP0009735,MECH,Equipment Failure,Mechanical,High,Closed,2025-08-10 06:07:12,2025-08-11 07:05:52,693,Carrier,Equipment failure caused an operational delay.
SHP0009738,ADDR,Address Issue,Address,Medium,Closed,2025-04-26 11:17:03,2025-04-27 00:47:32,278,Customer,Delivery address requires correction or validation.
SHP0009739,DAMG,Damaged Shipment,Damage,High,Closed,2025-07-20 01:17:03,2025-07-21 02:05:56,1081,Carrier,Shipment flagged for damage inspection.
SHP0009740,WX,Weather Delay,Weather,High,Closed,2025-08-22 00:36:49,2025-08-22 05:17:13,247,Carrier,Shipment delayed because of weather conditions.
SHP0009742,MSCN,Missed Scan,Process,Medium,Open,2025-04-12 01:45:49,,451,Operations,Expected scan was not captured on time.
SHP0009751,DAMG,Damaged Shipment,Damage,High,Closed,2025-05-19 10:12:36,2025-05-20 13:54:07,989,Carrier,Shipment flagged for damage inspection.
SHP0009755,ADDR,Address Issue,Address,Medium,Closed,2025-07-14 22:48:03,2025-07-15 13:09:58,544,Customer,Delivery address requires correction or validation.
SHP0009757,WX,Weather Delay,Weather,High,Closed,2025-09-21 08:57:25,2025-09-22 05:23:19,981,Carrier,Shipment delayed because of weather conditions.
SHP0009758,ADDR,Address Issue,Address,Medium,Closed,2025-04-20 18:37:53,2025-04-21 10:01:39,952,Customer,Delivery address requires correction or validation.
SHP0009760,MECH,Equipment Failure,Mechanical,High,Closed,2025-06-19 11:09:41,2025-06-19 15:19:23,306,Carrier,Equipment failure caused an operational delay.
SHP0009762,MSCN,Missed Scan,Process,Medium,Closed,2025-04-10 05:14:49,2025-04-10 19:29:22,185,Operations,Expected scan was not captured on time.
SHP0009765,ADDR,Address Issue,Address,Medium,Closed,2025-03-04 10:12:42,2025-03-04 20:02:43,120,Customer,Delivery address requires correction or validation.
SHP0009767,WX,Weather Delay,Weather,High,Closed,2025-02-12 10:41:18,2025-02-13 13:57:21,1411,Carrier,Shipment delayed because of weather conditions.
SHP0009770,WX,Weather Delay,Weather,High,Closed,2025-07-20 12:10:30,2025-07-21 13:42:33,1364,Carrier,Shipment delayed because of weather conditions.
SHP0009772,ADDR,Address Issue,Address,Medium,Closed,2025-03-22 14:53:54,2025-03-23 16:07:22,1199,Customer,Delivery address requires correction or validation.
SHP0009774,MECH,Equipment Failure,Mechanical,High,Closed,2025-04-11 08:45:12,2025-04-12 10:42:23,939,Carrier,Equipment failure caused an operational delay.
SHP0009775,WX,Weather Delay,Weather,High,Closed,2025-08-23 00:02:39,2025-08-24 03:06:04,1632,Carrier,Shipment delayed because of weather conditions.
SHP0009776,DAMG,Damaged Shipment,Damage,High,Closed,2025-02-14 02:28:34,2025-02-15 21:36:50,2316,Carrier,Shipment flagged for damage inspection.
SHP0009779,ADDR,Address Issue,Address,Medium,Closed,2025-06-13 05:45:29,2025-06-14 13:25:12,1282,Customer,Delivery address requires correction or validation.
SHP0009781,WX,Weather Delay,Weather,High,Closed,2025-02-12 19:10:51,2025-02-14 04:40:26,1647,Carrier,Shipment delayed because of weather conditions.
SHP0009782,MSCN,Missed Scan,Process,Medium,Closed,2025-02-22 08:05:35,2025-02-22 20:04:49,371,Operations,Expected scan was not captured on time.
SHP0009783,CAP,Capacity Constraint,Capacity,Medium,Closed,2025-08-25 05:24:52,2025-08-25 07:50:53,89,Carrier,Shipment delayed due to available trailer or dock capacity.
SHP0009784,ADDR,Address Issue,Address,Medium,Open,2025-03-12 10:13:16,,1046,Customer,Delivery address requires correction or validation.
SHP0009786,ADDR,Address Issue,Address,Medium,Closed,2025-06-13 23:08:39,2025-06-14 23:15:34,1238,Customer,Delivery address requires correction or validation.
SHP0009787,DAMG,Damaged Shipment,Damage,High,Open,2025-02-26 08:08:36,,747,Carrier,Shipment flagged for damage inspection.
SHP0009788,MSCN,Missed Scan,Process,Medium,Closed,2025-02-02 01:26:48,2025-02-02 15:17:01,76,Operations,Expected scan was not captured on time.
SHP0009790,MECH,Equipment Failure,Mechanical,High,Closed,2025-07-25 08:17:31,2025-07-26 05:40:57,759,Carrier,Equipment failure caused an operational delay.
SHP0009793,DAMG,Damaged Shipment,Damage,High,Closed,2025-04-08 19:24:49,2025-04-10 12:03:11,1688,Carrier,Shipment flagged for damage inspection.
SHP0009795,DAMG,Damaged Shipment,Damage,High,Closed,2025-07-26 04:57:01,2025-07-28 06:28:20,2746,Carrier,Shipment flagged for damage inspection.
SHP0009796,WX,Weather Delay,Weather,High,Closed,2025-09-16 15:42:56,2025-09-18 01:35:06,1487,Carrier,Shipment delayed because of weather conditions.
SHP0009801,WX,Weather Delay,Weather,High,Closed,2025-01-15 05:18:34,2025-01-15 16:29:07,514,Carrier,Shipment delayed because of weather conditions.
SHP0009802,DAMG,Damaged Shipment,Damage,High,Closed,2025-03-01 19:58:10,2025-03-03 04:22:28,1767,Carrier,Shipment flagged for damage inspection.
SHP0009806,MECH,Equipment Failure,Mechanical,High,Closed,2025-05-18 07:30:52,2025-05-18 23:47:47,448,Carrier,Equipment failure caused an operational delay.
SHP0009807,MSCN,Missed Scan,Process,Medium,Closed,2025-06-07 06:18:46,2025-06-07 19:59:17,277,Operations,Expected scan was not captured on time.
SHP0009808,CAP,Capacity Constraint,Capacity,Medium,Closed,2025-01-25 23:48:06,2025-01-26 03:32:18,78,Carrier,Shipment delayed due to available trailer or dock capacity.
SHP0009811,WX,Weather Delay,Weather,High,Closed,2025-09-09 10:06:32,2025-09-10 04:08:07,540,Carrier,Shipment delayed because of weather conditions.
SHP0009812,DAMG,Damaged Shipment,Damage,High,Closed,2025-03-12 12:07:38,2025-03-14 15:27:13,2357,Carrier,Shipment flagged for damage inspection.
SHP0009813,MECH,Equipment Failure,Mechanical,High,Closed,2025-08-18 05:28:10,2025-08-18 15:01:53,1231,Carrier,Equipment failure caused an operational delay.
SHP0009814,WX,Weather Delay,Weather,High,Closed,2025-03-22 01:36:45,2025-03-23 04:37:51,981,Carrier,Shipment delayed because of weather conditions.
SHP0009817,MSCN,Missed Scan,Process,Medium,Closed,2025-01-26 10:34:44,2025-01-27 08:20:01,517,Operations,Expected scan was not captured on time.
SHP0009821,WX,Weather Delay,Weather,High,Open,2025-05-11 14:19:37,,973,Carrier,Shipment delayed because of weather conditions.
SHP0009825,WX,Weather Delay,Weather,High,Closed,2025-01-04 09:34:30,2025-01-04 21:55:24,1026,Carrier,Shipment delayed because of weather conditions.
SHP0009827,WX,Weather Delay,Weather,High,Closed,2025-05-21 04:18:03,2025-05-21 12:00:43,1026,Carrier,Shipment delayed because of weather conditions.
SHP0009830,DAMG,Damaged Shipment,Damage,High,Closed,2025-05-02 06:27:35,2025-05-03 23:59:23,2264,Carrier,Shipment flagged for damage inspection.
SHP0009833,WX,Weather Delay,Weather,High,Closed,2025-08-25 17:39:21,2025-08-26 15:05:31,1079,Carrier,Shipment delayed because of weather conditions.
SHP0009840,DAMG,Damaged Shipment,Damage,High,Closed,2025-03-06 16:26:16,2025-03-08 20:23:36,2482,Carrier,Shipment flagged for damage inspection.
SHP0009843,MSCN,Missed Scan,Process,Medium,Closed,2025-07-26 15:29:06,2025-07-26 19:17:14,280,Operations,Expected scan was not captured on time.
SHP0009845,ADDR,Address Issue,Address,Medium,Closed,2025-09-04 08:01:31,2025-09-05 13:00:56,1188,Customer,Delivery address requires correction or validation.
SHP0009851,DAMG,Damaged Shipment,Damage,High,Closed,2025-05-12 14:40:15,2025-05-14 20:42:39,2611,Carrier,Shipment flagged for damage inspection.
SHP0009853,WX,Weather Delay,Weather,High,Closed,2025-01-22 06:13:11,2025-01-23 02:22:19,598,Carrier,Shipment delayed because of weather conditions.
SHP0009854,CAP,Capacity Constraint,Capacity,Medium,Closed,2025-02-16 01:07:47,2025-02-17 04:03:08,781,Carrier,Shipment delayed due to available trailer or dock capacity.
SHP0009860,WX,Weather Delay,Weather,High,Closed,2025-04-23 01:39:14,2025-04-24 01:54:19,656,Carrier,Shipment delayed because of weather conditions.
SHP0009862,WX,Weather Delay,Weather,High,Closed,2025-03-13 18:16:16,2025-03-14 06:36:29,1046,Carrier,Shipment delayed because of weather conditions.
SHP0009864,WX,Weather Delay,Weather,High,Closed,2025-05-03 20:17:11,2025-05-04 19:44:20,598,Carrier,Shipment delayed because of weather conditions.
SHP0009866,DAMG,Damaged Shipment,Damage,High,Closed,2025-08-22 06:05:13,2025-08-23 06:36:26,1439,Carrier,Shipment flagged for damage inspection.
SHP0009867,WX,Weather Delay,Weather,High,Closed,2025-01-10 13:18:48,2025-01-12 00:15:54,1657,Carrier,Shipment delayed because of weather conditions.
SHP0009868,ADDR,Address Issue,Address,Medium,Closed,2025-07-28 06:03:38,2025-07-28 23:53:31,890,Customer,Delivery address requires correction or validation.
SHP0009872,WX,Weather Delay,Weather,High,Closed,2025-07-04 07:54:36,2025-07-05 02:24:41,858,Carrier,Shipment delayed because of weather conditions.
SHP0009873,WX,Weather Delay,Weather,High,Closed,2025-01-17 15:52:45,2025-01-18 07:38:22,250,Carrier,Shipment delayed because of weather conditions.
SHP0009876,DAMG,Damaged Shipment,Damage,High,Closed,2025-03-27 20:48:56,2025-03-29 11:45:42,1947,Carrier,Shipment flagged for damage inspection.
SHP0009877,ADDR,Address Issue,Address,Medium,Closed,2025-04-22 07:57:41,2025-04-23 01:58:01,435,Customer,Delivery address requires correction or validation.
SHP0009881,ADDR,Address Issue,Address,Medium,Closed,2025-04-17 04:54:32,2025-04-18 07:22:53,809,Customer,Delivery address requires correction or validation.
SHP0009887,MSCN,Missed Scan,Process,Medium,Closed,2025-08-16 17:04:18,2025-08-16 23:42:19,414,Operations,Expected scan was not captured on time.
SHP0009889,ADDR,Address Issue,Address,Medium,Closed,2025-07-01 12:30:29,2025-07-02 19:35:20,1094,Customer,Delivery address requires correction or validation.
SHP0009890,WX,Weather Delay,Weather,High,Closed,2025-07-27 01:10:24,2025-07-28 05:14:37,1455,Carrier,Shipment delayed because of weather conditions.
SHP0009891,MSCN,Missed Scan,Process,Medium,Closed,2025-08-29 00:07:46,2025-08-29 15:02:12,257,Operations,Expected scan was not captured on time.
SHP0009892,ADDR,Address Issue,Address,Medium,Closed,2025-06-24 04:10:34,2025-06-25 10:17:03,1425,Customer,Delivery address requires correction or validation.
SHP0009896,WX,Weather Delay,Weather,High,Closed,2025-07-24 21:34:41,2025-07-25 12:35:28,548,Carrier,Shipment delayed because of weather conditions.
SHP0009897,MSCN,Missed Scan,Process,Medium,Open,2025-04-01 13:20:13,,411,Operations,Expected scan was not captured on time.
SHP0009900,MSCN,Missed Scan,Process,Medium,Open,2025-08-05 17:24:51,,318,Operations,Expected scan was not captured on time.
SHP0009905,DAMG,Damaged Shipment,Damage,High,Closed,2025-03-04 20:52:40,2025-03-06 15:08:33,2327,Carrier,Shipment flagged for damage inspection.
SHP0009907,DAMG,Damaged Shipment,Damage,High,Open,2025-10-01 11:00:00,,2436,Carrier,Shipment flagged for damage inspection.
SHP0009915,MECH,Equipment Failure,Mechanical,High,Closed,2025-02-16 21:43:15,2025-02-17 06:03:14,1265,Carrier,Equipment failure caused an operational delay.
SHP0009917,MSCN,Missed Scan,Process,Medium,Open,2025-03-11 02:09:04,,278,Operations,Expected scan was not captured on time.
SHP0009920,MECH,Equipment Failure,Mechanical,High,Closed,2025-09-07 14:01:05,2025-09-08 11:08:13,913,Carrier,Equipment failure caused an operational delay.
SHP0009924,ADDR,Address Issue,Address,Medium,Closed,2025-01-27 13:33:19,2025-01-27 19:05:42,383,Customer,Delivery address requires correction or validation.
SHP0009925,MSCN,Missed Scan,Process,Medium,Closed,2025-06-09 23:39:08,2025-06-10 13:36:38,521,Operations,Expected scan was not captured on time.
SHP0009929,MECH,Equipment Failure,Mechanical,High,Closed,2025-07-14 14:17:52,2025-07-14 21:18:14,305,Carrier,Equipment failure caused an operational delay.
SHP0009932,WX,Weather Delay,Weather,High,Closed,2025-08-25 01:47:09,2025-08-26 05:35:57,1384,Carrier,Shipment delayed because of weather conditions.
SHP0009935,MSCN,Missed Scan,Process,Medium,Closed,2025-02-09 05:51:14,2025-02-09 16:52:14,272,Operations,Expected scan was not captured on time.
SHP0009941,ADDR,Address Issue,Address,Medium,Closed,2025-05-08 01:26:32,2025-05-09 01:10:57,1348,Customer,Delivery address requires correction or validation.
SHP0009942,WX,Weather Delay,Weather,High,Closed,2025-06-18 03:13:38,2025-06-18 19:39:08,264,Carrier,Shipment delayed because of weather conditions.
SHP0009947,MECH,Equipment Failure,Mechanical,High,Closed,2025-02-19 08:30:06,2025-02-19 11:56:05,243,Carrier,Equipment failure caused an operational delay.
SHP0009953,ADDR,Address Issue,Address,Medium,Closed,2025-09-29 12:31:43,2025-09-29 23:20:24,522,Customer,Delivery address requires correction or validation.
SHP0009954,WX,Weather Delay,Weather,High,Closed,2025-08-08 15:07:19,2025-08-09 18:21:43,1249,Carrier,Shipment delayed because of weather conditions.
SHP0009955,MECH,Equipment Failure,Mechanical,High,Closed,2025-07-12 12:58:57,2025-07-13 09:54:49,330,Carrier,Equipment failure caused an operational delay.
SHP0009957,MSCN,Missed Scan,Process,Medium,Closed,2025-09-21 05:17:47,2025-09-21 10:22:54,291,Operations,Expected scan was not captured on time.
SHP0009961,MSCN,Missed Scan,Process,Medium,Closed,2025-04-14 00:52:04,2025-04-14 16:16:56,232,Operations,Expected scan was not captured on time.
SHP0009964,CAP,Capacity Constraint,Capacity,Medium,Closed,2025-09-04 13:16:33,2025-09-04 17:28:53,190,Carrier,Shipment delayed due to available trailer or dock capacity.
SHP0009967,ADDR,Address Issue,Address,Medium,Open,2025-03-18 23:11:27,,619,Customer,Delivery address requires correction or validation.
SHP0009970,MSCN,Missed Scan,Process,Medium,Open,2025-05-11 00:25:28,,310,Operations,Expected scan was not captured on time.
SHP0009971,MECH,Equipment Failure,Mechanical,High,Closed,2025-02-05 16:35:36,2025-02-06 21:04:59,1036,Carrier,Equipment failure caused an operational delay.
SHP0009975,WX,Weather Delay,Weather,High,Closed,2025-06-21 17:46:39,2025-06-23 02:41:51,1623,Carrier,Shipment delayed because of weather conditions.
SHP0009978,MSCN,Missed Scan,Process,Medium,Closed,2025-02-02 09:40:13,2025-02-03 04:40:29,370,Operations,Expected scan was not captured on time.
SHP0009980,MSCN,Missed Scan,Process,Medium,Closed,2025-05-15 19:15:14,2025-05-16 01:51:23,367,Operations,Expected scan was not captured on time.
SHP0009989,MSCN,Missed Scan,Process,Medium,Closed,2025-05-05 10:24:28,2025-05-05 15:27:51,416,Operations,Expected scan was not captured on time.
SHP0009992,MECH,Equipment Failure,Mechanical,High,Closed,2025-02-22 17:43:26,2025-02-23 12:36:33,924,Carrier,Equipment failure caused an operational delay.
SHP0009994,ADDR,Address Issue,Address,Medium,Closed,2025-09-30 10:36:27,2025-09-30 20:52:39,324,Customer,Delivery address requires correction or validation.
SHP0009997,MSCN,Missed Scan,Process,Medium,Closed,2025-08-25 18:11:00,2025-08-26 01:02:32,39,Operations,Expected scan was not captured on time.
SHP0009998,CAP,Capacity Constraint,Capacity,Medium,Closed,2025-05-12 02:00:54,2025-05-12 17:24:26,653,Carrier,Shipment delayed due to available trailer or dock capacity.
